<?xml version="1.0"?>
<gpx version="1.1" creator="GDAL 3.11.3" xmlns:xsi="http://www.w3.org/2001/XMLSchema-instance" xmlns="http://www.topografix.com/GPX/1/1" xsi:schemaLocation="http://www.topografix.com/GPX/1/1 http://www.topografix.com/GPX/1/1/gpx.xsd">
<metadata>
<bounds minlat="-14.027999877929688" minlon="31.740964339838179" maxlat="-13.109823226928711" maxlon="33.756314366934163"/>                                     
</metadata>
<trk>
  <name>Lilongwe-RobinsHouse</name>
  <trkseg>
    <trkpt lat="-13.702076798594556" lon="32.732076179514038">
        <ele>1200.958280657393061</ele>
    </trkpt>
    <trkpt lat="-13.701956748962402" lon="32.732109069824219">
        <ele>1201.0</ele>
    </trkpt>
    <trkpt lat="-13.701839447021484" lon="32.732044219970703">
        <ele>1200.7</ele>
    </trkpt>
    <trkpt lat="-13.701723098754883" lon="32.731849670410156">
        <ele>1202.0</ele>
    </trkpt>
    <trkpt lat="-13.701577186584473" lon="32.731502532958984">
        <ele>1201.7</ele>
    </trkpt>
    <trkpt lat="-13.701494216918945" lon="32.731319427490234">
        <ele>1200.7</ele>
    </trkpt>
    <trkpt lat="-13.701471328735352" lon="32.731258392333984">
        <ele>1199.3</ele>
    </trkpt>
    <trkpt lat="-13.70143985748291" lon="32.731197357177734">
        <ele>1198.3</ele>
    </trkpt>
    <trkpt lat="-13.701389312744141" lon="32.731105804443359">
        <ele>1198.4</ele>
    </trkpt>
    <trkpt lat="-13.701352119445801" lon="32.731044769287109">
        <ele>1198.2</ele>
    </trkpt>
    <trkpt lat="-13.701237678527832" lon="32.730770111083984">
        <ele>1198.4</ele>
    </trkpt>
    <trkpt lat="-13.701019287109375" lon="32.730300903320312">
        <ele>1198.8</ele>
    </trkpt>
    <trkpt lat="-13.700726509094238" lon="32.729640960693359">
        <ele>1197.7</ele>
    </trkpt>
    <trkpt lat="-13.700380325317383" lon="32.728858947753906">
        <ele>1197.7</ele>
    </trkpt>
    <trkpt lat="-13.699984550476074" lon="32.72796630859375">
        <ele>1197.9</ele>
    </trkpt>
    <trkpt lat="-13.699572563171387" lon="32.727062225341797">
        <ele>1197.9</ele>
    </trkpt>
    <trkpt lat="-13.699176788330078" lon="32.726173400878906">
        <ele>1198.5</ele>
    </trkpt>
    <trkpt lat="-13.698748588562012" lon="32.725223541259766">
        <ele>1197.0</ele>
    </trkpt>
    <trkpt lat="-13.698296546936035" lon="32.724216461181641">
        <ele>1192.8</ele>
    </trkpt>
    <trkpt lat="-13.697818756103516" lon="32.723155975341797">
        <ele>1189.1</ele>
    </trkpt>
    <trkpt lat="-13.697338104248047" lon="32.722091674804688">
        <ele>1185.3</ele>
    </trkpt>
    <trkpt lat="-13.696876525878906" lon="32.721054077148438">
        <ele>1181.0</ele>
    </trkpt>
    <trkpt lat="-13.696395874023438" lon="32.719985961914062">
        <ele>1177.0</ele>
    </trkpt>
    <trkpt lat="-13.695883750915527" lon="32.718856811523438">
        <ele>1172.1</ele>
    </trkpt>
    <trkpt lat="-13.69536304473877" lon="32.717723846435547">
        <ele>1167.3</ele>
    </trkpt>
    <trkpt lat="-13.694863319396973" lon="32.716583251953125">
        <ele>1162.3</ele>
    </trkpt>
    <trkpt lat="-13.694337844848633" lon="32.715461730957031">
        <ele>1158.8</ele>
    </trkpt>
    <trkpt lat="-13.693608283996582" lon="32.714443206787109">
        <ele>1158.9</ele>
    </trkpt>
    <trkpt lat="-13.692696571350098" lon="32.713558197021484">
        <ele>1161.0</ele>
    </trkpt>
    <trkpt lat="-13.691814422607422" lon="32.712677001953125">
        <ele>1160.1</ele>
    </trkpt>
    <trkpt lat="-13.69092845916748" lon="32.711803436279297">
        <ele>1158.0</ele>
    </trkpt>
    <trkpt lat="-13.690102577209473" lon="32.710849761962891">
        <ele>1158.1</ele>
    </trkpt>
    <trkpt lat="-13.689532279968262" lon="32.709640502929688">
        <ele>1160.8</ele>
    </trkpt>
    <trkpt lat="-13.689013481140137" lon="32.708415985107422">
        <ele>1162.9</ele>
    </trkpt>
    <trkpt lat="-13.688495635986328" lon="32.70721435546875">
        <ele>1166.0</ele>
    </trkpt>
    <trkpt lat="-13.688004493713379" lon="32.706062316894531">
        <ele>1167.8</ele>
    </trkpt>
    <trkpt lat="-13.687538146972656" lon="32.704963684082031">
        <ele>1169.9</ele>
    </trkpt>
    <trkpt lat="-13.687074661254883" lon="32.703868865966797">
        <ele>1169.2</ele>
    </trkpt>
    <trkpt lat="-13.686593055725098" lon="32.702735900878906">
        <ele>1166.7</ele>
    </trkpt>
    <trkpt lat="-13.686101913452148" lon="32.701568603515625">
        <ele>1163.2</ele>
    </trkpt>
    <trkpt lat="-13.685593605041504" lon="32.700355529785156">
        <ele>1158.9</ele>
    </trkpt>
    <trkpt lat="-13.68503475189209" lon="32.699066162109375">
        <ele>1154.7</ele>
    </trkpt>
    <trkpt lat="-13.684490203857422" lon="32.697780609130859">
        <ele>1151.8</ele>
    </trkpt>
    <trkpt lat="-13.683979034423828" lon="32.696567535400391">
        <ele>1149.7</ele>
    </trkpt>
    <trkpt lat="-13.683503150939941" lon="32.695457458496094">
        <ele>1146.6</ele>
    </trkpt>
    <trkpt lat="-13.683004379272461" lon="32.694385528564453">
        <ele>1144.7</ele>
    </trkpt>
    <trkpt lat="-13.682332992553711" lon="32.693462371826172">
        <ele>1140.8</ele>
    </trkpt>
    <trkpt lat="-13.681637763977051" lon="32.692562103271484">
        <ele>1136.9</ele>
    </trkpt>
    <trkpt lat="-13.681086540222168" lon="32.691581726074219">
        <ele>1132.8</ele>
    </trkpt>
    <trkpt lat="-13.680806159973145" lon="32.690448760986328">
        <ele>1133.3</ele>
    </trkpt>
    <trkpt lat="-13.680593490600586" lon="32.689346313476562">
        <ele>1136.5</ele>
    </trkpt>
    <trkpt lat="-13.680377006530762" lon="32.688278198242188">
        <ele>1138.0</ele>
    </trkpt>
    <trkpt lat="-13.680174827575684" lon="32.687252044677734">
        <ele>1136.8</ele>
    </trkpt>
    <trkpt lat="-13.679964065551758" lon="32.686214447021484">
        <ele>1134.1</ele>
    </trkpt>
    <trkpt lat="-13.679774284362793" lon="32.685192108154297">
        <ele>1130.3</ele>
    </trkpt>
    <trkpt lat="-13.679656982421875" lon="32.684608459472656">
        <ele>1127.9</ele>
    </trkpt>
    <trkpt lat="-13.679520606994629" lon="32.683906555175781">
        <ele>1126.6</ele>
    </trkpt>
    <trkpt lat="-13.67937183380127" lon="32.683300018310547">
        <ele>1124.5</ele>
    </trkpt>
    <trkpt lat="-13.679062843322754" lon="32.682582855224609">
        <ele>1120.2</ele>
    </trkpt>
    <trkpt lat="-13.678641319274902" lon="32.6820068359375">
        <ele>1115.4</ele>
    </trkpt>
    <trkpt lat="-13.678069114685059" lon="32.681468963623047">
        <ele>1110.4</ele>
    </trkpt>
    <trkpt lat="-13.677365303039551" lon="32.681018829345703">
        <ele>1106.8</ele>
    </trkpt>
    <trkpt lat="-13.676594734191895" lon="32.6805419921875">
        <ele>1106.2</ele>
    </trkpt>
    <trkpt lat="-13.675845146179199" lon="32.680004119873047">
        <ele>1108.3</ele>
    </trkpt>
    <trkpt lat="-13.675262451171875" lon="32.679275512695312">
        <ele>1113.4</ele>
    </trkpt>
    <trkpt lat="-13.674755096435547" lon="32.678524017333984">
        <ele>1117.9</ele>
    </trkpt>
    <trkpt lat="-13.674418449401855" lon="32.678024291992188">
        <ele>1121.1</ele>
    </trkpt>
    <trkpt lat="-13.673974990844727" lon="32.677375793457031">
        <ele>1124.0</ele>
    </trkpt>
    <trkpt lat="-13.673439025878906" lon="32.676597595214844">
        <ele>1127.0</ele>
    </trkpt>
    <trkpt lat="-13.672842025756836" lon="32.675716400146484">
        <ele>1128.8</ele>
    </trkpt>
    <trkpt lat="-13.672221183776855" lon="32.6748046875">
        <ele>1130.6</ele>
    </trkpt>
    <trkpt lat="-13.671606063842773" lon="32.673904418945312">
        <ele>1132.2</ele>
    </trkpt>
    <trkpt lat="-13.671072006225586" lon="32.673122406005859">
        <ele>1134.2</ele>
    </trkpt>
    <trkpt lat="-13.670595169067383" lon="32.672416687011719">
        <ele>1135.6</ele>
    </trkpt>
    <trkpt lat="-13.670168876647949" lon="32.671726226806641">
        <ele>1135.9</ele>
    </trkpt>
    <trkpt lat="-13.669754028320312" lon="32.6710205078125">
        <ele>1135.5</ele>
    </trkpt>
    <trkpt lat="-13.669373512268066" lon="32.670307159423828">
        <ele>1133.9</ele>
    </trkpt>
    <trkpt lat="-13.668997764587402" lon="32.669536590576172">
        <ele>1131.4</ele>
    </trkpt>
    <trkpt lat="-13.668609619140625" lon="32.668708801269531">
        <ele>1128.9</ele>
    </trkpt>
    <trkpt lat="-13.668210029602051" lon="32.667861938476562">
        <ele>1129.9</ele>
    </trkpt>
    <trkpt lat="-13.667835235595703" lon="32.667057037353516">
        <ele>1132.0</ele>
    </trkpt>
    <trkpt lat="-13.667430877685547" lon="32.666213989257812">
        <ele>1133.5</ele>
    </trkpt>
    <trkpt lat="-13.666950225830078" lon="32.665351867675781">
        <ele>1135.1</ele>
    </trkpt>
    <trkpt lat="-13.666475296020508" lon="32.664588928222656">
        <ele>1136.9</ele>
    </trkpt>
    <trkpt lat="-13.666019439697266" lon="32.663856506347656">
        <ele>1139.3</ele>
    </trkpt>
    <trkpt lat="-13.665615081787109" lon="32.663211822509766">
        <ele>1140.5</ele>
    </trkpt>
    <trkpt lat="-13.665260314941406" lon="32.662651062011719">
        <ele>1142.0</ele>
    </trkpt>
    <trkpt lat="-13.664864540100098" lon="32.662017822265625">
        <ele>1143.0</ele>
    </trkpt>
    <trkpt lat="-13.664545059204102" lon="32.661483764648438">
        <ele>1142.8</ele>
    </trkpt>
    <trkpt lat="-13.664163589477539" lon="32.660877227783203">
        <ele>1142.1</ele>
    </trkpt>
    <trkpt lat="-13.663827896118164" lon="32.660366058349609">
        <ele>1142.3</ele>
    </trkpt>
    <trkpt lat="-13.663455963134766" lon="32.659881591796875">
        <ele>1142.8</ele>
    </trkpt>
    <trkpt lat="-13.663067817687988" lon="32.659439086914062">
        <ele>1144.2</ele>
    </trkpt>
    <trkpt lat="-13.662628173828125" lon="32.659019470214844">
        <ele>1145.2</ele>
    </trkpt>
    <trkpt lat="-13.662150382995605" lon="32.658584594726562">
        <ele>1146.7</ele>
    </trkpt>
    <trkpt lat="-13.661576271057129" lon="32.658061981201172">
        <ele>1147.6</ele>
    </trkpt>
    <trkpt lat="-13.6611328125" lon="32.657649993896484">
        <ele>1147.8</ele>
    </trkpt>
    <trkpt lat="-13.660713195800781" lon="32.657260894775391">
        <ele>1147.7</ele>
    </trkpt>
    <trkpt lat="-13.660300254821777" lon="32.656879425048828">
        <ele>1147.8</ele>
    </trkpt>
    <trkpt lat="-13.659746170043945" lon="32.656394958496094">
        <ele>1148.2</ele>
    </trkpt>
    <trkpt lat="-13.659150123596191" lon="32.655818939208984">
        <ele>1148.8</ele>
    </trkpt>
    <trkpt lat="-13.658553123474121" lon="32.6552734375">
        <ele>1147.9</ele>
    </trkpt>
    <trkpt lat="-13.657988548278809" lon="32.654750823974609">
        <ele>1146.3</ele>
    </trkpt>
    <trkpt lat="-13.657422065734863" lon="32.654247283935547">
        <ele>1146.9</ele>
    </trkpt>
    <trkpt lat="-13.656802177429199" lon="32.653835296630859">
        <ele>1150.0</ele>
    </trkpt>
    <trkpt lat="-13.656185150146484" lon="32.653568267822266">
        <ele>1152.3</ele>
    </trkpt>
    <trkpt lat="-13.65565299987793" lon="32.653385162353516">
        <ele>1154.6</ele>
    </trkpt>
    <trkpt lat="-13.654941558837891" lon="32.653152465820312">
        <ele>1157.9</ele>
    </trkpt>
    <trkpt lat="-13.654118537902832" lon="32.652820587158203">
        <ele>1160.4</ele>
    </trkpt>
    <trkpt lat="-13.653273582458496" lon="32.652458190917969">
        <ele>1161.3</ele>
    </trkpt>
    <trkpt lat="-13.652412414550781" lon="32.652076721191406">
        <ele>1162.7</ele>
    </trkpt>
    <trkpt lat="-13.651598930358887" lon="32.651653289794922">
        <ele>1164.0</ele>
    </trkpt>
    <trkpt lat="-13.650861740112305" lon="32.651165008544922">
        <ele>1163.7</ele>
    </trkpt>
    <trkpt lat="-13.650168418884277" lon="32.65057373046875">
        <ele>1161.1</ele>
    </trkpt>
    <trkpt lat="-13.64970874786377" lon="32.65008544921875">
        <ele>1158.6</ele>
    </trkpt>
    <trkpt lat="-13.649276733398438" lon="32.649555206298828">
        <ele>1155.8</ele>
    </trkpt>
    <trkpt lat="-13.648815155029297" lon="32.648929595947266">
        <ele>1152.3</ele>
    </trkpt>
    <trkpt lat="-13.648397445678711" lon="32.648468017578125">
        <ele>1149.4</ele>
    </trkpt>
    <trkpt lat="-13.647933006286621" lon="32.648162841796875">
        <ele>1147.6</ele>
    </trkpt>
    <trkpt lat="-13.64737606048584" lon="32.647975921630859">
        <ele>1146.2</ele>
    </trkpt>
    <trkpt lat="-13.646702766418457" lon="32.647769927978516">
        <ele>1145.4</ele>
    </trkpt>
    <trkpt lat="-13.646004676818848" lon="32.647567749023438">
        <ele>1144.6</ele>
    </trkpt>
    <trkpt lat="-13.645402908325195" lon="32.647403717041016">
        <ele>1144.0</ele>
    </trkpt>
    <trkpt lat="-13.644949913024902" lon="32.647281646728516">
        <ele>1142.8</ele>
    </trkpt>
    <trkpt lat="-13.644519805908203" lon="32.647159576416016">
        <ele>1142.6</ele>
    </trkpt>
    <trkpt lat="-13.64403247833252" lon="32.647026062011719">
        <ele>1142.5</ele>
    </trkpt>
    <trkpt lat="-13.643503189086914" lon="32.646877288818359">
        <ele>1142.2</ele>
    </trkpt>
    <trkpt lat="-13.643011093139648" lon="32.646736145019531">
        <ele>1143.1</ele>
    </trkpt>
    <trkpt lat="-13.642548561096191" lon="32.6466064453125">
        <ele>1143.9</ele>
    </trkpt>
    <trkpt lat="-13.642157554626465" lon="32.646492004394531">
        <ele>1144.0</ele>
    </trkpt>
    <trkpt lat="-13.641833305358887" lon="32.646408081054688">
        <ele>1145.0</ele>
    </trkpt>
    <trkpt lat="-13.64145565032959" lon="32.64630126953125">
        <ele>1145.9</ele>
    </trkpt>
    <trkpt lat="-13.641225814819336" lon="32.646236419677734">
        <ele>1146.6</ele>
    </trkpt>
    <trkpt lat="-13.64107608795166" lon="32.646194458007812">
        <ele>1147.2</ele>
    </trkpt>
    <trkpt lat="-13.641033172607422" lon="32.646183013916016">
        <ele>1147.2</ele>
    </trkpt>
    <trkpt lat="-13.640911102294922" lon="32.646144866943359">
        <ele>1147.7</ele>
    </trkpt>
    <trkpt lat="-13.640695571899414" lon="32.646068572998047">
        <ele>1147.7</ele>
    </trkpt>
    <trkpt lat="-13.640460968017578" lon="32.645992279052734">
        <ele>1147.3</ele>
    </trkpt>
    <trkpt lat="-13.640393257141113" lon="32.645961761474609">
        <ele>1147.5</ele>
    </trkpt>
    <trkpt lat="-13.64008903503418" lon="32.645889282226562">
        <ele>1147.7</ele>
    </trkpt>
    <trkpt lat="-13.639817237854004" lon="32.645816802978516">
        <ele>1148.4</ele>
    </trkpt>
    <trkpt lat="-13.639636993408203" lon="32.645771026611328">
        <ele>1148.4</ele>
    </trkpt>
    <trkpt lat="-13.639340400695801" lon="32.64569091796875">
        <ele>1149.3</ele>
    </trkpt>
    <trkpt lat="-13.639063835144043" lon="32.645561218261719">
        <ele>1150.4</ele>
    </trkpt>
    <trkpt lat="-13.638857841491699" lon="32.645416259765625">
        <ele>1149.6</ele>
    </trkpt>
    <trkpt lat="-13.63853645324707" lon="32.645099639892578">
        <ele>1148.5</ele>
    </trkpt>
    <trkpt lat="-13.638285636901855" lon="32.644596099853516">
        <ele>1146.3</ele>
    </trkpt>
    <trkpt lat="-13.638088226318359" lon="32.643966674804688">
        <ele>1144.6</ele>
    </trkpt>
    <trkpt lat="-13.637887954711914" lon="32.643299102783203">
        <ele>1143.5</ele>
    </trkpt>
    <trkpt lat="-13.637750625610352" lon="32.642604827880859">
        <ele>1141.1</ele>
    </trkpt>
    <trkpt lat="-13.63764762878418" lon="32.642032623291016">
        <ele>1139.1</ele>
    </trkpt>
    <trkpt lat="-13.637487411499023" lon="32.641551971435547">
        <ele>1135.6</ele>
    </trkpt>
    <trkpt lat="-13.637260437011719" lon="32.641105651855469">
        <ele>1132.7</ele>
    </trkpt>
    <trkpt lat="-13.637029647827148" lon="32.640735626220703">
        <ele>1130.9</ele>
    </trkpt>
    <trkpt lat="-13.637004852294922" lon="32.640682220458984">
        <ele>1130.1</ele>
    </trkpt>
    <trkpt lat="-13.636820793151855" lon="32.640369415283203">
        <ele>1130.8</ele>
    </trkpt>
    <trkpt lat="-13.636544227600098" lon="32.639915466308594">
        <ele>1129.2</ele>
    </trkpt>
    <trkpt lat="-13.636277198791504" lon="32.639476776123047">
        <ele>1127.7</ele>
    </trkpt>
    <trkpt lat="-13.636114120483398" lon="32.639194488525391">
        <ele>1127.6</ele>
    </trkpt>
    <trkpt lat="-13.635880470275879" lon="32.638797760009766">
        <ele>1127.4</ele>
    </trkpt>
    <trkpt lat="-13.635622024536133" lon="32.638370513916016">
        <ele>1128.9</ele>
    </trkpt>
    <trkpt lat="-13.635322570800781" lon="32.63787841796875">
        <ele>1129.9</ele>
    </trkpt>
    <trkpt lat="-13.635044097900391" lon="32.637367248535156">
        <ele>1129.6</ele>
    </trkpt>
    <trkpt lat="-13.634792327880859" lon="32.636825561523438">
        <ele>1129.6</ele>
    </trkpt>
    <trkpt lat="-13.634565353393555" lon="32.636249542236328">
        <ele>1129.4</ele>
    </trkpt>
    <trkpt lat="-13.634369850158691" lon="32.635746002197266">
        <ele>1128.3</ele>
    </trkpt>
    <trkpt lat="-13.634200096130371" lon="32.635280609130859">
        <ele>1128.5</ele>
    </trkpt>
    <trkpt lat="-13.633997917175293" lon="32.634742736816406">
        <ele>1127.3</ele>
    </trkpt>
    <trkpt lat="-13.633773803710938" lon="32.634170532226562">
        <ele>1128.5</ele>
    </trkpt>
    <trkpt lat="-13.633564949035645" lon="32.633598327636719">
        <ele>1129.5</ele>
    </trkpt>
    <trkpt lat="-13.633382797241211" lon="32.633056640625">
        <ele>1129.8</ele>
    </trkpt>
    <trkpt lat="-13.633241653442383" lon="32.632640838623047">
        <ele>1129.6</ele>
    </trkpt>
    <trkpt lat="-13.633096694946289" lon="32.632240295410156">
        <ele>1128.7</ele>
    </trkpt>
    <trkpt lat="-13.63294506072998" lon="32.63177490234375">
        <ele>1126.8</ele>
    </trkpt>
    <trkpt lat="-13.632782936096191" lon="32.63128662109375">
        <ele>1125.1</ele>
    </trkpt>
    <trkpt lat="-13.632598876953125" lon="32.630767822265625">
        <ele>1123.0</ele>
    </trkpt>
    <trkpt lat="-13.632417678833008" lon="32.630218505859375">
        <ele>1121.4</ele>
    </trkpt>
    <trkpt lat="-13.632240295410156" lon="32.629680633544922">
        <ele>1120.5</ele>
    </trkpt>
    <trkpt lat="-13.632086753845215" lon="32.629234313964844">
        <ele>1119.9</ele>
    </trkpt>
    <trkpt lat="-13.631937026977539" lon="32.6287841796875">
        <ele>1120.6</ele>
    </trkpt>
    <trkpt lat="-13.631796836853027" lon="32.628326416015625">
        <ele>1120.5</ele>
    </trkpt>
    <trkpt lat="-13.631609916687012" lon="32.627815246582031">
        <ele>1120.5</ele>
    </trkpt>
    <trkpt lat="-13.631402969360352" lon="32.627178192138672">
        <ele>1119.9</ele>
    </trkpt>
    <trkpt lat="-13.631194114685059" lon="32.626560211181641">
        <ele>1118.7</ele>
    </trkpt>
    <trkpt lat="-13.631014823913574" lon="32.626033782958984">
        <ele>1116.5</ele>
    </trkpt>
    <trkpt lat="-13.630922317504883" lon="32.625789642333984">
        <ele>1115.2</ele>
    </trkpt>
    <trkpt lat="-13.630752563476562" lon="32.625724792480469">
        <ele>1116.1</ele>
    </trkpt>
    <trkpt lat="-13.630411148071289" lon="32.625804901123047">
        <ele>1114.8</ele>
    </trkpt>
    <trkpt lat="-13.630025863647461" lon="32.625762939453125">
        <ele>1113.2</ele>
    </trkpt>
    <trkpt lat="-13.629733085632324" lon="32.625728607177734">
        <ele>1112.6</ele>
    </trkpt>
    <trkpt lat="-13.629482269287109" lon="32.625682830810547">
        <ele>1112.0</ele>
    </trkpt>
    <trkpt lat="-13.629287719726562" lon="32.625637054443359">
        <ele>1111.6</ele>
    </trkpt>
    <trkpt lat="-13.628860473632812" lon="32.625480651855469">
        <ele>1109.5</ele>
    </trkpt>
    <trkpt lat="-13.628288269042969" lon="32.625186920166016">
        <ele>1107.9</ele>
    </trkpt>
    <trkpt lat="-13.627686500549316" lon="32.62481689453125">
        <ele>1105.9</ele>
    </trkpt>
    <trkpt lat="-13.627038955688477" lon="32.624416351318359">
        <ele>1104.1</ele>
    </trkpt>
    <trkpt lat="-13.626363754272461" lon="32.623996734619141">
        <ele>1101.1</ele>
    </trkpt>
    <trkpt lat="-13.625674247741699" lon="32.623584747314453">
        <ele>1098.5</ele>
    </trkpt>
    <trkpt lat="-13.624984741210938" lon="32.623142242431641">
        <ele>1097.7</ele>
    </trkpt>
    <trkpt lat="-13.624241828918457" lon="32.622673034667969">
        <ele>1095.3</ele>
    </trkpt>
    <trkpt lat="-13.623451232910156" lon="32.622165679931641">
        <ele>1092.7</ele>
    </trkpt>
    <trkpt lat="-13.622660636901855" lon="32.621658325195312">
        <ele>1090.2</ele>
    </trkpt>
    <trkpt lat="-13.621883392333984" lon="32.621150970458984">
        <ele>1087.5</ele>
    </trkpt>
    <trkpt lat="-13.621084213256836" lon="32.620639801025391">
        <ele>1086.4</ele>
    </trkpt>
    <trkpt lat="-13.620280265808105" lon="32.620124816894531">
        <ele>1086.2</ele>
    </trkpt>
    <trkpt lat="-13.61943244934082" lon="32.619602203369141">
        <ele>1086.2</ele>
    </trkpt>
    <trkpt lat="-13.618623733520508" lon="32.619056701660156">
        <ele>1086.4</ele>
    </trkpt>
    <trkpt lat="-13.617907524108887" lon="32.618503570556641">
        <ele>1086.9</ele>
    </trkpt>
    <trkpt lat="-13.617247581481934" lon="32.61798095703125">
        <ele>1087.2</ele>
    </trkpt>
    <trkpt lat="-13.616615295410156" lon="32.617462158203125">
        <ele>1087.1</ele>
    </trkpt>
    <trkpt lat="-13.615967750549316" lon="32.616928100585938">
        <ele>1085.2</ele>
    </trkpt>
    <trkpt lat="-13.615299224853516" lon="32.616378784179688">
        <ele>1084.3</ele>
    </trkpt>
    <trkpt lat="-13.614618301391602" lon="32.615840911865234">
        <ele>1083.7</ele>
    </trkpt>
    <trkpt lat="-13.613959312438965" lon="32.615303039550781">
        <ele>1081.7</ele>
    </trkpt>
    <trkpt lat="-13.613272666931152" lon="32.614742279052734">
        <ele>1081.1</ele>
    </trkpt>
    <trkpt lat="-13.61257266998291" lon="32.614151000976562">
        <ele>1078.7</ele>
    </trkpt>
    <trkpt lat="-13.611813545227051" lon="32.613574981689453">
        <ele>1077.0</ele>
    </trkpt>
    <trkpt lat="-13.611043930053711" lon="32.613010406494141">
        <ele>1075.5</ele>
    </trkpt>
    <trkpt lat="-13.610259056091309" lon="32.612472534179688">
        <ele>1075.0</ele>
    </trkpt>
    <trkpt lat="-13.609457969665527" lon="32.611942291259766">
        <ele>1074.6</ele>
    </trkpt>
    <trkpt lat="-13.608664512634277" lon="32.611427307128906">
        <ele>1074.4</ele>
    </trkpt>
    <trkpt lat="-13.607778549194336" lon="32.610832214355469">
        <ele>1073.5</ele>
    </trkpt>
    <trkpt lat="-13.606890678405762" lon="32.610233306884766">
        <ele>1073.7</ele>
    </trkpt>
    <trkpt lat="-13.60608959197998" lon="32.609661102294922">
        <ele>1075.4</ele>
    </trkpt>
    <trkpt lat="-13.605373382568359" lon="32.609100341796875">
        <ele>1078.8</ele>
    </trkpt>
    <trkpt lat="-13.604757308959961" lon="32.608482360839844">
        <ele>1079.8</ele>
    </trkpt>
    <trkpt lat="-13.60417366027832" lon="32.607772827148438">
        <ele>1078.4</ele>
    </trkpt>
    <trkpt lat="-13.603672981262207" lon="32.607124328613281">
        <ele>1074.9</ele>
    </trkpt>
    <trkpt lat="-13.603048324584961" lon="32.606632232666016">
        <ele>1071.0</ele>
    </trkpt>
    <trkpt lat="-13.602351188659668" lon="32.606300354003906">
        <ele>1067.1</ele>
    </trkpt>
    <trkpt lat="-13.601593017578125" lon="32.60595703125">
        <ele>1066.0</ele>
    </trkpt>
    <trkpt lat="-13.600785255432129" lon="32.605583190917969">
        <ele>1065.7</ele>
    </trkpt>
    <trkpt lat="-13.600069999694824" lon="32.605255126953125">
        <ele>1064.5</ele>
    </trkpt>
    <trkpt lat="-13.599345207214355" lon="32.604923248291016">
        <ele>1062.3</ele>
    </trkpt>
    <trkpt lat="-13.598625183105469" lon="32.604572296142578">
        <ele>1061.2</ele>
    </trkpt>
    <trkpt lat="-13.597942352294922" lon="32.604106903076172">
        <ele>1058.9</ele>
    </trkpt>
    <trkpt lat="-13.597292900085449" lon="32.603435516357422">
        <ele>1058.4</ele>
    </trkpt>
    <trkpt lat="-13.596607208251953" lon="32.602787017822266">
        <ele>1056.8</ele>
    </trkpt>
    <trkpt lat="-13.595833778381348" lon="32.602260589599609">
        <ele>1054.2</ele>
    </trkpt>
    <trkpt lat="-13.595047950744629" lon="32.601734161376953">
        <ele>1051.9</ele>
    </trkpt>
    <trkpt lat="-13.594235420227051" lon="32.601276397705078">
        <ele>1050.7</ele>
    </trkpt>
    <trkpt lat="-13.593386650085449" lon="32.601116180419922">
        <ele>1050.9</ele>
    </trkpt>
    <trkpt lat="-13.592473030090332" lon="32.601230621337891">
        <ele>1050.9</ele>
    </trkpt>
    <trkpt lat="-13.591554641723633" lon="32.601421356201172">
        <ele>1048.7</ele>
    </trkpt>
    <trkpt lat="-13.590630531311035" lon="32.601425170898438">
        <ele>1049.0</ele>
    </trkpt>
    <trkpt lat="-13.589691162109375" lon="32.601276397705078">
        <ele>1048.2</ele>
    </trkpt>
    <trkpt lat="-13.588778495788574" lon="32.601108551025391">
        <ele>1046.4</ele>
    </trkpt>
    <trkpt lat="-13.587903022766113" lon="32.600898742675781">
        <ele>1045.3</ele>
    </trkpt>
    <trkpt lat="-13.587143898010254" lon="32.60064697265625">
        <ele>1044.6</ele>
    </trkpt>
    <trkpt lat="-13.586483955383301" lon="32.600414276123047">
        <ele>1042.9</ele>
    </trkpt>
    <trkpt lat="-13.585811614990234" lon="32.600177764892578">
        <ele>1040.1</ele>
    </trkpt>
    <trkpt lat="-13.585136413574219" lon="32.599929809570312">
        <ele>1038.5</ele>
    </trkpt>
    <trkpt lat="-13.58449649810791" lon="32.599700927734375">
        <ele>1038.6</ele>
    </trkpt>
    <trkpt lat="-13.583885192871094" lon="32.599491119384766">
        <ele>1039.8</ele>
    </trkpt>
    <trkpt lat="-13.583272933959961" lon="32.599308013916016">
        <ele>1040.4</ele>
    </trkpt>
    <trkpt lat="-13.582603454589844" lon="32.599174499511719">
        <ele>1038.3</ele>
    </trkpt>
    <trkpt lat="-13.581704139709473" lon="32.599052429199219">
        <ele>1036.5</ele>
    </trkpt>
    <trkpt lat="-13.580948829650879" lon="32.598926544189453">
        <ele>1037.3</ele>
    </trkpt>
    <trkpt lat="-13.580265045166016" lon="32.598838806152344">
        <ele>1036.9</ele>
    </trkpt>
    <trkpt lat="-13.579581260681152" lon="32.598747253417969">
        <ele>1038.9</ele>
    </trkpt>
    <trkpt lat="-13.578886032104492" lon="32.598655700683594">
        <ele>1038.7</ele>
    </trkpt>
    <trkpt lat="-13.578218460083008" lon="32.598583221435547">
        <ele>1039.5</ele>
    </trkpt>
    <trkpt lat="-13.577539443969727" lon="32.598476409912109">
        <ele>1040.3</ele>
    </trkpt>
    <trkpt lat="-13.576812744140625" lon="32.598400115966797">
        <ele>1038.9</ele>
    </trkpt>
    <trkpt lat="-13.575674057006836" lon="32.598239898681641">
        <ele>1036.1</ele>
    </trkpt>
    <trkpt lat="-13.57441520690918" lon="32.598045349121094">
        <ele>1033.9</ele>
    </trkpt>
    <trkpt lat="-13.573370933532715" lon="32.597553253173828">
        <ele>1032.3</ele>
    </trkpt>
    <trkpt lat="-13.572660446166992" lon="32.596767425537109">
        <ele>1028.2</ele>
    </trkpt>
    <trkpt lat="-13.572175025939941" lon="32.595867156982422">
        <ele>1024.5</ele>
    </trkpt>
    <trkpt lat="-13.571688652038574" lon="32.594985961914062">
        <ele>1019.4</ele>
    </trkpt>
    <trkpt lat="-13.57097053527832" lon="32.594284057617188">
        <ele>1016.3</ele>
    </trkpt>
    <trkpt lat="-13.57009220123291" lon="32.593875885009766">
        <ele>1015.9</ele>
    </trkpt>
    <trkpt lat="-13.569191932678223" lon="32.593784332275391">
        <ele>1016.3</ele>
    </trkpt>
    <trkpt lat="-13.568202018737793" lon="32.593986511230469">
        <ele>1013.1</ele>
    </trkpt>
    <trkpt lat="-13.56706428527832" lon="32.594234466552734">
        <ele>1012.0</ele>
    </trkpt>
    <trkpt lat="-13.565924644470215" lon="32.594337463378906">
        <ele>1012.1</ele>
    </trkpt>
    <trkpt lat="-13.564849853515625" lon="32.594245910644531">
        <ele>1012.0</ele>
    </trkpt>
    <trkpt lat="-13.56383228302002" lon="32.5941162109375">
        <ele>1012.3</ele>
    </trkpt>
    <trkpt lat="-13.562771797180176" lon="32.593994140625">
        <ele>1012.6</ele>
    </trkpt>
    <trkpt lat="-13.561653137207031" lon="32.593891143798828">
        <ele>1012.8</ele>
    </trkpt>
    <trkpt lat="-13.560558319091797" lon="32.593845367431641">
        <ele>1012.8</ele>
    </trkpt>
    <trkpt lat="-13.559521675109863" lon="32.593818664550781">
        <ele>1012.5</ele>
    </trkpt>
    <trkpt lat="-13.558576583862305" lon="32.593780517578125">
        <ele>1011.1</ele>
    </trkpt>
    <trkpt lat="-13.557765007019043" lon="32.593509674072266">
        <ele>1011.1</ele>
    </trkpt>
    <trkpt lat="-13.557126998901367" lon="32.593051910400391">
        <ele>1011.5</ele>
    </trkpt>
    <trkpt lat="-13.55665111541748" lon="32.592441558837891">
        <ele>1010.1</ele>
    </trkpt>
    <trkpt lat="-13.556211471557617" lon="32.591838836669922">
        <ele>1010.5</ele>
    </trkpt>
    <trkpt lat="-13.55574893951416" lon="32.591205596923828">
        <ele>1011.5</ele>
    </trkpt>
    <trkpt lat="-13.555144309997559" lon="32.590629577636719">
        <ele>1012.7</ele>
    </trkpt>
    <trkpt lat="-13.55443000793457" lon="32.590240478515625">
        <ele>1013.6</ele>
    </trkpt>
    <trkpt lat="-13.553774833679199" lon="32.590034484863281">
        <ele>1013.7</ele>
    </trkpt>
    <trkpt lat="-13.553347587585449" lon="32.589946746826172">
        <ele>1014.1</ele>
    </trkpt>
    <trkpt lat="-13.553153038024902" lon="32.589893341064453">
        <ele>1013.4</ele>
    </trkpt>
    <trkpt lat="-13.553018569946289" lon="32.589862823486328">
        <ele>1012.4</ele>
    </trkpt>
    <trkpt lat="-13.552792549133301" lon="32.589813232421875">
        <ele>1011.1</ele>
    </trkpt>
    <trkpt lat="-13.552332878112793" lon="32.589710235595703">
        <ele>1010.1</ele>
    </trkpt>
    <trkpt lat="-13.551860809326172" lon="32.589542388916016">
        <ele>1010.9</ele>
    </trkpt>
    <trkpt lat="-13.551459312438965" lon="32.58929443359375">
        <ele>1012.1</ele>
    </trkpt>
    <trkpt lat="-13.551254272460938" lon="32.589115142822266">
        <ele>1011.7</ele>
    </trkpt>
    <trkpt lat="-13.551060676574707" lon="32.588886260986328">
        <ele>1010.2</ele>
    </trkpt>
    <trkpt lat="-13.550858497619629" lon="32.588611602783203">
        <ele>1008.6</ele>
    </trkpt>
    <trkpt lat="-13.550624847412109" lon="32.588226318359375">
        <ele>1007.3</ele>
    </trkpt>
    <trkpt lat="-13.55018138885498" lon="32.587505340576172">
        <ele>1005.5</ele>
    </trkpt>
    <trkpt lat="-13.549657821655273" lon="32.586654663085938">
        <ele>1003.7</ele>
    </trkpt>
    <trkpt lat="-13.549089431762695" lon="32.585723876953125">
        <ele>1001.5</ele>
    </trkpt>
    <trkpt lat="-13.548495292663574" lon="32.584747314453125">
        <ele>1000.6</ele>
    </trkpt>
    <trkpt lat="-13.54789924621582" lon="32.583766937255859">
        <ele>998.9</ele>
    </trkpt>
    <trkpt lat="-13.54718017578125" lon="32.582828521728516">
        <ele>996.6</ele>
    </trkpt>
    <trkpt lat="-13.546392440795898" lon="32.581977844238281">
        <ele>995.4</ele>
    </trkpt>
    <trkpt lat="-13.545610427856445" lon="32.581150054931641">
        <ele>993.8</ele>
    </trkpt>
    <trkpt lat="-13.544915199279785" lon="32.580402374267578">
        <ele>992.1</ele>
    </trkpt>
    <trkpt lat="-13.544218063354492" lon="32.579662322998047">
        <ele>991.0</ele>
    </trkpt>
    <trkpt lat="-13.543483734130859" lon="32.578884124755859">
        <ele>990.7</ele>
    </trkpt>
    <trkpt lat="-13.542733192443848" lon="32.578029632568359">
        <ele>989.8</ele>
    </trkpt>
    <trkpt lat="-13.541964530944824" lon="32.577114105224609">
        <ele>988.2</ele>
    </trkpt>
    <trkpt lat="-13.541290283203125" lon="32.576313018798828">
        <ele>985.8</ele>
    </trkpt>
    <trkpt lat="-13.540728569030762" lon="32.575656890869141">
        <ele>983.3</ele>
    </trkpt>
    <trkpt lat="-13.540012359619141" lon="32.574863433837891">
        <ele>980.4</ele>
    </trkpt>
    <trkpt lat="-13.539312362670898" lon="32.574111938476562">
        <ele>977.8</ele>
    </trkpt>
    <trkpt lat="-13.538628578186035" lon="32.573440551757812">
        <ele>976.5</ele>
    </trkpt>
    <trkpt lat="-13.538116455078125" lon="32.572914123535156">
        <ele>974.6</ele>
    </trkpt>
    <trkpt lat="-13.537867546081543" lon="32.572635650634766">
        <ele>974.7</ele>
    </trkpt>
    <trkpt lat="-13.537606239318848" lon="32.572410583496094">
        <ele>974.0</ele>
    </trkpt>
    <trkpt lat="-13.537215232849121" lon="32.571811676025391">
        <ele>971.9</ele>
    </trkpt>
    <trkpt lat="-13.537166595458984" lon="32.570987701416016">
        <ele>968.6</ele>
    </trkpt>
    <trkpt lat="-13.537478446960449" lon="32.570400238037109">
        <ele>964.6</ele>
    </trkpt>
    <trkpt lat="-13.537694931030273" lon="32.569995880126953">
        <ele>963.8</ele>
    </trkpt>
    <trkpt lat="-13.53804874420166" lon="32.569377899169922">
        <ele>965.2</ele>
    </trkpt>
    <trkpt lat="-13.538196563720703" lon="32.568668365478516">
        <ele>971.4</ele>
    </trkpt>
    <trkpt lat="-13.538113594055176" lon="32.568073272705078">
        <ele>975.1</ele>
    </trkpt>
    <trkpt lat="-13.53770637512207" lon="32.567428588867188">
        <ele>975.8</ele>
    </trkpt>
    <trkpt lat="-13.537293434143066" lon="32.566993713378906">
        <ele>976.0</ele>
    </trkpt>
    <trkpt lat="-13.537095069885254" lon="32.566791534423828">
        <ele>976.6</ele>
    </trkpt>
    <trkpt lat="-13.536750793457031" lon="32.566394805908203">
        <ele>977.4</ele>
    </trkpt>
    <trkpt lat="-13.536218643188477" lon="32.565853118896484">
        <ele>978.1</ele>
    </trkpt>
    <trkpt lat="-13.535765647888184" lon="32.565353393554688">
        <ele>978.6</ele>
    </trkpt>
    <trkpt lat="-13.535470962524414" lon="32.565093994140625">
        <ele>979.3</ele>
    </trkpt>
    <trkpt lat="-13.535037994384766" lon="32.564662933349609">
        <ele>978.4</ele>
    </trkpt>
    <trkpt lat="-13.534448623657227" lon="32.564083099365234">
        <ele>977.1</ele>
    </trkpt>
    <trkpt lat="-13.533832550048828" lon="32.563510894775391">
        <ele>974.5</ele>
    </trkpt>
    <trkpt lat="-13.533249855041504" lon="32.562942504882812">
        <ele>972.3</ele>
    </trkpt>
    <trkpt lat="-13.532815933227539" lon="32.562496185302734">
        <ele>968.7</ele>
    </trkpt>
    <trkpt lat="-13.532402992248535" lon="32.562141418457031">
        <ele>966.6</ele>
    </trkpt>
    <trkpt lat="-13.532011032104492" lon="32.561725616455078">
        <ele>965.5</ele>
    </trkpt>
    <trkpt lat="-13.531564712524414" lon="32.561000823974609">
        <ele>965.6</ele>
    </trkpt>
    <trkpt lat="-13.531332969665527" lon="32.560203552246094">
        <ele>968.2</ele>
    </trkpt>
    <trkpt lat="-13.531299591064453" lon="32.559394836425781">
        <ele>971.9</ele>
    </trkpt>
    <trkpt lat="-13.53134822845459" lon="32.558567047119141">
        <ele>975.0</ele>
    </trkpt>
    <trkpt lat="-13.531408309936523" lon="32.557743072509766">
        <ele>976.1</ele>
    </trkpt>
    <trkpt lat="-13.531453132629395" lon="32.556877136230469">
        <ele>977.1</ele>
    </trkpt>
    <trkpt lat="-13.53148365020752" lon="32.556037902832031">
        <ele>978.8</ele>
    </trkpt>
    <trkpt lat="-13.531521797180176" lon="32.555515289306641">
        <ele>979.1</ele>
    </trkpt>
    <trkpt lat="-13.531514167785645" lon="32.555191040039062">
        <ele>980.6</ele>
    </trkpt>
    <trkpt lat="-13.531540870666504" lon="32.554801940917969">
        <ele>981.8</ele>
    </trkpt>
    <trkpt lat="-13.531571388244629" lon="32.554481506347656">
        <ele>981.8</ele>
    </trkpt>
    <trkpt lat="-13.531583786010742" lon="32.554164886474609">
        <ele>982.3</ele>
    </trkpt>
    <trkpt lat="-13.531607627868652" lon="32.553699493408203">
        <ele>980.8</ele>
    </trkpt>
    <trkpt lat="-13.531639099121094" lon="32.553237915039062">
        <ele>980.6</ele>
    </trkpt>
    <trkpt lat="-13.531651496887207" lon="32.552879333496094">
        <ele>980.8</ele>
    </trkpt>
    <trkpt lat="-13.531665802001953" lon="32.552623748779297">
        <ele>980.8</ele>
    </trkpt>
    <trkpt lat="-13.531698226928711" lon="32.552230834960938">
        <ele>980.7</ele>
    </trkpt>
    <trkpt lat="-13.531722068786621" lon="32.551868438720703">
        <ele>982.1</ele>
    </trkpt>
    <trkpt lat="-13.531758308410645" lon="32.551174163818359">
        <ele>981.3</ele>
    </trkpt>
    <trkpt lat="-13.531807899475098" lon="32.550510406494141">
        <ele>980.8</ele>
    </trkpt>
    <trkpt lat="-13.531833648681641" lon="32.549850463867188">
        <ele>979.1</ele>
    </trkpt>
    <trkpt lat="-13.531864166259766" lon="32.549369812011719">
        <ele>979.0</ele>
    </trkpt>
    <trkpt lat="-13.531871795654297" lon="32.548980712890625">
        <ele>978.1</ele>
    </trkpt>
    <trkpt lat="-13.531911849975586" lon="32.548355102539062">
        <ele>978.4</ele>
    </trkpt>
    <trkpt lat="-13.53194522857666" lon="32.547615051269531">
        <ele>977.6</ele>
    </trkpt>
    <trkpt lat="-13.531888961791992" lon="32.546817779541016">
        <ele>974.3</ele>
    </trkpt>
    <trkpt lat="-13.531783103942871" lon="32.545963287353516">
        <ele>971.3</ele>
    </trkpt>
    <trkpt lat="-13.531679153442383" lon="32.545276641845703">
        <ele>971.4</ele>
    </trkpt>
    <trkpt lat="-13.531591415405273" lon="32.544761657714844">
        <ele>972.8</ele>
    </trkpt>
    <trkpt lat="-13.531528472900391" lon="32.544208526611328">
        <ele>975.8</ele>
    </trkpt>
    <trkpt lat="-13.531420707702637" lon="32.543453216552734">
        <ele>980.6</ele>
    </trkpt>
    <trkpt lat="-13.531299591064453" lon="32.542556762695312">
        <ele>984.4</ele>
    </trkpt>
    <trkpt lat="-13.531190872192383" lon="32.541778564453125">
        <ele>986.6</ele>
    </trkpt>
    <trkpt lat="-13.53105640411377" lon="32.540904998779297">
        <ele>988.9</ele>
    </trkpt>
    <trkpt lat="-13.530943870544434" lon="32.539981842041016">
        <ele>991.9</ele>
    </trkpt>
    <trkpt lat="-13.53079891204834" lon="32.539039611816406">
        <ele>994.6</ele>
    </trkpt>
    <trkpt lat="-13.530618667602539" lon="32.538074493408203">
        <ele>997.5</ele>
    </trkpt>
    <trkpt lat="-13.530418395996094" lon="32.537086486816406">
        <ele>998.4</ele>
    </trkpt>
    <trkpt lat="-13.53022575378418" lon="32.536090850830078">
        <ele>996.1</ele>
    </trkpt>
    <trkpt lat="-13.530025482177734" lon="32.535114288330078">
        <ele>994.4</ele>
    </trkpt>
    <trkpt lat="-13.529792785644531" lon="32.534038543701172">
        <ele>993.3</ele>
    </trkpt>
    <trkpt lat="-13.529555320739746" lon="32.532947540283203">
        <ele>993.7</ele>
    </trkpt>
    <trkpt lat="-13.529214859008789" lon="32.531826019287109">
        <ele>993.4</ele>
    </trkpt>
    <trkpt lat="-13.528830528259277" lon="32.530723571777344">
        <ele>992.6</ele>
    </trkpt>
    <trkpt lat="-13.528449058532715" lon="32.529659271240234">
        <ele>988.7</ele>
    </trkpt>
    <trkpt lat="-13.528117179870605" lon="32.528652191162109">
        <ele>985.2</ele>
    </trkpt>
    <trkpt lat="-13.527914047241211" lon="32.527687072753906">
        <ele>984.3</ele>
    </trkpt>
    <trkpt lat="-13.52790641784668" lon="32.526695251464844">
        <ele>977.8</ele>
    </trkpt>
    <trkpt lat="-13.527980804443359" lon="32.525608062744141">
        <ele>969.4</ele>
    </trkpt>
    <trkpt lat="-13.527958869934082" lon="32.524494171142578">
        <ele>962.8</ele>
    </trkpt>
    <trkpt lat="-13.527854919433594" lon="32.523471832275391">
        <ele>955.9</ele>
    </trkpt>
    <trkpt lat="-13.527795791625977" lon="32.522705078125">
        <ele>951.7</ele>
    </trkpt>
    <trkpt lat="-13.527748107910156" lon="32.521968841552734">
        <ele>950.5</ele>
    </trkpt>
    <trkpt lat="-13.527697563171387" lon="32.521408081054688">
        <ele>951.4</ele>
    </trkpt>
    <trkpt lat="-13.527628898620605" lon="32.520641326904297">
        <ele>952.0</ele>
    </trkpt>
    <trkpt lat="-13.527533531188965" lon="32.519668579101562">
        <ele>955.8</ele>
    </trkpt>
    <trkpt lat="-13.527449607849121" lon="32.518669128417969">
        <ele>956.6</ele>
    </trkpt>
    <trkpt lat="-13.52735710144043" lon="32.517692565917969">
        <ele>954.2</ele>
    </trkpt>
    <trkpt lat="-13.527135848999023" lon="32.516761779785156">
        <ele>948.6</ele>
    </trkpt>
    <trkpt lat="-13.526766777038574" lon="32.515895843505859">
        <ele>945.7</ele>
    </trkpt>
    <trkpt lat="-13.526547431945801" lon="32.515552520751953">
        <ele>946.5</ele>
    </trkpt>
    <trkpt lat="-13.526350021362305" lon="32.515140533447266">
        <ele>948.4</ele>
    </trkpt>
    <trkpt lat="-13.525934219360352" lon="32.514350891113281">
        <ele>951.8</ele>
    </trkpt>
    <trkpt lat="-13.525453567504883" lon="32.513500213623047">
        <ele>955.3</ele>
    </trkpt>
    <trkpt lat="-13.524972915649414" lon="32.512653350830078">
        <ele>957.8</ele>
    </trkpt>
    <trkpt lat="-13.524301528930664" lon="32.511863708496094">
        <ele>959.4</ele>
    </trkpt>
    <trkpt lat="-13.523446083068848" lon="32.511222839355469">
        <ele>960.3</ele>
    </trkpt>
    <trkpt lat="-13.522509574890137" lon="32.510746002197266">
        <ele>957.4</ele>
    </trkpt>
    <trkpt lat="-13.521484375" lon="32.510246276855469">
        <ele>954.6</ele>
    </trkpt>
    <trkpt lat="-13.520454406738281" lon="32.509754180908203">
        <ele>951.2</ele>
    </trkpt>
    <trkpt lat="-13.519487380981445" lon="32.509288787841797">
        <ele>949.3</ele>
    </trkpt>
    <trkpt lat="-13.518604278564453" lon="32.508869171142578">
        <ele>948.9</ele>
    </trkpt>
    <trkpt lat="-13.517758369445801" lon="32.508548736572266">
        <ele>946.5</ele>
    </trkpt>
    <trkpt lat="-13.516788482666016" lon="32.508369445800781">
        <ele>944.9</ele>
    </trkpt>
    <trkpt lat="-13.515748023986816" lon="32.508224487304688">
        <ele>943.2</ele>
    </trkpt>
    <trkpt lat="-13.514843940734863" lon="32.508155822753906">
        <ele>941.6</ele>
    </trkpt>
    <trkpt lat="-13.514155387878418" lon="32.508037567138672">
        <ele>939.6</ele>
    </trkpt>
    <trkpt lat="-13.51349925994873" lon="32.507957458496094">
        <ele>939.4</ele>
    </trkpt>
    <trkpt lat="-13.512625694274902" lon="32.507659912109375">
        <ele>939.1</ele>
    </trkpt>
    <trkpt lat="-13.511857986450195" lon="32.507167816162109">
        <ele>937.5</ele>
    </trkpt>
    <trkpt lat="-13.511255264282227" lon="32.506549835205078">
        <ele>937.7</ele>
    </trkpt>
    <trkpt lat="-13.51075267791748" lon="32.50567626953125">
        <ele>936.0</ele>
    </trkpt>
    <trkpt lat="-13.51047420501709" lon="32.504592895507812">
        <ele>934.5</ele>
    </trkpt>
    <trkpt lat="-13.510477066040039" lon="32.503456115722656">
        <ele>933.3</ele>
    </trkpt>
    <trkpt lat="-13.510513305664062" lon="32.502288818359375">
        <ele>930.6</ele>
    </trkpt>
    <trkpt lat="-13.510567665100098" lon="32.501220703125">
        <ele>927.2</ele>
    </trkpt>
    <trkpt lat="-13.510592460632324" lon="32.500118255615234">
        <ele>925.4</ele>
    </trkpt>
    <trkpt lat="-13.510643005371094" lon="32.498943328857422">
        <ele>926.3</ele>
    </trkpt>
    <trkpt lat="-13.510673522949219" lon="32.497882843017578">
        <ele>927.2</ele>
    </trkpt>
    <trkpt lat="-13.51070499420166" lon="32.497051239013672">
        <ele>928.2</ele>
    </trkpt>
    <trkpt lat="-13.510730743408203" lon="32.496288299560547">
        <ele>927.9</ele>
    </trkpt>
    <trkpt lat="-13.510756492614746" lon="32.495429992675781">
        <ele>927.9</ele>
    </trkpt>
    <trkpt lat="-13.510769844055176" lon="32.494636535644531">
        <ele>928.6</ele>
    </trkpt>
    <trkpt lat="-13.510820388793945" lon="32.493793487548828">
        <ele>930.2</ele>
    </trkpt>
    <trkpt lat="-13.5108642578125" lon="32.492664337158203">
        <ele>932.2</ele>
    </trkpt>
    <trkpt lat="-13.510904312133789" lon="32.491573333740234">
        <ele>932.5</ele>
    </trkpt>
    <trkpt lat="-13.510939598083496" lon="32.490684509277344">
        <ele>932.5</ele>
    </trkpt>
    <trkpt lat="-13.510932922363281" lon="32.489795684814453">
        <ele>933.0</ele>
    </trkpt>
    <trkpt lat="-13.510968208312988" lon="32.488975524902344">
        <ele>934.3</ele>
    </trkpt>
    <trkpt lat="-13.511006355285645" lon="32.488265991210938">
        <ele>933.8</ele>
    </trkpt>
    <trkpt lat="-13.511066436767578" lon="32.487617492675781">
        <ele>932.6</ele>
    </trkpt>
    <trkpt lat="-13.511155128479004" lon="32.486885070800781">
        <ele>931.7</ele>
    </trkpt>
    <trkpt lat="-13.511270523071289" lon="32.485893249511719">
        <ele>930.1</ele>
    </trkpt>
    <trkpt lat="-13.511401176452637" lon="32.484821319580078">
        <ele>927.3</ele>
    </trkpt>
    <trkpt lat="-13.511513710021973" lon="32.483795166015625">
        <ele>925.3</ele>
    </trkpt>
    <trkpt lat="-13.511598587036133" lon="32.48297119140625">
        <ele>925.4</ele>
    </trkpt>
    <trkpt lat="-13.511534690856934" lon="32.481975555419922">
        <ele>924.2</ele>
    </trkpt>
    <trkpt lat="-13.511189460754395" lon="32.481006622314453">
        <ele>924.2</ele>
    </trkpt>
    <trkpt lat="-13.510845184326172" lon="32.480045318603516">
        <ele>922.1</ele>
    </trkpt>
    <trkpt lat="-13.510461807250977" lon="32.479057312011719">
        <ele>920.5</ele>
    </trkpt>
    <trkpt lat="-13.510062217712402" lon="32.478107452392578">
        <ele>917.6</ele>
    </trkpt>
    <trkpt lat="-13.509747505187988" lon="32.477241516113281">
        <ele>915.8</ele>
    </trkpt>
    <trkpt lat="-13.509557723999023" lon="32.476711273193359">
        <ele>915.9</ele>
    </trkpt>
    <trkpt lat="-13.509233474731445" lon="32.475940704345703">
        <ele>917.2</ele>
    </trkpt>
    <trkpt lat="-13.508899688720703" lon="32.475074768066406">
        <ele>918.2</ele>
    </trkpt>
    <trkpt lat="-13.508631706237793" lon="32.474281311035156">
        <ele>919.0</ele>
    </trkpt>
    <trkpt lat="-13.508331298828125" lon="32.473487854003906">
        <ele>920.4</ele>
    </trkpt>
    <trkpt lat="-13.508137702941895" lon="32.472888946533203">
        <ele>920.4</ele>
    </trkpt>
    <trkpt lat="-13.507984161376953" lon="32.472286224365234">
        <ele>920.1</ele>
    </trkpt>
    <trkpt lat="-13.507844924926758" lon="32.471794128417969">
        <ele>920.0</ele>
    </trkpt>
    <trkpt lat="-13.507693290710449" lon="32.471160888671875">
        <ele>919.4</ele>
    </trkpt>
    <trkpt lat="-13.507515907287598" lon="32.470355987548828">
        <ele>919.7</ele>
    </trkpt>
    <trkpt lat="-13.507415771484375" lon="32.469593048095703">
        <ele>918.4</ele>
    </trkpt>
    <trkpt lat="-13.50732421875" lon="32.468677520751953">
        <ele>916.6</ele>
    </trkpt>
    <trkpt lat="-13.507221221923828" lon="32.467655181884766">
        <ele>913.7</ele>
    </trkpt>
    <trkpt lat="-13.507122993469238" lon="32.466606140136719">
        <ele>911.8</ele>
    </trkpt>
    <trkpt lat="-13.507149696350098" lon="32.465587615966797">
        <ele>913.4</ele>
    </trkpt>
    <trkpt lat="-13.507275581359863" lon="32.464633941650391">
        <ele>911.3</ele>
    </trkpt>
    <trkpt lat="-13.507469177246094" lon="32.463611602783203">
        <ele>907.3</ele>
    </trkpt>
    <trkpt lat="-13.507659912109375" lon="32.46270751953125">
        <ele>908.9</ele>
    </trkpt>
    <trkpt lat="-13.507814407348633" lon="32.461906433105469">
        <ele>911.7</ele>
    </trkpt>
    <trkpt lat="-13.508002281188965" lon="32.460945129394531">
        <ele>915.6</ele>
    </trkpt>
    <trkpt lat="-13.508209228515625" lon="32.459980010986328">
        <ele>918.9</ele>
    </trkpt>
    <trkpt lat="-13.508573532104492" lon="32.458976745605469">
        <ele>918.6</ele>
    </trkpt>
    <trkpt lat="-13.508893013000488" lon="32.457901000976562">
        <ele>918.8</ele>
    </trkpt>
    <trkpt lat="-13.509033203125" lon="32.456813812255859">
        <ele>917.6</ele>
    </trkpt>
    <trkpt lat="-13.508954048156738" lon="32.4556884765625">
        <ele>915.8</ele>
    </trkpt>
    <trkpt lat="-13.508719444274902" lon="32.454765319824219">
        <ele>913.7</ele>
    </trkpt>
    <trkpt lat="-13.508517265319824" lon="32.454280853271484">
        <ele>914.9</ele>
    </trkpt>
    <trkpt lat="-13.508296966552734" lon="32.453678131103516">
        <ele>913.6</ele>
    </trkpt>
    <trkpt lat="-13.508052825927734" lon="32.452983856201172">
        <ele>915.5</ele>
    </trkpt>
    <trkpt lat="-13.507768630981445" lon="32.452262878417969">
        <ele>919.8</ele>
    </trkpt>
    <trkpt lat="-13.507468223571777" lon="32.451545715332031">
        <ele>923.0</ele>
    </trkpt>
    <trkpt lat="-13.507106781005859" lon="32.450839996337891">
        <ele>925.2</ele>
    </trkpt>
    <trkpt lat="-13.506824493408203" lon="32.450267791748047">
        <ele>926.1</ele>
    </trkpt>
    <trkpt lat="-13.506611824035645" lon="32.449867248535156">
        <ele>927.6</ele>
    </trkpt>
    <trkpt lat="-13.50642204284668" lon="32.449531555175781">
        <ele>928.7</ele>
    </trkpt>
    <trkpt lat="-13.506290435791016" lon="32.449302673339844">
        <ele>929.6</ele>
    </trkpt>
    <trkpt lat="-13.506153106689453" lon="32.449054718017578">
        <ele>929.9</ele>
    </trkpt>
    <trkpt lat="-13.505987167358398" lon="32.448764801025391">
        <ele>929.3</ele>
    </trkpt>
    <trkpt lat="-13.505849838256836" lon="32.448524475097656">
        <ele>930.5</ele>
    </trkpt>
    <trkpt lat="-13.505661010742188" lon="32.44818115234375">
        <ele>930.2</ele>
    </trkpt>
    <trkpt lat="-13.505490303039551" lon="32.447841644287109">
        <ele>930.6</ele>
    </trkpt>
    <trkpt lat="-13.505341529846191" lon="32.447517395019531">
        <ele>930.1</ele>
    </trkpt>
    <trkpt lat="-13.505203247070312" lon="32.447231292724609">
        <ele>930.9</ele>
    </trkpt>
    <trkpt lat="-13.505108833312988" lon="32.447025299072266">
        <ele>929.7</ele>
    </trkpt>
    <trkpt lat="-13.504975318908691" lon="32.446754455566406">
        <ele>928.1</ele>
    </trkpt>
    <trkpt lat="-13.50483226776123" lon="32.446369171142578">
        <ele>928.3</ele>
    </trkpt>
    <trkpt lat="-13.504627227783203" lon="32.445949554443359">
        <ele>930.0</ele>
    </trkpt>
    <trkpt lat="-13.504382133483887" lon="32.44537353515625">
        <ele>932.7</ele>
    </trkpt>
    <trkpt lat="-13.504085540771484" lon="32.444721221923828">
        <ele>934.1</ele>
    </trkpt>
    <trkpt lat="-13.503735542297363" lon="32.443935394287109">
        <ele>936.7</ele>
    </trkpt>
    <trkpt lat="-13.503379821777344" lon="32.443164825439453">
        <ele>936.8</ele>
    </trkpt>
    <trkpt lat="-13.503032684326172" lon="32.442558288574219">
        <ele>936.7</ele>
    </trkpt>
    <trkpt lat="-13.502633094787598" lon="32.441886901855469">
        <ele>937.9</ele>
    </trkpt>
    <trkpt lat="-13.502123832702637" lon="32.441120147705078">
        <ele>937.4</ele>
    </trkpt>
    <trkpt lat="-13.50153923034668" lon="32.440330505371094">
        <ele>933.5</ele>
    </trkpt>
    <trkpt lat="-13.500896453857422" lon="32.439559936523438">
        <ele>930.1</ele>
    </trkpt>
    <trkpt lat="-13.500103950500488" lon="32.438945770263672">
        <ele>925.7</ele>
    </trkpt>
    <trkpt lat="-13.499231338500977" lon="32.438446044921875">
        <ele>921.2</ele>
    </trkpt>
    <trkpt lat="-13.498388290405273" lon="32.437973022460938">
        <ele>917.4</ele>
    </trkpt>
    <trkpt lat="-13.497798919677734" lon="32.437629699707031">
        <ele>915.5</ele>
    </trkpt>
    <trkpt lat="-13.497287750244141" lon="32.437324523925781">
        <ele>912.3</ele>
    </trkpt>
    <trkpt lat="-13.496902465820312" lon="32.437080383300781">
        <ele>909.2</ele>
    </trkpt>
    <trkpt lat="-13.49642276763916" lon="32.436641693115234">
        <ele>905.6</ele>
    </trkpt>
    <trkpt lat="-13.495969772338867" lon="32.436119079589844">
        <ele>904.9</ele>
    </trkpt>
    <trkpt lat="-13.495675086975098" lon="32.435836791992188">
        <ele>903.7</ele>
    </trkpt>
    <trkpt lat="-13.495271682739258" lon="32.435317993164062">
        <ele>901.9</ele>
    </trkpt>
    <trkpt lat="-13.49471378326416" lon="32.434673309326172">
        <ele>902.3</ele>
    </trkpt>
    <trkpt lat="-13.494089126586914" lon="32.434005737304688">
        <ele>907.7</ele>
    </trkpt>
    <trkpt lat="-13.493526458740234" lon="32.433315277099609">
        <ele>914.5</ele>
    </trkpt>
    <trkpt lat="-13.493154525756836" lon="32.432594299316406">
        <ele>918.1</ele>
    </trkpt>
    <trkpt lat="-13.492942810058594" lon="32.431846618652344">
        <ele>918.7</ele>
    </trkpt>
    <trkpt lat="-13.492883682250977" lon="32.431278228759766">
        <ele>918.2</ele>
    </trkpt>
    <trkpt lat="-13.492891311645508" lon="32.430572509765625">
        <ele>914.2</ele>
    </trkpt>
    <trkpt lat="-13.492924690246582" lon="32.42974853515625">
        <ele>910.5</ele>
    </trkpt>
    <trkpt lat="-13.492924690246582" lon="32.428901672363281">
        <ele>908.0</ele>
    </trkpt>
    <trkpt lat="-13.492959022521973" lon="32.428245544433594">
        <ele>906.0</ele>
    </trkpt>
    <trkpt lat="-13.492934226989746" lon="32.427600860595703">
        <ele>904.4</ele>
    </trkpt>
    <trkpt lat="-13.492843627929688" lon="32.427135467529297">
        <ele>903.2</ele>
    </trkpt>
    <trkpt lat="-13.492798805236816" lon="32.426753997802734">
        <ele>903.4</ele>
    </trkpt>
    <trkpt lat="-13.492718696594238" lon="32.426361083984375">
        <ele>904.0</ele>
    </trkpt>
    <trkpt lat="-13.492538452148438" lon="32.425922393798828">
        <ele>905.0</ele>
    </trkpt>
    <trkpt lat="-13.492459297180176" lon="32.42535400390625">
        <ele>907.1</ele>
    </trkpt>
    <trkpt lat="-13.492315292358398" lon="32.424674987792969">
        <ele>909.5</ele>
    </trkpt>
    <trkpt lat="-13.492221832275391" lon="32.424053192138672">
        <ele>912.9</ele>
    </trkpt>
    <trkpt lat="-13.49210262298584" lon="32.423503875732422">
        <ele>914.2</ele>
    </trkpt>
    <trkpt lat="-13.491935729980469" lon="32.422733306884766">
        <ele>914.6</ele>
    </trkpt>
    <trkpt lat="-13.491751670837402" lon="32.421920776367188">
        <ele>920.4</ele>
    </trkpt>
    <trkpt lat="-13.491593360900879" lon="32.421092987060547">
        <ele>927.1</ele>
    </trkpt>
    <trkpt lat="-13.491459846496582" lon="32.4202880859375">
        <ele>933.9</ele>
    </trkpt>
    <trkpt lat="-13.491339683532715" lon="32.419368743896484">
        <ele>937.1</ele>
    </trkpt>
    <trkpt lat="-13.491225242614746" lon="32.418357849121094">
        <ele>934.8</ele>
    </trkpt>
    <trkpt lat="-13.491182327270508" lon="32.417366027832031">
        <ele>931.6</ele>
    </trkpt>
    <trkpt lat="-13.491138458251953" lon="32.416374206542969">
        <ele>929.6</ele>
    </trkpt>
    <trkpt lat="-13.491103172302246" lon="32.415336608886719">
        <ele>929.8</ele>
    </trkpt>
    <trkpt lat="-13.491107940673828" lon="32.414325714111328">
        <ele>929.6</ele>
    </trkpt>
    <trkpt lat="-13.491087913513184" lon="32.413307189941406">
        <ele>928.5</ele>
    </trkpt>
    <trkpt lat="-13.491045951843262" lon="32.412540435791016">
        <ele>927.5</ele>
    </trkpt>
    <trkpt lat="-13.491076469421387" lon="32.411994934082031">
        <ele>926.4</ele>
    </trkpt>
    <trkpt lat="-13.491044044494629" lon="32.411323547363281">
        <ele>924.0</ele>
    </trkpt>
    <trkpt lat="-13.491028785705566" lon="32.410591125488281">
        <ele>921.9</ele>
    </trkpt>
    <trkpt lat="-13.491030693054199" lon="32.410129547119141">
        <ele>921.8</ele>
    </trkpt>
    <trkpt lat="-13.491013526916504" lon="32.40966796875">
        <ele>921.7</ele>
    </trkpt>
    <trkpt lat="-13.491055488586426" lon="32.408985137939453">
        <ele>922.2</ele>
    </trkpt>
    <trkpt lat="-13.491025924682617" lon="32.408176422119141">
        <ele>922.2</ele>
    </trkpt>
    <trkpt lat="-13.490946769714355" lon="32.407421112060547">
        <ele>921.4</ele>
    </trkpt>
    <trkpt lat="-13.490843772888184" lon="32.406955718994141">
        <ele>920.7</ele>
    </trkpt>
    <trkpt lat="-13.490756034851074" lon="32.406520843505859">
        <ele>921.1</ele>
    </trkpt>
    <trkpt lat="-13.490565299987793" lon="32.405662536621094">
        <ele>921.2</ele>
    </trkpt>
    <trkpt lat="-13.490384101867676" lon="32.404853820800781">
        <ele>922.9</ele>
    </trkpt>
    <trkpt lat="-13.490191459655762" lon="32.403980255126953">
        <ele>921.9</ele>
    </trkpt>
    <trkpt lat="-13.489962577819824" lon="32.402999877929688">
        <ele>920.0</ele>
    </trkpt>
    <trkpt lat="-13.489727020263672" lon="32.4019775390625">
        <ele>918.8</ele>
    </trkpt>
    <trkpt lat="-13.489483833312988" lon="32.400867462158203">
        <ele>919.4</ele>
    </trkpt>
    <trkpt lat="-13.489231109619141" lon="32.399772644042969">
        <ele>920.1</ele>
    </trkpt>
    <trkpt lat="-13.489079475402832" lon="32.399005889892578">
        <ele>921.9</ele>
    </trkpt>
    <trkpt lat="-13.488965034484863" lon="32.398555755615234">
        <ele>922.4</ele>
    </trkpt>
    <trkpt lat="-13.488772392272949" lon="32.397758483886719">
        <ele>921.2</ele>
    </trkpt>
    <trkpt lat="-13.488516807556152" lon="32.396724700927734">
        <ele>920.5</ele>
    </trkpt>
    <trkpt lat="-13.488208770751953" lon="32.395660400390625">
        <ele>918.8</ele>
    </trkpt>
    <trkpt lat="-13.487945556640625" lon="32.394596099853516">
        <ele>916.9</ele>
    </trkpt>
    <trkpt lat="-13.487696647644043" lon="32.393653869628906">
        <ele>915.8</ele>
    </trkpt>
    <trkpt lat="-13.487607002258301" lon="32.392601013183594">
        <ele>917.0</ele>
    </trkpt>
    <trkpt lat="-13.487887382507324" lon="32.391551971435547">
        <ele>917.1</ele>
    </trkpt>
    <trkpt lat="-13.488540649414062" lon="32.390609741210938">
        <ele>913.7</ele>
    </trkpt>
    <trkpt lat="-13.489286422729492" lon="32.389751434326172">
        <ele>914.1</ele>
    </trkpt>
    <trkpt lat="-13.489995956420898" lon="32.388858795166016">
        <ele>914.2</ele>
    </trkpt>
    <trkpt lat="-13.490448951721191" lon="32.387802124023438">
        <ele>914.6</ele>
    </trkpt>
    <trkpt lat="-13.490527153015137" lon="32.386631011962891">
        <ele>916.9</ele>
    </trkpt>
    <trkpt lat="-13.490431785583496" lon="32.385383605957031">
        <ele>918.9</ele>
    </trkpt>
    <trkpt lat="-13.490317344665527" lon="32.384178161621094">
        <ele>919.4</ele>
    </trkpt>
    <trkpt lat="-13.490212440490723" lon="32.383014678955078">
        <ele>916.4</ele>
    </trkpt>
    <trkpt lat="-13.490097045898438" lon="32.381813049316406">
        <ele>915.9</ele>
    </trkpt>
    <trkpt lat="-13.490011215209961" lon="32.380729675292969">
        <ele>915.5</ele>
    </trkpt>
    <trkpt lat="-13.489608764648438" lon="32.379829406738281">
        <ele>914.3</ele>
    </trkpt>
    <trkpt lat="-13.488778114318848" lon="32.379230499267578">
        <ele>914.4</ele>
    </trkpt>
    <trkpt lat="-13.487787246704102" lon="32.378883361816406">
        <ele>914.2</ele>
    </trkpt>
    <trkpt lat="-13.486756324768066" lon="32.378562927246094">
        <ele>915.7</ele>
    </trkpt>
    <trkpt lat="-13.485767364501953" lon="32.378250122070312">
        <ele>915.6</ele>
    </trkpt>
    <trkpt lat="-13.484869003295898" lon="32.377906799316406">
        <ele>915.9</ele>
    </trkpt>
    <trkpt lat="-13.484052658081055" lon="32.377296447753906">
        <ele>915.0</ele>
    </trkpt>
    <trkpt lat="-13.483455657958984" lon="32.376407623291016">
        <ele>914.6</ele>
    </trkpt>
    <trkpt lat="-13.48320484161377" lon="32.375453948974609">
        <ele>915.5</ele>
    </trkpt>
    <trkpt lat="-13.483077049255371" lon="32.374557495117188">
        <ele>915.1</ele>
    </trkpt>
    <trkpt lat="-13.482966423034668" lon="32.373580932617188">
        <ele>916.9</ele>
    </trkpt>
    <trkpt lat="-13.482952117919922" lon="32.372539520263672">
        <ele>917.5</ele>
    </trkpt>
    <trkpt lat="-13.483226776123047" lon="32.371562957763672">
        <ele>919.5</ele>
    </trkpt>
    <trkpt lat="-13.483614921569824" lon="32.370811462402344">
        <ele>919.2</ele>
    </trkpt>
    <trkpt lat="-13.484050750732422" lon="32.369956970214844">
        <ele>920.1</ele>
    </trkpt>
    <trkpt lat="-13.484243392944336" lon="32.368919372558594">
        <ele>920.8</ele>
    </trkpt>
    <trkpt lat="-13.484009742736816" lon="32.367805480957031">
        <ele>922.1</ele>
    </trkpt>
    <trkpt lat="-13.48360538482666" lon="32.366939544677734">
        <ele>922.8</ele>
    </trkpt>
    <trkpt lat="-13.483205795288086" lon="32.366092681884766">
        <ele>923.6</ele>
    </trkpt>
    <trkpt lat="-13.482595443725586" lon="32.365314483642578">
        <ele>924.0</ele>
    </trkpt>
    <trkpt lat="-13.48206901550293" lon="32.364990234375">
        <ele>923.4</ele>
    </trkpt>
    <trkpt lat="-13.481476783752441" lon="32.364570617675781">
        <ele>922.5</ele>
    </trkpt>
    <trkpt lat="-13.480815887451172" lon="32.364089965820312">
        <ele>919.9</ele>
    </trkpt>
    <trkpt lat="-13.480042457580566" lon="32.363548278808594">
        <ele>918.8</ele>
    </trkpt>
    <trkpt lat="-13.479405403137207" lon="32.362884521484375">
        <ele>917.7</ele>
    </trkpt>
    <trkpt lat="-13.479043960571289" lon="32.361930847167969">
        <ele>916.2</ele>
    </trkpt>
    <trkpt lat="-13.478764533996582" lon="32.360916137695312">
        <ele>916.3</ele>
    </trkpt>
    <trkpt lat="-13.478235244750977" lon="32.359958648681641">
        <ele>914.7</ele>
    </trkpt>
    <trkpt lat="-13.477418899536133" lon="32.359317779541016">
        <ele>914.4</ele>
    </trkpt>
    <trkpt lat="-13.476494789123535" lon="32.359012603759766">
        <ele>911.1</ele>
    </trkpt>
    <trkpt lat="-13.475766181945801" lon="32.358863830566406">
        <ele>909.0</ele>
    </trkpt>
    <trkpt lat="-13.474971771240234" lon="32.358654022216797">
        <ele>907.3</ele>
    </trkpt>
    <trkpt lat="-13.474010467529297" lon="32.358428955078125">
        <ele>902.8</ele>
    </trkpt>
    <trkpt lat="-13.47300910949707" lon="32.358184814453125">
        <ele>903.1</ele>
    </trkpt>
    <trkpt lat="-13.472030639648438" lon="32.357967376708984">
        <ele>904.2</ele>
    </trkpt>
    <trkpt lat="-13.471016883850098" lon="32.357711791992188">
        <ele>906.1</ele>
    </trkpt>
    <trkpt lat="-13.47012996673584" lon="32.357147216796875">
        <ele>906.4</ele>
    </trkpt>
    <trkpt lat="-13.469386100769043" lon="32.356224060058594">
        <ele>909.9</ele>
    </trkpt>
    <trkpt lat="-13.468731880187988" lon="32.355205535888672">
        <ele>911.4</ele>
    </trkpt>
    <trkpt lat="-13.468324661254883" lon="32.354015350341797">
        <ele>911.2</ele>
    </trkpt>
    <trkpt lat="-13.467599868774414" lon="32.353000640869141">
        <ele>911.6</ele>
    </trkpt>
    <trkpt lat="-13.466503143310547" lon="32.352359771728516">
        <ele>908.4</ele>
    </trkpt>
    <trkpt lat="-13.465238571166992" lon="32.352210998535156">
        <ele>905.2</ele>
    </trkpt>
    <trkpt lat="-13.464038848876953" lon="32.352657318115234">
        <ele>900.1</ele>
    </trkpt>
    <trkpt lat="-13.462942123413086" lon="32.353160858154297">
        <ele>896.8</ele>
    </trkpt>
    <trkpt lat="-13.46173095703125" lon="32.35369873046875">
        <ele>897.7</ele>
    </trkpt>
    <trkpt lat="-13.460488319396973" lon="32.353893280029297">
        <ele>897.4</ele>
    </trkpt>
    <trkpt lat="-13.459434509277344" lon="32.353263854980469">
        <ele>891.5</ele>
    </trkpt>
    <trkpt lat="-13.458465576171875" lon="32.352344512939453">
        <ele>892.4</ele>
    </trkpt>
    <trkpt lat="-13.457456588745117" lon="32.351360321044922">
        <ele>898.7</ele>
    </trkpt>
    <trkpt lat="-13.456413269042969" lon="32.350517272949219">
        <ele>901.2</ele>
    </trkpt>
    <trkpt lat="-13.455118179321289" lon="32.349845886230469">
        <ele>903.5</ele>
    </trkpt>
    <trkpt lat="-13.45389461517334" lon="32.349174499511719">
        <ele>912.4</ele>
    </trkpt>
    <trkpt lat="-13.452947616577148" lon="32.348350524902344">
        <ele>913.9</ele>
    </trkpt>
    <trkpt lat="-13.451973915100098" lon="32.347507476806641">
        <ele>906.3</ele>
    </trkpt>
    <trkpt lat="-13.451013565063477" lon="32.346782684326172">
        <ele>900.9</ele>
    </trkpt>
    <trkpt lat="-13.450092315673828" lon="32.346096038818359">
        <ele>904.2</ele>
    </trkpt>
    <trkpt lat="-13.449214935302734" lon="32.345443725585938">
        <ele>907.2</ele>
    </trkpt>
    <trkpt lat="-13.448382377624512" lon="32.344680786132812">
        <ele>900.3</ele>
    </trkpt>
    <trkpt lat="-13.447858810424805" lon="32.343799591064453">
        <ele>900.5</ele>
    </trkpt>
    <trkpt lat="-13.44736385345459" lon="32.342853546142578">
        <ele>906.4</ele>
    </trkpt>
    <trkpt lat="-13.446514129638672" lon="32.341953277587891">
        <ele>913.3</ele>
    </trkpt>
    <trkpt lat="-13.445542335510254" lon="32.341461181640625">
        <ele>922.6</ele>
    </trkpt>
    <trkpt lat="-13.444669723510742" lon="32.340961456298828">
        <ele>917.6</ele>
    </trkpt>
    <trkpt lat="-13.443638801574707" lon="32.340301513671875">
        <ele>904.2</ele>
    </trkpt>
    <trkpt lat="-13.442496299743652" lon="32.339591979980469">
        <ele>894.7</ele>
    </trkpt>
    <trkpt lat="-13.441465377807617" lon="32.339073181152344">
        <ele>891.6</ele>
    </trkpt>
    <trkpt lat="-13.440293312072754" lon="32.338584899902344">
        <ele>887.5</ele>
    </trkpt>
    <trkpt lat="-13.439221382141113" lon="32.3382568359375">
        <ele>884.6</ele>
    </trkpt>
    <trkpt lat="-13.438320159912109" lon="32.337963104248047">
        <ele>882.5</ele>
    </trkpt>
    <trkpt lat="-13.437504768371582" lon="32.337711334228516">
        <ele>878.8</ele>
    </trkpt>
    <trkpt lat="-13.436748504638672" lon="32.337471008300781">
        <ele>875.9</ele>
    </trkpt>
    <trkpt lat="-13.435956954956055" lon="32.337230682373047">
        <ele>873.0</ele>
    </trkpt>
    <trkpt lat="-13.434962272644043" lon="32.336933135986328">
        <ele>871.9</ele>
    </trkpt>
    <trkpt lat="-13.433938980102539" lon="32.336578369140625">
        <ele>871.1</ele>
    </trkpt>
    <trkpt lat="-13.433140754699707" lon="32.336048126220703">
        <ele>871.4</ele>
    </trkpt>
    <trkpt lat="-13.43254566192627" lon="32.335365295410156">
        <ele>871.9</ele>
    </trkpt>
    <trkpt lat="-13.432155609130859" lon="32.334491729736328">
        <ele>868.7</ele>
    </trkpt>
    <trkpt lat="-13.431878089904785" lon="32.333641052246094">
        <ele>863.5</ele>
    </trkpt>
    <trkpt lat="-13.43156909942627" lon="32.332759857177734">
        <ele>860.6</ele>
    </trkpt>
    <trkpt lat="-13.431234359741211" lon="32.331794738769531">
        <ele>857.3</ele>
    </trkpt>
    <trkpt lat="-13.430676460266113" lon="32.330879211425781">
        <ele>856.0</ele>
    </trkpt>
    <trkpt lat="-13.43007755279541" lon="32.330207824707031">
        <ele>855.1</ele>
    </trkpt>
    <trkpt lat="-13.429635047912598" lon="32.329780578613281">
        <ele>853.5</ele>
    </trkpt>
    <trkpt lat="-13.429208755493164" lon="32.329280853271484">
        <ele>852.0</ele>
    </trkpt>
    <trkpt lat="-13.428707122802734" lon="32.328647613525391">
        <ele>849.1</ele>
    </trkpt>
    <trkpt lat="-13.428363800048828" lon="32.327796936035156">
        <ele>844.6</ele>
    </trkpt>
    <trkpt lat="-13.428295135498047" lon="32.326793670654297">
        <ele>842.6</ele>
    </trkpt>
    <trkpt lat="-13.427918434143066" lon="32.325790405273438">
        <ele>839.6</ele>
    </trkpt>
    <trkpt lat="-13.427498817443848" lon="32.325168609619141">
        <ele>837.1</ele>
    </trkpt>
    <trkpt lat="-13.427056312561035" lon="32.324596405029297">
        <ele>837.2</ele>
    </trkpt>
    <trkpt lat="-13.42646598815918" lon="32.323787689208984">
        <ele>836.3</ele>
    </trkpt>
    <trkpt lat="-13.425851821899414" lon="32.322967529296875">
        <ele>836.2</ele>
    </trkpt>
    <trkpt lat="-13.425509452819824" lon="32.322460174560547">
        <ele>838.1</ele>
    </trkpt>
    <trkpt lat="-13.425004005432129" lon="32.321792602539062">
        <ele>835.6</ele>
    </trkpt>
    <trkpt lat="-13.42442798614502" lon="32.320991516113281">
        <ele>832.9</ele>
    </trkpt>
    <trkpt lat="-13.423809051513672" lon="32.320121765136719">
        <ele>828.8</ele>
    </trkpt>
    <trkpt lat="-13.423151969909668" lon="32.319244384765625">
        <ele>829.0</ele>
    </trkpt>
    <trkpt lat="-13.422508239746094" lon="32.318382263183594">
        <ele>829.5</ele>
    </trkpt>
    <trkpt lat="-13.422018051147461" lon="32.317710876464844">
        <ele>829.7</ele>
    </trkpt>
    <trkpt lat="-13.421496391296387" lon="32.317012786865234">
        <ele>830.3</ele>
    </trkpt>
    <trkpt lat="-13.421206474304199" lon="32.316646575927734">
        <ele>830.8</ele>
    </trkpt>
    <trkpt lat="-13.42083740234375" lon="32.316104888916016">
        <ele>829.8</ele>
    </trkpt>
    <trkpt lat="-13.420320510864258" lon="32.315521240234375">
        <ele>828.0</ele>
    </trkpt>
    <trkpt lat="-13.419500350952148" lon="32.315078735351562">
        <ele>827.0</ele>
    </trkpt>
    <trkpt lat="-13.418483734130859" lon="32.315021514892578">
        <ele>825.2</ele>
    </trkpt>
    <trkpt lat="-13.417476654052734" lon="32.315326690673828">
        <ele>822.9</ele>
    </trkpt>
    <trkpt lat="-13.416366577148438" lon="32.315391540527344">
        <ele>821.6</ele>
    </trkpt>
    <trkpt lat="-13.415244102478027" lon="32.315071105957031">
        <ele>820.5</ele>
    </trkpt>
    <trkpt lat="-13.414081573486328" lon="32.314792633056641">
        <ele>819.2</ele>
    </trkpt>
    <trkpt lat="-13.412896156311035" lon="32.314903259277344">
        <ele>817.8</ele>
    </trkpt>
    <trkpt lat="-13.411767959594727" lon="32.315105438232422">
        <ele>817.4</ele>
    </trkpt>
    <trkpt lat="-13.410731315612793" lon="32.315292358398438">
        <ele>816.9</ele>
    </trkpt>
    <trkpt lat="-13.40986442565918" lon="32.315410614013672">
        <ele>818.2</ele>
    </trkpt>
    <trkpt lat="-13.40886116027832" lon="32.31561279296875">
        <ele>820.5</ele>
    </trkpt>
    <trkpt lat="-13.407848358154297" lon="32.316032409667969">
        <ele>819.0</ele>
    </trkpt>
    <trkpt lat="-13.406804084777832" lon="32.316520690917969">
        <ele>817.1</ele>
    </trkpt>
    <trkpt lat="-13.405732154846191" lon="32.316940307617188">
        <ele>819.2</ele>
    </trkpt>
    <trkpt lat="-13.404658317565918" lon="32.317100524902344">
        <ele>820.4</ele>
    </trkpt>
    <trkpt lat="-13.403392791748047" lon="32.317180633544922">
        <ele>814.7</ele>
    </trkpt>
    <trkpt lat="-13.40208625793457" lon="32.317249298095703">
        <ele>811.9</ele>
    </trkpt>
    <trkpt lat="-13.400781631469727" lon="32.317333221435547">
        <ele>812.1</ele>
    </trkpt>
    <trkpt lat="-13.399514198303223" lon="32.317405700683594">
        <ele>811.8</ele>
    </trkpt>
    <trkpt lat="-13.3983154296875" lon="32.317272186279297">
        <ele>808.2</ele>
    </trkpt>
    <trkpt lat="-13.397222518920898" lon="32.316761016845703">
        <ele>805.4</ele>
    </trkpt>
    <trkpt lat="-13.396121978759766" lon="32.316112518310547">
        <ele>804.7</ele>
    </trkpt>
    <trkpt lat="-13.395014762878418" lon="32.315456390380859">
        <ele>806.4</ele>
    </trkpt>
    <trkpt lat="-13.393970489501953" lon="32.314861297607422">
        <ele>807.2</ele>
    </trkpt>
    <trkpt lat="-13.392956733703613" lon="32.314247131347656">
        <ele>805.6</ele>
    </trkpt>
    <trkpt lat="-13.391845703125" lon="32.313640594482422">
        <ele>802.4</ele>
    </trkpt>
    <trkpt lat="-13.39048957824707" lon="32.313362121582031">
        <ele>800.0</ele>
    </trkpt>
    <trkpt lat="-13.389059066772461" lon="32.313255310058594">
        <ele>799.3</ele>
    </trkpt>
    <trkpt lat="-13.387740135192871" lon="32.313148498535156">
        <ele>801.0</ele>
    </trkpt>
    <trkpt lat="-13.386482238769531" lon="32.313034057617188">
        <ele>800.7</ele>
    </trkpt>
    <trkpt lat="-13.385221481323242" lon="32.31292724609375">
        <ele>803.4</ele>
    </trkpt>
    <trkpt lat="-13.384213447570801" lon="32.312644958496094">
        <ele>806.8</ele>
    </trkpt>
    <trkpt lat="-13.383237838745117" lon="32.312187194824219">
        <ele>804.7</ele>
    </trkpt>
    <trkpt lat="-13.382318496704102" lon="32.311458587646484">
        <ele>803.5</ele>
    </trkpt>
    <trkpt lat="-13.381343841552734" lon="32.310604095458984">
        <ele>806.5</ele>
    </trkpt>
    <trkpt lat="-13.380282402038574" lon="32.309917449951172">
        <ele>807.0</ele>
    </trkpt>
    <trkpt lat="-13.379215240478516" lon="32.309242248535156">
        <ele>804.6</ele>
    </trkpt>
    <trkpt lat="-13.378032684326172" lon="32.308734893798828">
        <ele>800.4</ele>
    </trkpt>
    <trkpt lat="-13.376876831054688" lon="32.308258056640625">
        <ele>798.7</ele>
    </trkpt>
    <trkpt lat="-13.37593936920166" lon="32.307651519775391">
        <ele>799.6</ele>
    </trkpt>
    <trkpt lat="-13.375032424926758" lon="32.306873321533203">
        <ele>796.9</ele>
    </trkpt>
    <trkpt lat="-13.374074935913086" lon="32.306026458740234">
        <ele>793.7</ele>
    </trkpt>
    <trkpt lat="-13.373103141784668" lon="32.305156707763672">
        <ele>793.8</ele>
    </trkpt>
    <trkpt lat="-13.372188568115234" lon="32.304317474365234">
        <ele>795.7</ele>
    </trkpt>
    <trkpt lat="-13.371488571166992" lon="32.303520202636719">
        <ele>794.2</ele>
    </trkpt>
    <trkpt lat="-13.370905876159668" lon="32.302814483642578">
        <ele>791.5</ele>
    </trkpt>
    <trkpt lat="-13.370238304138184" lon="32.302005767822266">
        <ele>789.1</ele>
    </trkpt>
    <trkpt lat="-13.369467735290527" lon="32.301067352294922">
        <ele>786.9</ele>
    </trkpt>
    <trkpt lat="-13.368696212768555" lon="32.300148010253906">
        <ele>787.3</ele>
    </trkpt>
    <trkpt lat="-13.367745399475098" lon="32.299362182617188">
        <ele>789.7</ele>
    </trkpt>
    <trkpt lat="-13.366654396057129" lon="32.298797607421875">
        <ele>793.5</ele>
    </trkpt>
    <trkpt lat="-13.365559577941895" lon="32.298442840576172">
        <ele>796.4</ele>
    </trkpt>
    <trkpt lat="-13.364446640014648" lon="32.298107147216797">
        <ele>796.8</ele>
    </trkpt>
    <trkpt lat="-13.363259315490723" lon="32.297946929931641">
        <ele>793.9</ele>
    </trkpt>
    <trkpt lat="-13.362154006958008" lon="32.297920227050781">
        <ele>792.0</ele>
    </trkpt>
    <trkpt lat="-13.361262321472168" lon="32.297863006591797">
        <ele>792.6</ele>
    </trkpt>
    <trkpt lat="-13.360264778137207" lon="32.2977294921875">
        <ele>792.4</ele>
    </trkpt>
    <trkpt lat="-13.359133720397949" lon="32.297523498535156">
        <ele>788.7</ele>
    </trkpt>
    <trkpt lat="-13.357936859130859" lon="32.297321319580078">
        <ele>783.8</ele>
    </trkpt>
    <trkpt lat="-13.356801986694336" lon="32.296859741210938">
        <ele>781.7</ele>
    </trkpt>
    <trkpt lat="-13.35604190826416" lon="32.295825958251953">
        <ele>784.1</ele>
    </trkpt>
    <trkpt lat="-13.355921745300293" lon="32.294624328613281">
        <ele>785.1</ele>
    </trkpt>
    <trkpt lat="-13.35605525970459" lon="32.293319702148438">
        <ele>783.2</ele>
    </trkpt>
    <trkpt lat="-13.356246948242188" lon="32.291999816894531">
        <ele>779.9</ele>
    </trkpt>
    <trkpt lat="-13.356655120849609" lon="32.290813446044922">
        <ele>777.4</ele>
    </trkpt>
    <trkpt lat="-13.356797218322754" lon="32.289630889892578">
        <ele>775.7</ele>
    </trkpt>
    <trkpt lat="-13.356351852416992" lon="32.288490295410156">
        <ele>773.4</ele>
    </trkpt>
    <trkpt lat="-13.355417251586914" lon="32.28765869140625">
        <ele>770.3</ele>
    </trkpt>
    <trkpt lat="-13.354351043701172" lon="32.286857604980469">
        <ele>767.7</ele>
    </trkpt>
    <trkpt lat="-13.353352546691895" lon="32.286128997802734">
        <ele>766.2</ele>
    </trkpt>
    <trkpt lat="-13.352526664733887" lon="32.285610198974609">
        <ele>764.0</ele>
    </trkpt>
    <trkpt lat="-13.35185432434082" lon="32.285198211669922">
        <ele>763.5</ele>
    </trkpt>
    <trkpt lat="-13.351265907287598" lon="32.28485107421875">
        <ele>762.1</ele>
    </trkpt>
    <trkpt lat="-13.350832939147949" lon="32.284622192382812">
        <ele>761.6</ele>
    </trkpt>
    <trkpt lat="-13.350273132324219" lon="32.2843017578125">
        <ele>761.0</ele>
    </trkpt>
    <trkpt lat="-13.349433898925781" lon="32.283981323242188">
        <ele>760.4</ele>
    </trkpt>
    <trkpt lat="-13.348567008972168" lon="32.283775329589844">
        <ele>760.7</ele>
    </trkpt>
    <trkpt lat="-13.347603797912598" lon="32.283576965332031">
        <ele>762.3</ele>
    </trkpt>
    <trkpt lat="-13.346828460693359" lon="32.283222198486328">
        <ele>764.0</ele>
    </trkpt>
    <trkpt lat="-13.34614086151123" lon="32.282741546630859">
        <ele>761.7</ele>
    </trkpt>
    <trkpt lat="-13.345241546630859" lon="32.28240966796875">
        <ele>758.7</ele>
    </trkpt>
    <trkpt lat="-13.344241142272949" lon="32.282199859619141">
        <ele>757.6</ele>
    </trkpt>
    <trkpt lat="-13.343339920043945" lon="32.282012939453125">
        <ele>758.6</ele>
    </trkpt>
    <trkpt lat="-13.342474937438965" lon="32.281818389892578">
        <ele>757.2</ele>
    </trkpt>
    <trkpt lat="-13.341616630554199" lon="32.281459808349609">
        <ele>757.1</ele>
    </trkpt>
    <trkpt lat="-13.340795516967773" lon="32.280826568603516">
        <ele>758.4</ele>
    </trkpt>
    <trkpt lat="-13.340167045593262" lon="32.279956817626953">
        <ele>759.1</ele>
    </trkpt>
    <trkpt lat="-13.339642524719238" lon="32.278934478759766">
        <ele>757.9</ele>
    </trkpt>
    <trkpt lat="-13.339098930358887" lon="32.277885437011719">
        <ele>754.3</ele>
    </trkpt>
    <trkpt lat="-13.33852481842041" lon="32.276744842529297">
        <ele>751.2</ele>
    </trkpt>
    <trkpt lat="-13.337980270385742" lon="32.275669097900391">
        <ele>751.2</ele>
    </trkpt>
    <trkpt lat="-13.337225914001465" lon="32.274742126464844">
        <ele>752.6</ele>
    </trkpt>
    <trkpt lat="-13.336248397827148" lon="32.273918151855469">
        <ele>752.2</ele>
    </trkpt>
    <trkpt lat="-13.335294723510742" lon="32.273109436035156">
        <ele>750.5</ele>
    </trkpt>
    <trkpt lat="-13.334458351135254" lon="32.272529602050781">
        <ele>747.5</ele>
    </trkpt>
    <trkpt lat="-13.333565711975098" lon="32.272090911865234">
        <ele>743.7</ele>
    </trkpt>
    <trkpt lat="-13.332630157470703" lon="32.27154541015625">
        <ele>740.3</ele>
    </trkpt>
    <trkpt lat="-13.331955909729004" lon="32.270835876464844">
        <ele>738.9</ele>
    </trkpt>
    <trkpt lat="-13.331540107727051" lon="32.269832611083984">
        <ele>739.8</ele>
    </trkpt>
    <trkpt lat="-13.331258773803711" lon="32.268680572509766">
        <ele>739.4</ele>
    </trkpt>
    <trkpt lat="-13.330953598022461" lon="32.267490386962891">
        <ele>739.6</ele>
    </trkpt>
    <trkpt lat="-13.330602645874023" lon="32.266407012939453">
        <ele>739.0</ele>
    </trkpt>
    <trkpt lat="-13.330190658569336" lon="32.265296936035156">
        <ele>739.9</ele>
    </trkpt>
    <trkpt lat="-13.32978343963623" lon="32.264190673828125">
        <ele>738.1</ele>
    </trkpt>
    <trkpt lat="-13.329216957092285" lon="32.263092041015625">
        <ele>733.2</ele>
    </trkpt>
    <trkpt lat="-13.328423500061035" lon="32.262077331542969">
        <ele>730.6</ele>
    </trkpt>
    <trkpt lat="-13.328045845031738" lon="32.260890960693359">
        <ele>729.9</ele>
    </trkpt>
    <trkpt lat="-13.327535629272461" lon="32.259708404541016">
        <ele>727.9</ele>
    </trkpt>
    <trkpt lat="-13.326942443847656" lon="32.258716583251953">
        <ele>728.8</ele>
    </trkpt>
    <trkpt lat="-13.32630729675293" lon="32.257778167724609">
        <ele>731.6</ele>
    </trkpt>
    <trkpt lat="-13.325373649597168" lon="32.257099151611328">
        <ele>733.1</ele>
    </trkpt>
    <trkpt lat="-13.324427604675293" lon="32.256477355957031">
        <ele>731.7</ele>
    </trkpt>
    <trkpt lat="-13.323266983032227" lon="32.256069183349609">
        <ele>727.9</ele>
    </trkpt>
    <trkpt lat="-13.322100639343262" lon="32.255508422851562">
        <ele>727.0</ele>
    </trkpt>
    <trkpt lat="-13.321335792541504" lon="32.254501342773438">
        <ele>725.5</ele>
    </trkpt>
    <trkpt lat="-13.321069717407227" lon="32.253318786621094">
        <ele>724.6</ele>
    </trkpt>
    <trkpt lat="-13.320978164672852" lon="32.252071380615234">
        <ele>724.0</ele>
    </trkpt>
    <trkpt lat="-13.320334434509277" lon="32.250988006591797">
        <ele>721.9</ele>
    </trkpt>
    <trkpt lat="-13.319433212280273" lon="32.250049591064453">
        <ele>719.1</ele>
    </trkpt>
    <trkpt lat="-13.318488121032715" lon="32.249076843261719">
        <ele>724.4</ele>
    </trkpt>
    <trkpt lat="-13.317649841308594" lon="32.248199462890625">
        <ele>726.7</ele>
    </trkpt>
    <trkpt lat="-13.31700325012207" lon="32.247196197509766">
        <ele>724.6</ele>
    </trkpt>
    <trkpt lat="-13.316644668579102" lon="32.246047973632812">
        <ele>722.2</ele>
    </trkpt>
    <trkpt lat="-13.316271781921387" lon="32.244892120361328">
        <ele>720.3</ele>
    </trkpt>
    <trkpt lat="-13.315708160400391" lon="32.243831634521484">
        <ele>714.9</ele>
    </trkpt>
    <trkpt lat="-13.315092086791992" lon="32.242706298828125">
        <ele>713.5</ele>
    </trkpt>
    <trkpt lat="-13.314468383789062" lon="32.2415771484375">
        <ele>712.8</ele>
    </trkpt>
    <trkpt lat="-13.313911437988281" lon="32.240505218505859">
        <ele>713.5</ele>
    </trkpt>
    <trkpt lat="-13.313333511352539" lon="32.23944091796875">
        <ele>715.6</ele>
    </trkpt>
    <trkpt lat="-13.312795639038086" lon="32.238418579101562">
        <ele>715.2</ele>
    </trkpt>
    <trkpt lat="-13.312249183654785" lon="32.237415313720703">
        <ele>713.9</ele>
    </trkpt>
    <trkpt lat="-13.311455726623535" lon="32.236473083496094">
        <ele>712.8</ele>
    </trkpt>
    <trkpt lat="-13.310466766357422" lon="32.235671997070312">
        <ele>711.4</ele>
    </trkpt>
    <trkpt lat="-13.309447288513184" lon="32.234848022460938">
        <ele>708.8</ele>
    </trkpt>
    <trkpt lat="-13.308757781982422" lon="32.233779907226562">
        <ele>709.5</ele>
    </trkpt>
    <trkpt lat="-13.30848503112793" lon="32.232501983642578">
        <ele>710.1</ele>
    </trkpt>
    <trkpt lat="-13.308304786682129" lon="32.231189727783203">
        <ele>709.6</ele>
    </trkpt>
    <trkpt lat="-13.308340072631836" lon="32.229854583740234">
        <ele>710.1</ele>
    </trkpt>
    <trkpt lat="-13.308370590209961" lon="32.228500366210938">
        <ele>705.4</ele>
    </trkpt>
    <trkpt lat="-13.308411598205566" lon="32.227027893066406">
        <ele>702.2</ele>
    </trkpt>
    <trkpt lat="-13.308455467224121" lon="32.225528717041016">
        <ele>701.4</ele>
    </trkpt>
    <trkpt lat="-13.308431625366211" lon="32.224166870117188">
        <ele>705.7</ele>
    </trkpt>
    <trkpt lat="-13.307994842529297" lon="32.223030090332031">
        <ele>710.5</ele>
    </trkpt>
    <trkpt lat="-13.307224273681641" lon="32.222248077392578">
        <ele>711.8</ele>
    </trkpt>
    <trkpt lat="-13.306257247924805" lon="32.221790313720703">
        <ele>713.0</ele>
    </trkpt>
    <trkpt lat="-13.305315971374512" lon="32.221534729003906">
        <ele>712.9</ele>
    </trkpt>
    <trkpt lat="-13.304579734802246" lon="32.221225738525391">
        <ele>711.9</ele>
    </trkpt>
    <trkpt lat="-13.303902626037598" lon="32.220916748046875">
        <ele>708.0</ele>
    </trkpt>
    <trkpt lat="-13.303030014038086" lon="32.220630645751953">
        <ele>706.4</ele>
    </trkpt>
    <trkpt lat="-13.302148818969727" lon="32.220508575439453">
        <ele>705.7</ele>
    </trkpt>
    <trkpt lat="-13.301844596862793" lon="32.220405578613281">
        <ele>705.5</ele>
    </trkpt>
    <trkpt lat="-13.301810264587402" lon="32.219875335693359">
        <ele>705.8</ele>
    </trkpt>
    <trkpt lat="-13.301799774169922" lon="32.219142913818359">
        <ele>702.8</ele>
    </trkpt>
    <trkpt lat="-13.301931381225586" lon="32.218242645263672">
        <ele>697.6</ele>
    </trkpt>
    <trkpt lat="-13.302102088928223" lon="32.21734619140625">
        <ele>691.7</ele>
    </trkpt>
    <trkpt lat="-13.302266120910645" lon="32.216533660888672">
        <ele>688.9</ele>
    </trkpt>
    <trkpt lat="-13.30255126953125" lon="32.21563720703125">
        <ele>686.5</ele>
    </trkpt>
    <trkpt lat="-13.303092002868652" lon="32.2147216796875">
        <ele>688.7</ele>
    </trkpt>
    <trkpt lat="-13.30367374420166" lon="32.213817596435547">
        <ele>694.4</ele>
    </trkpt>
    <trkpt lat="-13.303853034973145" lon="32.212738037109375">
        <ele>696.7</ele>
    </trkpt>
    <trkpt lat="-13.303619384765625" lon="32.211700439453125">
        <ele>693.9</ele>
    </trkpt>
    <trkpt lat="-13.303009033203125" lon="32.210800170898438">
        <ele>688.8</ele>
    </trkpt>
    <trkpt lat="-13.302495002746582" lon="32.210121154785156">
        <ele>686.5</ele>
    </trkpt>
    <trkpt lat="-13.301916122436523" lon="32.209213256835938">
        <ele>684.8</ele>
    </trkpt>
    <trkpt lat="-13.301445007324219" lon="32.208084106445312">
        <ele>684.5</ele>
    </trkpt>
    <trkpt lat="-13.301204681396484" lon="32.206871032714844">
        <ele>682.3</ele>
    </trkpt>
    <trkpt lat="-13.301204681396484" lon="32.205596923828125">
        <ele>679.0</ele>
    </trkpt>
    <trkpt lat="-13.301371574401855" lon="32.204395294189453">
        <ele>677.9</ele>
    </trkpt>
    <trkpt lat="-13.301126480102539" lon="32.203243255615234">
        <ele>677.0</ele>
    </trkpt>
    <trkpt lat="-13.300846099853516" lon="32.202041625976562">
        <ele>674.3</ele>
    </trkpt>
    <trkpt lat="-13.300962448120117" lon="32.200721740722656">
        <ele>672.4</ele>
    </trkpt>
    <trkpt lat="-13.301315307617188" lon="32.199478149414062">
        <ele>670.9</ele>
    </trkpt>
    <trkpt lat="-13.301214218139648" lon="32.198192596435547">
        <ele>674.2</ele>
    </trkpt>
    <trkpt lat="-13.300786018371582" lon="32.196983337402344">
        <ele>674.6</ele>
    </trkpt>
    <trkpt lat="-13.30025577545166" lon="32.195854187011719">
        <ele>674.3</ele>
    </trkpt>
    <trkpt lat="-13.29998779296875" lon="32.194984436035156">
        <ele>673.1</ele>
    </trkpt>
    <trkpt lat="-13.29971981048584" lon="32.194110870361328">
        <ele>671.4</ele>
    </trkpt>
    <trkpt lat="-13.299424171447754" lon="32.193145751953125">
        <ele>669.9</ele>
    </trkpt>
    <trkpt lat="-13.299108505249023" lon="32.192058563232422">
        <ele>665.4</ele>
    </trkpt>
    <trkpt lat="-13.298831939697266" lon="32.191169738769531">
        <ele>663.6</ele>
    </trkpt>
    <trkpt lat="-13.29852294921875" lon="32.190105438232422">
        <ele>660.0</ele>
    </trkpt>
    <trkpt lat="-13.298157691955566" lon="32.188911437988281">
        <ele>657.0</ele>
    </trkpt>
    <trkpt lat="-13.297844886779785" lon="32.187778472900391">
        <ele>657.2</ele>
    </trkpt>
    <trkpt lat="-13.297938346862793" lon="32.186714172363281">
        <ele>655.3</ele>
    </trkpt>
    <trkpt lat="-13.298510551452637" lon="32.185783386230469">
        <ele>651.9</ele>
    </trkpt>
    <trkpt lat="-13.299036026000977" lon="32.184764862060547">
        <ele>649.9</ele>
    </trkpt>
    <trkpt lat="-13.29905891418457" lon="32.183506011962891">
        <ele>649.0</ele>
    </trkpt>
    <trkpt lat="-13.298967361450195" lon="32.182254791259766">
        <ele>648.6</ele>
    </trkpt>
    <trkpt lat="-13.298707008361816" lon="32.181140899658203">
        <ele>646.8</ele>
    </trkpt>
    <trkpt lat="-13.298457145690918" lon="32.179954528808594">
        <ele>643.9</ele>
    </trkpt>
    <trkpt lat="-13.298352241516113" lon="32.178672790527344">
        <ele>640.8</ele>
    </trkpt>
    <trkpt lat="-13.29831600189209" lon="32.177341461181641">
        <ele>639.1</ele>
    </trkpt>
    <trkpt lat="-13.29825496673584" lon="32.176132202148438">
        <ele>638.3</ele>
    </trkpt>
    <trkpt lat="-13.298227310180664" lon="32.175346374511719">
        <ele>637.8</ele>
    </trkpt>
    <trkpt lat="-13.298283576965332" lon="32.174472808837891">
        <ele>637.6</ele>
    </trkpt>
    <trkpt lat="-13.298358917236328" lon="32.173419952392578">
        <ele>636.3</ele>
    </trkpt>
    <trkpt lat="-13.298408508300781" lon="32.172439575195312">
        <ele>636.1</ele>
    </trkpt>
    <trkpt lat="-13.298441886901855" lon="32.171794891357422">
        <ele>636.4</ele>
    </trkpt>
    <trkpt lat="-13.298572540283203" lon="32.170913696289062">
        <ele>635.5</ele>
    </trkpt>
    <trkpt lat="-13.29879093170166" lon="32.169879913330078">
        <ele>633.4</ele>
    </trkpt>
    <trkpt lat="-13.299131393432617" lon="32.168743133544922">
        <ele>631.8</ele>
    </trkpt>
    <trkpt lat="-13.299502372741699" lon="32.167556762695312">
        <ele>630.6</ele>
    </trkpt>
    <trkpt lat="-13.299930572509766" lon="32.166378021240234">
        <ele>629.5</ele>
    </trkpt>
    <trkpt lat="-13.300383567810059" lon="32.165260314941406">
        <ele>628.9</ele>
    </trkpt>
    <trkpt lat="-13.300849914550781" lon="32.164207458496094">
        <ele>627.5</ele>
    </trkpt>
    <trkpt lat="-13.301591873168945" lon="32.163215637207031">
        <ele>625.6</ele>
    </trkpt>
    <trkpt lat="-13.302376747131348" lon="32.162448883056641">
        <ele>623.9</ele>
    </trkpt>
    <trkpt lat="-13.303054809570312" lon="32.161720275878906">
        <ele>621.3</ele>
    </trkpt>
    <trkpt lat="-13.303712844848633" lon="32.1607666015625">
        <ele>620.1</ele>
    </trkpt>
    <trkpt lat="-13.304312705993652" lon="32.15985107421875">
        <ele>619.6</ele>
    </trkpt>
    <trkpt lat="-13.304913520812988" lon="32.158977508544922">
        <ele>617.1</ele>
    </trkpt>
    <trkpt lat="-13.305591583251953" lon="32.157962799072266">
        <ele>615.0</ele>
    </trkpt>
    <trkpt lat="-13.306193351745605" lon="32.156898498535156">
        <ele>613.9</ele>
    </trkpt>
    <trkpt lat="-13.306443214416504" lon="32.155616760253906">
        <ele>612.1</ele>
    </trkpt>
    <trkpt lat="-13.306313514709473" lon="32.154239654541016">
        <ele>610.9</ele>
    </trkpt>
    <trkpt lat="-13.306148529052734" lon="32.152923583984375">
        <ele>611.9</ele>
    </trkpt>
    <trkpt lat="-13.306156158447266" lon="32.151653289794922">
        <ele>612.4</ele>
    </trkpt>
    <trkpt lat="-13.306382179260254" lon="32.150424957275391">
        <ele>611.5</ele>
    </trkpt>
    <trkpt lat="-13.306624412536621" lon="32.149055480957031">
        <ele>611.3</ele>
    </trkpt>
    <trkpt lat="-13.306692123413086" lon="32.147598266601562">
        <ele>612.2</ele>
    </trkpt>
    <trkpt lat="-13.306552886962891" lon="32.146221160888672">
        <ele>612.8</ele>
    </trkpt>
    <trkpt lat="-13.306281089782715" lon="32.144977569580078">
        <ele>614.2</ele>
    </trkpt>
    <trkpt lat="-13.305933952331543" lon="32.143733978271484">
        <ele>615.0</ele>
    </trkpt>
    <trkpt lat="-13.305497169494629" lon="32.14251708984375">
        <ele>615.8</ele>
    </trkpt>
    <trkpt lat="-13.304862022399902" lon="32.141357421875">
        <ele>614.5</ele>
    </trkpt>
    <trkpt lat="-13.304024696350098" lon="32.140312194824219">
        <ele>613.9</ele>
    </trkpt>
    <trkpt lat="-13.303112983703613" lon="32.139247894287109">
        <ele>614.2</ele>
    </trkpt>
    <trkpt lat="-13.302219390869141" lon="32.138191223144531">
        <ele>614.4</ele>
    </trkpt>
    <trkpt lat="-13.301351547241211" lon="32.137172698974609">
        <ele>613.9</ele>
    </trkpt>
    <trkpt lat="-13.300508499145508" lon="32.136024475097656">
        <ele>611.8</ele>
    </trkpt>
    <trkpt lat="-13.299851417541504" lon="32.13470458984375">
        <ele>612.1</ele>
    </trkpt>
    <trkpt lat="-13.299432754516602" lon="32.133354187011719">
        <ele>611.2</ele>
    </trkpt>
    <trkpt lat="-13.299138069152832" lon="32.132034301757812">
        <ele>611.1</ele>
    </trkpt>
    <trkpt lat="-13.298848152160645" lon="32.130756378173828">
        <ele>609.1</ele>
    </trkpt>
    <trkpt lat="-13.298542976379395" lon="32.129436492919922">
        <ele>607.3</ele>
    </trkpt>
    <trkpt lat="-13.298261642456055" lon="32.128120422363281">
        <ele>607.4</ele>
    </trkpt>
    <trkpt lat="-13.297986030578613" lon="32.126792907714844">
        <ele>606.7</ele>
    </trkpt>
    <trkpt lat="-13.297770500183105" lon="32.125473022460938">
        <ele>606.7</ele>
    </trkpt>
    <trkpt lat="-13.297695159912109" lon="32.124088287353516">
        <ele>606.3</ele>
    </trkpt>
    <trkpt lat="-13.297746658325195" lon="32.122722625732422">
        <ele>606.5</ele>
    </trkpt>
    <trkpt lat="-13.297901153564453" lon="32.121360778808594">
        <ele>607.0</ele>
    </trkpt>
    <trkpt lat="-13.298075675964355" lon="32.120029449462891">
        <ele>606.8</ele>
    </trkpt>
    <trkpt lat="-13.298232078552246" lon="32.118694305419922">
        <ele>605.1</ele>
    </trkpt>
    <trkpt lat="-13.298430442810059" lon="32.117427825927734">
        <ele>605.0</ele>
    </trkpt>
    <trkpt lat="-13.298552513122559" lon="32.116641998291016">
        <ele>604.2</ele>
    </trkpt>
    <trkpt lat="-13.298657417297363" lon="32.115837097167969">
        <ele>603.7</ele>
    </trkpt>
    <trkpt lat="-13.298673629760742" lon="32.1148681640625">
        <ele>604.1</ele>
    </trkpt>
    <trkpt lat="-13.298545837402344" lon="32.113887786865234">
        <ele>603.6</ele>
    </trkpt>
    <trkpt lat="-13.298252105712891" lon="32.112949371337891">
        <ele>604.4</ele>
    </trkpt>
    <trkpt lat="-13.297884941101074" lon="32.111957550048828">
        <ele>603.3</ele>
    </trkpt>
    <trkpt lat="-13.297514915466309" lon="32.110919952392578">
        <ele>603.4</ele>
    </trkpt>
    <trkpt lat="-13.297207832336426" lon="32.110000610351562">
        <ele>605.2</ele>
    </trkpt>
    <trkpt lat="-13.296937942504883" lon="32.109001159667969">
        <ele>604.4</ele>
    </trkpt>
    <trkpt lat="-13.296708106994629" lon="32.107826232910156">
        <ele>602.7</ele>
    </trkpt>
    <trkpt lat="-13.296442985534668" lon="32.106525421142578">
        <ele>600.4</ele>
    </trkpt>
    <trkpt lat="-13.296165466308594" lon="32.105236053466797">
        <ele>601.5</ele>
    </trkpt>
    <trkpt lat="-13.295890808105469" lon="32.103981018066406">
        <ele>600.9</ele>
    </trkpt>
    <trkpt lat="-13.295622825622559" lon="32.102718353271484">
        <ele>600.6</ele>
    </trkpt>
    <trkpt lat="-13.29533863067627" lon="32.101451873779297">
        <ele>598.8</ele>
    </trkpt>
    <trkpt lat="-13.295092582702637" lon="32.100231170654297">
        <ele>596.9</ele>
    </trkpt>
    <trkpt lat="-13.294875144958496" lon="32.099117279052734">
        <ele>596.3</ele>
    </trkpt>
    <trkpt lat="-13.294661521911621" lon="32.097991943359375">
        <ele>596.9</ele>
    </trkpt>
    <trkpt lat="-13.294477462768555" lon="32.096870422363281">
        <ele>595.7</ele>
    </trkpt>
    <trkpt lat="-13.294297218322754" lon="32.095718383789062">
        <ele>595.0</ele>
    </trkpt>
    <trkpt lat="-13.294109344482422" lon="32.094482421875">
        <ele>596.3</ele>
    </trkpt>
    <trkpt lat="-13.293906211853027" lon="32.093235015869141">
        <ele>594.2</ele>
    </trkpt>
    <trkpt lat="-13.29371166229248" lon="32.092002868652344">
        <ele>594.3</ele>
    </trkpt>
    <trkpt lat="-13.293594360351562" lon="32.090850830078125">
        <ele>594.4</ele>
    </trkpt>
    <trkpt lat="-13.293498039245605" lon="32.089702606201172">
        <ele>593.4</ele>
    </trkpt>
    <trkpt lat="-13.293422698974609" lon="32.088588714599609">
        <ele>592.4</ele>
    </trkpt>
    <trkpt lat="-13.293344497680664" lon="32.087738037109375">
        <ele>592.4</ele>
    </trkpt>
    <trkpt lat="-13.293279647827148" lon="32.086841583251953">
        <ele>590.6</ele>
    </trkpt>
    <trkpt lat="-13.293205261230469" lon="32.085849761962891">
        <ele>590.3</ele>
    </trkpt>
    <trkpt lat="-13.293159484863281" lon="32.0848388671875">
        <ele>589.8</ele>
    </trkpt>
    <trkpt lat="-13.293169021606445" lon="32.083854675292969">
        <ele>589.5</ele>
    </trkpt>
    <trkpt lat="-13.293538093566895" lon="32.082843780517578">
        <ele>590.0</ele>
    </trkpt>
    <trkpt lat="-13.294300079345703" lon="32.081939697265625">
        <ele>591.0</ele>
    </trkpt>
    <trkpt lat="-13.295200347900391" lon="32.081058502197266">
        <ele>592.0</ele>
    </trkpt>
    <trkpt lat="-13.296077728271484" lon="32.080211639404297">
        <ele>592.6</ele>
    </trkpt>
    <trkpt lat="-13.296911239624023" lon="32.079395294189453">
        <ele>592.3</ele>
    </trkpt>
    <trkpt lat="-13.297748565673828" lon="32.078670501708984">
        <ele>591.8</ele>
    </trkpt>
    <trkpt lat="-13.298491477966309" lon="32.078029632568359">
        <ele>591.7</ele>
    </trkpt>
    <trkpt lat="-13.298890113830566" lon="32.077602386474609">
        <ele>592.4</ele>
    </trkpt>
    <trkpt lat="-13.299030303955078" lon="32.077468872070312">
        <ele>591.2</ele>
    </trkpt>
    <trkpt lat="-13.299386024475098" lon="32.077125549316406">
        <ele>589.7</ele>
    </trkpt>
    <trkpt lat="-13.299880981445312" lon="32.076663970947266">
        <ele>588.9</ele>
    </trkpt>
    <trkpt lat="-13.300483703613281" lon="32.075954437255859">
        <ele>588.5</ele>
    </trkpt>
    <trkpt lat="-13.301006317138672" lon="32.075126647949219">
        <ele>588.2</ele>
    </trkpt>
    <trkpt lat="-13.301481246948242" lon="32.074222564697266">
        <ele>588.9</ele>
    </trkpt>
    <trkpt lat="-13.301772117614746" lon="32.073253631591797">
        <ele>588.5</ele>
    </trkpt>
    <trkpt lat="-13.301774978637695" lon="32.072513580322266">
        <ele>587.5</ele>
    </trkpt>
    <trkpt lat="-13.301803588867188" lon="32.072185516357422">
        <ele>587.6</ele>
    </trkpt>
    <trkpt lat="-13.301815032958984" lon="32.07171630859375">
        <ele>587.2</ele>
    </trkpt>
    <trkpt lat="-13.301822662353516" lon="32.070842742919922">
        <ele>587.0</ele>
    </trkpt>
    <trkpt lat="-13.301839828491211" lon="32.069816589355469">
        <ele>587.7</ele>
    </trkpt>
    <trkpt lat="-13.301845550537109" lon="32.068775177001953">
        <ele>587.1</ele>
    </trkpt>
    <trkpt lat="-13.301875114440918" lon="32.067741394042969">
        <ele>586.3</ele>
    </trkpt>
    <trkpt lat="-13.30186939239502" lon="32.066936492919922">
        <ele>585.6</ele>
    </trkpt>
    <trkpt lat="-13.301862716674805" lon="32.066165924072266">
        <ele>583.4</ele>
    </trkpt>
    <trkpt lat="-13.301612854003906" lon="32.065277099609375">
        <ele>582.9</ele>
    </trkpt>
    <trkpt lat="-13.301227569580078" lon="32.064510345458984">
        <ele>583.4</ele>
    </trkpt>
    <trkpt lat="-13.300676345825195" lon="32.063827514648438">
        <ele>582.3</ele>
    </trkpt>
    <trkpt lat="-13.300018310546875" lon="32.063304901123047">
        <ele>582.7</ele>
    </trkpt>
    <trkpt lat="-13.29961109161377" lon="32.063026428222656">
        <ele>585.6</ele>
    </trkpt>
    <trkpt lat="-13.299115180969238" lon="32.06268310546875">
        <ele>589.7</ele>
    </trkpt>
    <trkpt lat="-13.298540115356445" lon="32.062274932861328">
        <ele>593.0</ele>
    </trkpt>
    <trkpt lat="-13.297943115234375" lon="32.0616455078125">
        <ele>593.5</ele>
    </trkpt>
    <trkpt lat="-13.297420501708984" lon="32.060825347900391">
        <ele>593.5</ele>
    </trkpt>
    <trkpt lat="-13.29692268371582" lon="32.060035705566406">
        <ele>594.1</ele>
    </trkpt>
    <trkpt lat="-13.296536445617676" lon="32.059329986572266">
        <ele>593.3</ele>
    </trkpt>
    <trkpt lat="-13.29610538482666" lon="32.058681488037109">
        <ele>593.9</ele>
    </trkpt>
    <trkpt lat="-13.295758247375488" lon="32.058147430419922">
        <ele>594.5</ele>
    </trkpt>
    <trkpt lat="-13.295458793640137" lon="32.057613372802734">
        <ele>594.4</ele>
    </trkpt>
    <trkpt lat="-13.295161247253418" lon="32.056987762451172">
        <ele>594.4</ele>
    </trkpt>
    <trkpt lat="-13.294926643371582" lon="32.056163787841797">
        <ele>592.3</ele>
    </trkpt>
    <trkpt lat="-13.29481315612793" lon="32.055263519287109">
        <ele>588.8</ele>
    </trkpt>
    <trkpt lat="-13.294837951660156" lon="32.054332733154297">
        <ele>587.4</ele>
    </trkpt>
    <trkpt lat="-13.294882774353027" lon="32.053501129150391">
        <ele>587.7</ele>
    </trkpt>
    <trkpt lat="-13.294907569885254" lon="32.052925109863281">
        <ele>587.5</ele>
    </trkpt>
    <trkpt lat="-13.29505443572998" lon="32.052169799804688">
        <ele>586.9</ele>
    </trkpt>
    <trkpt lat="-13.295290946960449" lon="32.051292419433594">
        <ele>587.6</ele>
    </trkpt>
    <trkpt lat="-13.295668601989746" lon="32.050548553466797">
        <ele>588.6</ele>
    </trkpt>
    <trkpt lat="-13.296009063720703" lon="32.049934387207031">
        <ele>588.2</ele>
    </trkpt>
    <trkpt lat="-13.296293258666992" lon="32.049308776855469">
        <ele>588.9</ele>
    </trkpt>
    <trkpt lat="-13.296474456787109" lon="32.048992156982422">
        <ele>587.6</ele>
    </trkpt>
    <trkpt lat="-13.296707153320312" lon="32.048568725585938">
        <ele>587.5</ele>
    </trkpt>
    <trkpt lat="-13.296950340270996" lon="32.048000335693359">
        <ele>587.6</ele>
    </trkpt>
    <trkpt lat="-13.297309875488281" lon="32.047351837158203">
        <ele>587.1</ele>
    </trkpt>
    <trkpt lat="-13.297633171081543" lon="32.046695709228516">
        <ele>587.8</ele>
    </trkpt>
    <trkpt lat="-13.297945022583008" lon="32.046062469482422">
        <ele>588.0</ele>
    </trkpt>
    <trkpt lat="-13.298290252685547" lon="32.045448303222656">
        <ele>587.7</ele>
    </trkpt>
    <trkpt lat="-13.298583030700684" lon="32.044784545898438">
        <ele>586.6</ele>
    </trkpt>
    <trkpt lat="-13.298880577087402" lon="32.044284820556641">
        <ele>585.6</ele>
    </trkpt>
    <trkpt lat="-13.299134254455566" lon="32.043560028076172">
        <ele>584.6</ele>
    </trkpt>
    <trkpt lat="-13.299258232116699" lon="32.042743682861328">
        <ele>584.4</ele>
    </trkpt>
    <trkpt lat="-13.299346923828125" lon="32.041999816894531">
        <ele>585.3</ele>
    </trkpt>
    <trkpt lat="-13.299406051635742" lon="32.041309356689453">
        <ele>584.6</ele>
    </trkpt>
    <trkpt lat="-13.299627304077148" lon="32.040409088134766">
        <ele>585.0</ele>
    </trkpt>
    <trkpt lat="-13.300007820129395" lon="32.039443969726562">
        <ele>587.4</ele>
    </trkpt>
    <trkpt lat="-13.300525665283203" lon="32.038566589355469">
        <ele>588.0</ele>
    </trkpt>
    <trkpt lat="-13.301068305969238" lon="32.037696838378906">
        <ele>585.1</ele>
    </trkpt>
    <trkpt lat="-13.30183219909668" lon="32.036960601806641">
        <ele>582.7</ele>
    </trkpt>
    <trkpt lat="-13.302762031555176" lon="32.036365509033203">
        <ele>583.6</ele>
    </trkpt>
    <trkpt lat="-13.303713798522949" lon="32.035804748535156">
        <ele>584.7</ele>
    </trkpt>
    <trkpt lat="-13.3045654296875" lon="32.035053253173828">
        <ele>585.0</ele>
    </trkpt>
    <trkpt lat="-13.305146217346191" lon="32.034023284912109">
        <ele>586.3</ele>
    </trkpt>
    <trkpt lat="-13.305339813232422" lon="32.032810211181641">
        <ele>589.7</ele>
    </trkpt>
    <trkpt lat="-13.305261611938477" lon="32.031547546386719">
        <ele>597.6</ele>
    </trkpt>
    <trkpt lat="-13.305200576782227" lon="32.030349731445312">
        <ele>610.0</ele>
    </trkpt>
    <trkpt lat="-13.30543041229248" lon="32.029312133789062">
        <ele>622.5</ele>
    </trkpt>
    <trkpt lat="-13.305870056152344" lon="32.028564453125">
        <ele>629.3</ele>
    </trkpt>
    <trkpt lat="-13.306540489196777" lon="32.027858734130859">
        <ele>634.8</ele>
    </trkpt>
    <trkpt lat="-13.307226181030273" lon="32.027027130126953">
        <ele>641.9</ele>
    </trkpt>
    <trkpt lat="-13.30784797668457" lon="32.026115417480469">
        <ele>649.8</ele>
    </trkpt>
    <trkpt lat="-13.308348655700684" lon="32.025196075439453">
        <ele>657.9</ele>
    </trkpt>
    <trkpt lat="-13.30821704864502" lon="32.024265289306641">
        <ele>666.9</ele>
    </trkpt>
    <trkpt lat="-13.307579040527344" lon="32.023715972900391">
        <ele>670.6</ele>
    </trkpt>
    <trkpt lat="-13.306696891784668" lon="32.023696899414062">
        <ele>666.3</ele>
    </trkpt>
    <trkpt lat="-13.305739402770996" lon="32.023777008056641">
        <ele>657.9</ele>
    </trkpt>
    <trkpt lat="-13.304836273193359" lon="32.023632049560547">
        <ele>650.0</ele>
    </trkpt>
    <trkpt lat="-13.303915977478027" lon="32.023674011230469">
        <ele>641.3</ele>
    </trkpt>
    <trkpt lat="-13.302894592285156" lon="32.023681640625">
        <ele>631.3</ele>
    </trkpt>
    <trkpt lat="-13.301828384399414" lon="32.023685455322266">
        <ele>623.1</ele>
    </trkpt>
    <trkpt lat="-13.300815582275391" lon="32.023658752441406">
        <ele>613.6</ele>
    </trkpt>
    <trkpt lat="-13.299732208251953" lon="32.023612976074219">
        <ele>604.6</ele>
    </trkpt>
    <trkpt lat="-13.298616409301758" lon="32.023517608642578">
        <ele>597.2</ele>
    </trkpt>
    <trkpt lat="-13.297534942626953" lon="32.023040771484375">
        <ele>590.4</ele>
    </trkpt>
    <trkpt lat="-13.296360969543457" lon="32.022445678710938">
        <ele>588.7</ele>
    </trkpt>
    <trkpt lat="-13.295166969299316" lon="32.021999359130859">
        <ele>588.2</ele>
    </trkpt>
    <trkpt lat="-13.293904304504395" lon="32.021678924560547">
        <ele>584.8</ele>
    </trkpt>
    <trkpt lat="-13.292649269104004" lon="32.021343231201172">
        <ele>582.9</ele>
    </trkpt>
    <trkpt lat="-13.291546821594238" lon="32.020755767822266">
        <ele>584.1</ele>
    </trkpt>
    <trkpt lat="-13.290761947631836" lon="32.019802093505859">
        <ele>583.2</ele>
    </trkpt>
    <trkpt lat="-13.290130615234375" lon="32.018817901611328">
        <ele>582.2</ele>
    </trkpt>
    <trkpt lat="-13.289475440979004" lon="32.017799377441406">
        <ele>580.9</ele>
    </trkpt>
    <trkpt lat="-13.288815498352051" lon="32.016765594482422">
        <ele>580.4</ele>
    </trkpt>
    <trkpt lat="-13.288139343261719" lon="32.015777587890625">
        <ele>580.0</ele>
    </trkpt>
    <trkpt lat="-13.287415504455566" lon="32.014751434326172">
        <ele>580.4</ele>
    </trkpt>
    <trkpt lat="-13.286739349365234" lon="32.013721466064453">
        <ele>582.6</ele>
    </trkpt>
    <trkpt lat="-13.286196708679199" lon="32.012664794921875">
        <ele>583.7</ele>
    </trkpt>
    <trkpt lat="-13.285955429077148" lon="32.012027740478516">
        <ele>583.7</ele>
    </trkpt>
    <trkpt lat="-13.285894393920898" lon="32.011909484863281">
        <ele>582.9</ele>
    </trkpt>
    <trkpt lat="-13.285804748535156" lon="32.011558532714844">
        <ele>582.1</ele>
    </trkpt>
    <trkpt lat="-13.285600662231445" lon="32.010910034179688">
        <ele>581.5</ele>
    </trkpt>
    <trkpt lat="-13.285317420959473" lon="32.010028839111328">
        <ele>580.2</ele>
    </trkpt>
    <trkpt lat="-13.285258293151855" lon="32.009014129638672">
        <ele>578.4</ele>
    </trkpt>
    <trkpt lat="-13.285476684570312" lon="32.007858276367188">
        <ele>576.0</ele>
    </trkpt>
    <trkpt lat="-13.285734176635742" lon="32.006633758544922">
        <ele>576.2</ele>
    </trkpt>
    <trkpt lat="-13.285853385925293" lon="32.005519866943359">
        <ele>575.9</ele>
    </trkpt>
    <trkpt lat="-13.285645484924316" lon="32.004501342773438">
        <ele>576.7</ele>
    </trkpt>
    <trkpt lat="-13.285212516784668" lon="32.003425598144531">
        <ele>576.1</ele>
    </trkpt>
    <trkpt lat="-13.284952163696289" lon="32.002365112304688">
        <ele>575.0</ele>
    </trkpt>
    <trkpt lat="-13.284900665283203" lon="32.001712799072266">
        <ele>573.6</ele>
    </trkpt>
    <trkpt lat="-13.284746170043945" lon="32.001106262207031">
        <ele>573.1</ele>
    </trkpt>
    <trkpt lat="-13.284462928771973" lon="32.000324249267578">
        <ele>572.4</ele>
    </trkpt>
    <trkpt lat="-13.28415584564209" lon="31.999517440795898">
        <ele>573.4</ele>
    </trkpt>
    <trkpt lat="-13.284032821655273" lon="31.999235153198242">
        <ele>573.9</ele>
    </trkpt>
    <trkpt lat="-13.283900260925293" lon="31.99885368347168">
        <ele>573.7</ele>
    </trkpt>
    <trkpt lat="-13.283576011657715" lon="31.998214721679688">
        <ele>574.5</ele>
    </trkpt>
    <trkpt lat="-13.283056259155273" lon="31.99742317199707">
        <ele>575.1</ele>
    </trkpt>
    <trkpt lat="-13.282327651977539" lon="31.996612548828125">
        <ele>575.5</ele>
    </trkpt>
    <trkpt lat="-13.281407356262207" lon="31.995906829833984">
        <ele>575.6</ele>
    </trkpt>
    <trkpt lat="-13.280422210693359" lon="31.995393753051758">
        <ele>575.3</ele>
    </trkpt>
    <trkpt lat="-13.279717445373535" lon="31.99506950378418">
        <ele>574.7</ele>
    </trkpt>
    <trkpt lat="-13.279184341430664" lon="31.994861602783203">
        <ele>575.0</ele>
    </trkpt>
    <trkpt lat="-13.278573036193848" lon="31.994596481323242">
        <ele>574.6</ele>
    </trkpt>
    <trkpt lat="-13.277750015258789" lon="31.994230270385742">
        <ele>573.9</ele>
    </trkpt>
    <trkpt lat="-13.276768684387207" lon="31.993797302246094">
        <ele>573.9</ele>
    </trkpt>
    <trkpt lat="-13.275833129882812" lon="31.993326187133789">
        <ele>573.4</ele>
    </trkpt>
    <trkpt lat="-13.274985313415527" lon="31.992801666259766">
        <ele>572.7</ele>
    </trkpt>
    <trkpt lat="-13.274249076843262" lon="31.992300033569336">
        <ele>572.5</ele>
    </trkpt>
    <trkpt lat="-13.273584365844727" lon="31.991785049438477">
        <ele>572.9</ele>
    </trkpt>
    <trkpt lat="-13.272830963134766" lon="31.991138458251953">
        <ele>572.9</ele>
    </trkpt>
    <trkpt lat="-13.271976470947266" lon="31.99029541015625">
        <ele>573.2</ele>
    </trkpt>
    <trkpt lat="-13.27119255065918" lon="31.989557266235352">
        <ele>573.0</ele>
    </trkpt>
    <trkpt lat="-13.270506858825684" lon="31.988992691040039">
        <ele>572.3</ele>
    </trkpt>
    <trkpt lat="-13.269824028015137" lon="31.98851203918457">
        <ele>571.0</ele>
    </trkpt>
    <trkpt lat="-13.268978118896484" lon="31.987936019897461">
        <ele>569.3</ele>
    </trkpt>
    <trkpt lat="-13.268088340759277" lon="31.98735237121582">
        <ele>569.3</ele>
    </trkpt>
    <trkpt lat="-13.267221450805664" lon="31.986732482910156">
        <ele>569.1</ele>
    </trkpt>
    <trkpt lat="-13.266415596008301" lon="31.985963821411133">
        <ele>569.0</ele>
    </trkpt>
    <trkpt lat="-13.265790939331055" lon="31.985092163085938">
        <ele>569.3</ele>
    </trkpt>
    <trkpt lat="-13.26520824432373" lon="31.984165191650391">
        <ele>568.8</ele>
    </trkpt>
    <trkpt lat="-13.264530181884766" lon="31.983257293701172">
        <ele>569.0</ele>
    </trkpt>
    <trkpt lat="-13.263613700866699" lon="31.982492446899414">
        <ele>568.0</ele>
    </trkpt>
    <trkpt lat="-13.262688636779785" lon="31.981773376464844">
        <ele>568.1</ele>
    </trkpt>
    <trkpt lat="-13.261750221252441" lon="31.981054306030273">
        <ele>568.4</ele>
    </trkpt>
    <trkpt lat="-13.260785102844238" lon="31.980329513549805">
        <ele>568.3</ele>
    </trkpt>
    <trkpt lat="-13.259794235229492" lon="31.979606628417969">
        <ele>567.3</ele>
    </trkpt>
    <trkpt lat="-13.258766174316406" lon="31.978870391845703">
        <ele>566.9</ele>
    </trkpt>
    <trkpt lat="-13.257780075073242" lon="31.978187561035156">
        <ele>566.4</ele>
    </trkpt>
    <trkpt lat="-13.257041931152344" lon="31.977684020996094">
        <ele>566.7</ele>
    </trkpt>
    <trkpt lat="-13.256228446960449" lon="31.977148056030273">
        <ele>566.3</ele>
    </trkpt>
    <trkpt lat="-13.255312919616699" lon="31.976552963256836">
        <ele>565.8</ele>
    </trkpt>
    <trkpt lat="-13.254317283630371" lon="31.97590446472168">
        <ele>565.0</ele>
    </trkpt>
    <trkpt lat="-13.253284454345703" lon="31.975238800048828">
        <ele>564.4</ele>
    </trkpt>
    <trkpt lat="-13.252232551574707" lon="31.974515914916992">
        <ele>564.2</ele>
    </trkpt>
    <trkpt lat="-13.251503944396973" lon="31.973884582519531">
        <ele>565.1</ele>
    </trkpt>
    <trkpt lat="-13.25107479095459" lon="31.973480224609375">
        <ele>565.9</ele>
    </trkpt>
    <trkpt lat="-13.250493049621582" lon="31.972925186157227">
        <ele>566.3</ele>
    </trkpt>
    <trkpt lat="-13.249692916870117" lon="31.972368240356445">
        <ele>565.5</ele>
    </trkpt>
    <trkpt lat="-13.248738288879395" lon="31.971809387207031">
        <ele>563.8</ele>
    </trkpt>
    <trkpt lat="-13.247713088989258" lon="31.971170425415039">
        <ele>563.4</ele>
    </trkpt>
    <trkpt lat="-13.246678352355957" lon="31.970462799072266">
        <ele>563.5</ele>
    </trkpt>
    <trkpt lat="-13.245656967163086" lon="31.969730377197266">
        <ele>564.2</ele>
    </trkpt>
    <trkpt lat="-13.244686126708984" lon="31.969036102294922">
        <ele>563.1</ele>
    </trkpt>
    <trkpt lat="-13.243772506713867" lon="31.968400955200195">
        <ele>564.0</ele>
    </trkpt>
    <trkpt lat="-13.242873191833496" lon="31.967761993408203">
        <ele>563.1</ele>
    </trkpt>
    <trkpt lat="-13.242000579833984" lon="31.967134475708008">
        <ele>563.3</ele>
    </trkpt>
    <trkpt lat="-13.241101264953613" lon="31.966495513916016">
        <ele>563.1</ele>
    </trkpt>
    <trkpt lat="-13.240178108215332" lon="31.965822219848633">
        <ele>563.1</ele>
    </trkpt>
    <trkpt lat="-13.239240646362305" lon="31.965124130249023">
        <ele>562.2</ele>
    </trkpt>
    <trkpt lat="-13.238346099853516" lon="31.964317321777344">
        <ele>562.0</ele>
    </trkpt>
    <trkpt lat="-13.237540245056152" lon="31.963407516479492">
        <ele>562.6</ele>
    </trkpt>
    <trkpt lat="-13.236818313598633" lon="31.962429046630859">
        <ele>561.6</ele>
    </trkpt>
    <trkpt lat="-13.236048698425293" lon="31.961450576782227">
        <ele>561.9</ele>
    </trkpt>
    <trkpt lat="-13.234982490539551" lon="31.960721969604492">
        <ele>561.1</ele>
    </trkpt>
    <trkpt lat="-13.233736038208008" lon="31.960393905639648">
        <ele>560.5</ele>
    </trkpt>
    <trkpt lat="-13.232448577880859" lon="31.960245132446289">
        <ele>559.3</ele>
    </trkpt>
    <trkpt lat="-13.231244087219238" lon="31.960121154785156">
        <ele>558.6</ele>
    </trkpt>
    <trkpt lat="-13.23005199432373" lon="31.959993362426758">
        <ele>558.6</ele>
    </trkpt>
    <trkpt lat="-13.228858947753906" lon="31.959873199462891">
        <ele>559.1</ele>
    </trkpt>
    <trkpt lat="-13.22763729095459" lon="31.959722518920898">
        <ele>558.8</ele>
    </trkpt>
    <trkpt lat="-13.226395606994629" lon="31.959493637084961">
        <ele>557.9</ele>
    </trkpt>
    <trkpt lat="-13.225205421447754" lon="31.95909309387207">
        <ele>557.3</ele>
    </trkpt>
    <trkpt lat="-13.224080085754395" lon="31.958499908447266">
        <ele>557.6</ele>
    </trkpt>
    <trkpt lat="-13.223075866699219" lon="31.957757949829102">
        <ele>556.3</ele>
    </trkpt>
    <trkpt lat="-13.222160339355469" lon="31.956893920898438">
        <ele>557.4</ele>
    </trkpt>
    <trkpt lat="-13.22138500213623" lon="31.955902099609375">
        <ele>557.3</ele>
    </trkpt>
    <trkpt lat="-13.220620155334473" lon="31.954877853393555">
        <ele>557.2</ele>
    </trkpt>
    <trkpt lat="-13.219823837280273" lon="31.953836441040039">
        <ele>556.4</ele>
    </trkpt>
    <trkpt lat="-13.218928337097168" lon="31.952951431274414">
        <ele>556.5</ele>
    </trkpt>
    <trkpt lat="-13.217896461486816" lon="31.952217102050781">
        <ele>556.4</ele>
    </trkpt>
    <trkpt lat="-13.216752052307129" lon="31.951637268066406">
        <ele>556.4</ele>
    </trkpt>
    <trkpt lat="-13.215599060058594" lon="31.951118469238281">
        <ele>556.7</ele>
    </trkpt>
    <trkpt lat="-13.21453857421875" lon="31.950473785400391">
        <ele>555.9</ele>
    </trkpt>
    <trkpt lat="-13.213687896728516" lon="31.949562072753906">
        <ele>555.7</ele>
    </trkpt>
    <trkpt lat="-13.21291446685791" lon="31.948600769042969">
        <ele>556.4</ele>
    </trkpt>
    <trkpt lat="-13.212159156799316" lon="31.947660446166992">
        <ele>556.4</ele>
    </trkpt>
    <trkpt lat="-13.21143913269043" lon="31.946760177612305">
        <ele>556.7</ele>
    </trkpt>
    <trkpt lat="-13.210734367370605" lon="31.945911407470703">
        <ele>555.5</ele>
    </trkpt>
    <trkpt lat="-13.21001148223877" lon="31.944999694824219">
        <ele>554.9</ele>
    </trkpt>
    <trkpt lat="-13.209294319152832" lon="31.944135665893555">
        <ele>555.3</ele>
    </trkpt>
    <trkpt lat="-13.208617210388184" lon="31.943264007568359">
        <ele>555.2</ele>
    </trkpt>
    <trkpt lat="-13.207949638366699" lon="31.942407608032227">
        <ele>554.9</ele>
    </trkpt>
    <trkpt lat="-13.207275390625" lon="31.9415283203125">
        <ele>554.0</ele>
    </trkpt>
    <trkpt lat="-13.206707954406738" lon="31.940542221069336">
        <ele>552.7</ele>
    </trkpt>
    <trkpt lat="-13.206365585327148" lon="31.93943977355957">
        <ele>551.1</ele>
    </trkpt>
    <trkpt lat="-13.20625114440918" lon="31.938205718994141">
        <ele>549.8</ele>
    </trkpt>
    <trkpt lat="-13.206182479858398" lon="31.936918258666992">
        <ele>547.6</ele>
    </trkpt>
    <trkpt lat="-13.206125259399414" lon="31.935632705688477">
        <ele>546.6</ele>
    </trkpt>
    <trkpt lat="-13.206048965454102" lon="31.934370040893555">
        <ele>546.6</ele>
    </trkpt>
    <trkpt lat="-13.205999374389648" lon="31.93311882019043">
        <ele>546.2</ele>
    </trkpt>
    <trkpt lat="-13.205925941467285" lon="31.931921005249023">
        <ele>546.2</ele>
    </trkpt>
    <trkpt lat="-13.205898284912109" lon="31.930656433105469">
        <ele>546.1</ele>
    </trkpt>
    <trkpt lat="-13.205873489379883" lon="31.929351806640625">
        <ele>546.3</ele>
    </trkpt>
    <trkpt lat="-13.205853462219238" lon="31.928108215332031">
        <ele>546.5</ele>
    </trkpt>
    <trkpt lat="-13.205825805664062" lon="31.926834106445312">
        <ele>546.5</ele>
    </trkpt>
    <trkpt lat="-13.205804824829102" lon="31.925575256347656">
        <ele>545.7</ele>
    </trkpt>
    <trkpt lat="-13.205784797668457" lon="31.924341201782227">
        <ele>546.7</ele>
    </trkpt>
    <trkpt lat="-13.205757141113281" lon="31.923128128051758">
        <ele>545.0</ele>
    </trkpt>
    <trkpt lat="-13.20573616027832" lon="31.921932220458984">
        <ele>546.0</ele>
    </trkpt>
    <trkpt lat="-13.205526351928711" lon="31.920864105224609">
        <ele>547.0</ele>
    </trkpt>
    <trkpt lat="-13.205541610717773" lon="31.919767379760742">
        <ele>544.5</ele>
    </trkpt>
    <trkpt lat="-13.205849647521973" lon="31.918994903564453">
        <ele>544.5</ele>
    </trkpt>
    <trkpt lat="-13.206027030944824" lon="31.918632507324219">
        <ele>543.2</ele>
    </trkpt>
    <trkpt lat="-13.206052780151367" lon="31.918445587158203">
        <ele>541.5</ele>
    </trkpt>
    <trkpt lat="-13.205711364746094" lon="31.918251037597656">
        <ele>544.5</ele>
    </trkpt>
    <trkpt lat="-13.2052001953125" lon="31.917953491210938">
        <ele>546.0</ele>
    </trkpt>
    <trkpt lat="-13.204566955566406" lon="31.917535781860352">
        <ele>548.1</ele>
    </trkpt>
    <trkpt lat="-13.203819274902344" lon="31.916969299316406">
        <ele>547.2</ele>
    </trkpt>
    <trkpt lat="-13.203069686889648" lon="31.916280746459961">
        <ele>545.8</ele>
    </trkpt>
    <trkpt lat="-13.202393531799316" lon="31.915502548217773">
        <ele>544.8</ele>
    </trkpt>
    <trkpt lat="-13.20174503326416" lon="31.914617538452148">
        <ele>543.4</ele>
    </trkpt>
    <trkpt lat="-13.201113700866699" lon="31.913654327392578">
        <ele>542.8</ele>
    </trkpt>
    <trkpt lat="-13.200455665588379" lon="31.912694931030273">
        <ele>543.1</ele>
    </trkpt>
    <trkpt lat="-13.199824333190918" lon="31.911720275878906">
        <ele>545.5</ele>
    </trkpt>
    <trkpt lat="-13.199159622192383" lon="31.910711288452148">
        <ele>545.1</ele>
    </trkpt>
    <trkpt lat="-13.198558807373047" lon="31.909578323364258">
        <ele>543.1</ele>
    </trkpt>
    <trkpt lat="-13.198201179504395" lon="31.908464431762695">
        <ele>543.5</ele>
    </trkpt>
    <trkpt lat="-13.198028564453125" lon="31.907611846923828">
        <ele>544.3</ele>
    </trkpt>
    <trkpt lat="-13.19781494140625" lon="31.906574249267578">
        <ele>544.0</ele>
    </trkpt>
    <trkpt lat="-13.197566032409668" lon="31.905323028564453">
        <ele>542.9</ele>
    </trkpt>
    <trkpt lat="-13.197296142578125" lon="31.90412712097168">
        <ele>542.2</ele>
    </trkpt>
    <trkpt lat="-13.196803092956543" lon="31.902992248535156">
        <ele>543.0</ele>
    </trkpt>
    <trkpt lat="-13.196061134338379" lon="31.901882171630859">
        <ele>543.9</ele>
    </trkpt>
    <trkpt lat="-13.195283889770508" lon="31.900812149047852">
        <ele>544.9</ele>
    </trkpt>
    <trkpt lat="-13.194521903991699" lon="31.899751663208008">
        <ele>544.8</ele>
    </trkpt>
    <trkpt lat="-13.193759918212891" lon="31.898666381835938">
        <ele>544.7</ele>
    </trkpt>
    <trkpt lat="-13.193007469177246" lon="31.897617340087891">
        <ele>543.9</ele>
    </trkpt>
    <trkpt lat="-13.192310333251953" lon="31.896648406982422">
        <ele>543.9</ele>
    </trkpt>
    <trkpt lat="-13.191628456115723" lon="31.895708084106445">
        <ele>545.4</ele>
    </trkpt>
    <trkpt lat="-13.190832138061523" lon="31.894573211669922">
        <ele>543.9</ele>
    </trkpt>
    <trkpt lat="-13.190057754516602" lon="31.89344596862793">
        <ele>542.6</ele>
    </trkpt>
    <trkpt lat="-13.18940258026123" lon="31.892339706420898">
        <ele>541.1</ele>
    </trkpt>
    <trkpt lat="-13.188810348510742" lon="31.891277313232422">
        <ele>542.1</ele>
    </trkpt>
    <trkpt lat="-13.188187599182129" lon="31.890192031860352">
        <ele>542.5</ele>
    </trkpt>
    <trkpt lat="-13.187591552734375" lon="31.889137268066406">
        <ele>542.4</ele>
    </trkpt>
    <trkpt lat="-13.186988830566406" lon="31.888059616088867">
        <ele>543.4</ele>
    </trkpt>
    <trkpt lat="-13.186366081237793" lon="31.886981964111328">
        <ele>544.5</ele>
    </trkpt>
    <trkpt lat="-13.185793876647949" lon="31.885988235473633">
        <ele>545.5</ele>
    </trkpt>
    <trkpt lat="-13.185267448425293" lon="31.885038375854492">
        <ele>544.2</ele>
    </trkpt>
    <trkpt lat="-13.184699058532715" lon="31.884115219116211">
        <ele>543.6</ele>
    </trkpt>
    <trkpt lat="-13.183876037597656" lon="31.883317947387695">
        <ele>542.8</ele>
    </trkpt>
    <trkpt lat="-13.182988166809082" lon="31.882575988769531">
        <ele>542.5</ele>
    </trkpt>
    <trkpt lat="-13.182051658630371" lon="31.88178825378418">
        <ele>541.4</ele>
    </trkpt>
    <trkpt lat="-13.18126106262207" lon="31.880876541137695">
        <ele>540.6</ele>
    </trkpt>
    <trkpt lat="-13.180710792541504" lon="31.879899978637695">
        <ele>540.0</ele>
    </trkpt>
    <trkpt lat="-13.180349349975586" lon="31.878805160522461">
        <ele>540.3</ele>
    </trkpt>
    <trkpt lat="-13.180192947387695" lon="31.877754211425781">
        <ele>539.6</ele>
    </trkpt>
    <trkpt lat="-13.180022239685059" lon="31.876737594604492">
        <ele>541.0</ele>
    </trkpt>
    <trkpt lat="-13.179911613464355" lon="31.875757217407227">
        <ele>541.6</ele>
    </trkpt>
    <trkpt lat="-13.179770469665527" lon="31.874876022338867">
        <ele>540.2</ele>
    </trkpt>
    <trkpt lat="-13.179656028747559" lon="31.874011993408203">
        <ele>540.1</ele>
    </trkpt>
    <trkpt lat="-13.179558753967285" lon="31.873359680175781">
        <ele>540.4</ele>
    </trkpt>
    <trkpt lat="-13.179530143737793" lon="31.873140335083008">
        <ele>540.8</ele>
    </trkpt>
    <trkpt lat="-13.17951774597168" lon="31.872756958007812">
        <ele>539.0</ele>
    </trkpt>
    <trkpt lat="-13.179495811462402" lon="31.87224006652832">
        <ele>538.4</ele>
    </trkpt>
    <trkpt lat="-13.179486274719238" lon="31.871885299682617">
        <ele>538.7</ele>
    </trkpt>
    <trkpt lat="-13.179438591003418" lon="31.871482849121094">
        <ele>539.9</ele>
    </trkpt>
    <trkpt lat="-13.179408073425293" lon="31.871191024780273">
        <ele>540.9</ele>
    </trkpt>
    <trkpt lat="-13.179379463195801" lon="31.870870590209961">
        <ele>540.9</ele>
    </trkpt>
    <trkpt lat="-13.179317474365234" lon="31.870527267456055">
        <ele>540.8</ele>
    </trkpt>
    <trkpt lat="-13.179288864135742" lon="31.870227813720703">
        <ele>541.8</ele>
    </trkpt>
    <trkpt lat="-13.17922306060791" lon="31.869977951049805">
        <ele>542.1</ele>
    </trkpt>
    <trkpt lat="-13.179164886474609" lon="31.869585037231445">
        <ele>542.7</ele>
    </trkpt>
    <trkpt lat="-13.179129600524902" lon="31.869281768798828">
        <ele>543.4</ele>
    </trkpt>
    <trkpt lat="-13.179078102111816" lon="31.868900299072266">
        <ele>542.3</ele>
    </trkpt>
    <trkpt lat="-13.179017066955566" lon="31.868518829345703">
        <ele>541.6</ele>
    </trkpt>
    <trkpt lat="-13.17891788482666" lon="31.868135452270508">
        <ele>541.6</ele>
    </trkpt>
    <trkpt lat="-13.178755760192871" lon="31.867755889892578">
        <ele>541.8</ele>
    </trkpt>
    <trkpt lat="-13.178544044494629" lon="31.867406845092773">
        <ele>541.1</ele>
    </trkpt>
    <trkpt lat="-13.178302764892578" lon="31.867105484008789">
        <ele>540.2</ele>
    </trkpt>
    <trkpt lat="-13.178007125854492" lon="31.866836547851562">
        <ele>540.5</ele>
    </trkpt>
    <trkpt lat="-13.177687644958496" lon="31.866605758666992">
        <ele>542.1</ele>
    </trkpt>
    <trkpt lat="-13.177230834960938" lon="31.866260528564453">
        <ele>540.3</ele>
    </trkpt>
    <trkpt lat="-13.176603317260742" lon="31.865789413452148">
        <ele>539.4</ele>
    </trkpt>
    <trkpt lat="-13.17592716217041" lon="31.865303039550781">
        <ele>538.5</ele>
    </trkpt>
    <trkpt lat="-13.175161361694336" lon="31.864763259887695">
        <ele>538.0</ele>
    </trkpt>
    <trkpt lat="-13.174411773681641" lon="31.864175796508789">
        <ele>538.6</ele>
    </trkpt>
    <trkpt lat="-13.173568725585938" lon="31.86357307434082">
        <ele>538.0</ele>
    </trkpt>
    <trkpt lat="-13.172806739807129" lon="31.863033294677734">
        <ele>539.6</ele>
    </trkpt>
    <trkpt lat="-13.172289848327637" lon="31.862651824951172">
        <ele>541.0</ele>
    </trkpt>
    <trkpt lat="-13.171562194824219" lon="31.862197875976562">
        <ele>540.6</ele>
    </trkpt>
    <trkpt lat="-13.170695304870605" lon="31.861825942993164">
        <ele>538.5</ele>
    </trkpt>
    <trkpt lat="-13.169679641723633" lon="31.861492156982422">
        <ele>538.6</ele>
    </trkpt>
    <trkpt lat="-13.168643951416016" lon="31.861171722412109">
        <ele>537.6</ele>
    </trkpt>
    <trkpt lat="-13.167728424072266" lon="31.860633850097656">
        <ele>539.9</ele>
    </trkpt>
    <trkpt lat="-13.167037963867188" lon="31.859796524047852">
        <ele>539.1</ele>
    </trkpt>
    <trkpt lat="-13.166169166564941" lon="31.859113693237305">
        <ele>538.0</ele>
    </trkpt>
    <trkpt lat="-13.165029525756836" lon="31.858837127685547">
        <ele>538.9</ele>
    </trkpt>
    <trkpt lat="-13.163822174072266" lon="31.859102249145508">
        <ele>537.9</ele>
    </trkpt>
    <trkpt lat="-13.162775993347168" lon="31.859689712524414">
        <ele>536.6</ele>
    </trkpt>
    <trkpt lat="-13.161768913269043" lon="31.860256195068359">
        <ele>535.5</ele>
    </trkpt>
    <trkpt lat="-13.160752296447754" lon="31.860830307006836">
        <ele>535.5</ele>
    </trkpt>
    <trkpt lat="-13.15975284576416" lon="31.861293792724609">
        <ele>535.9</ele>
    </trkpt>
    <trkpt lat="-13.158825874328613" lon="31.861272811889648">
        <ele>536.8</ele>
    </trkpt>
    <trkpt lat="-13.157928466796875" lon="31.860807418823242">
        <ele>536.5</ele>
    </trkpt>
    <trkpt lat="-13.157082557678223" lon="31.86005973815918">
        <ele>536.3</ele>
    </trkpt>
    <trkpt lat="-13.156262397766113" lon="31.859294891357422">
        <ele>536.5</ele>
    </trkpt>
    <trkpt lat="-13.155401229858398" lon="31.858617782592773">
        <ele>537.1</ele>
    </trkpt>
    <trkpt lat="-13.154548645019531" lon="31.858104705810547">
        <ele>537.0</ele>
    </trkpt>
    <trkpt lat="-13.154180526733398" lon="31.857936859130859">
        <ele>537.6</ele>
    </trkpt>
    <trkpt lat="-13.15342903137207" lon="31.857564926147461">
        <ele>537.2</ele>
    </trkpt>
    <trkpt lat="-13.152423858642578" lon="31.857046127319336">
        <ele>536.2</ele>
    </trkpt>
    <trkpt lat="-13.151448249816895" lon="31.856550216674805">
        <ele>535.5</ele>
    </trkpt>
    <trkpt lat="-13.150450706481934" lon="31.856058120727539">
        <ele>536.3</ele>
    </trkpt>
    <trkpt lat="-13.149321556091309" lon="31.855823516845703">
        <ele>536.0</ele>
    </trkpt>
    <trkpt lat="-13.148122787475586" lon="31.855804443359375">
        <ele>536.3</ele>
    </trkpt>
    <trkpt lat="-13.146982192993164" lon="31.855785369873047">
        <ele>535.5</ele>
    </trkpt>
    <trkpt lat="-13.145891189575195" lon="31.855766296386719">
        <ele>535.2</ele>
    </trkpt>
    <trkpt lat="-13.144804954528809" lon="31.855579376220703">
        <ele>535.1</ele>
    </trkpt>
    <trkpt lat="-13.143718719482422" lon="31.855138778686523">
        <ele>534.4</ele>
    </trkpt>
    <trkpt lat="-13.142568588256836" lon="31.854642868041992">
        <ele>532.5</ele>
    </trkpt>
    <trkpt lat="-13.141406059265137" lon="31.854137420654297">
        <ele>532.8</ele>
    </trkpt>
    <trkpt lat="-13.140291213989258" lon="31.853595733642578">
        <ele>532.6</ele>
    </trkpt>
    <trkpt lat="-13.139432907104492" lon="31.852684020996094">
        <ele>533.1</ele>
    </trkpt>
    <trkpt lat="-13.138647079467773" lon="31.851606369018555">
        <ele>532.1</ele>
    </trkpt>
    <trkpt lat="-13.137905120849609" lon="31.850555419921875">
        <ele>531.4</ele>
    </trkpt>
    <trkpt lat="-13.137157440185547" lon="31.849517822265625">
        <ele>531.1</ele>
    </trkpt>
    <trkpt lat="-13.136458396911621" lon="31.848430633544922">
        <ele>530.8</ele>
    </trkpt>
    <trkpt lat="-13.136076927185059" lon="31.847133636474609">
        <ele>529.6</ele>
    </trkpt>
    <trkpt lat="-13.136111259460449" lon="31.845853805541992">
        <ele>528.7</ele>
    </trkpt>
    <trkpt lat="-13.136474609375" lon="31.844694137573242">
        <ele>526.6</ele>
    </trkpt>
    <trkpt lat="-13.136894226074219" lon="31.843570709228516">
        <ele>524.8</ele>
    </trkpt>
    <trkpt lat="-13.137364387512207" lon="31.842374801635742">
        <ele>525.1</ele>
    </trkpt>
    <trkpt lat="-13.137777328491211" lon="31.841224670410156">
        <ele>525.1</ele>
    </trkpt>
    <trkpt lat="-13.137814521789551" lon="31.840099334716797">
        <ele>526.7</ele>
    </trkpt>
    <trkpt lat="-13.137407302856445" lon="31.838994979858398">
        <ele>528.1</ele>
    </trkpt>
    <trkpt lat="-13.13703441619873" lon="31.837957382202148">
        <ele>527.8</ele>
    </trkpt>
    <trkpt lat="-13.136637687683105" lon="31.836969375610352">
        <ele>529.1</ele>
    </trkpt>
    <trkpt lat="-13.136038780212402" lon="31.836034774780273">
        <ele>527.8</ele>
    </trkpt>
    <trkpt lat="-13.135307312011719" lon="31.835124969482422">
        <ele>527.7</ele>
    </trkpt>
    <trkpt lat="-13.134565353393555" lon="31.834165573120117">
        <ele>527.9</ele>
    </trkpt>
    <trkpt lat="-13.133658409118652" lon="31.833255767822266">
        <ele>528.3</ele>
    </trkpt>
    <trkpt lat="-13.132535934448242" lon="31.832561492919922">
        <ele>527.7</ele>
    </trkpt>
    <trkpt lat="-13.131479263305664" lon="31.83198356628418">
        <ele>528.7</ele>
    </trkpt>
    <trkpt lat="-13.130474090576172" lon="31.831411361694336">
        <ele>528.9</ele>
    </trkpt>
    <trkpt lat="-13.129482269287109" lon="31.830841064453125">
        <ele>528.5</ele>
    </trkpt>
    <trkpt lat="-13.128425598144531" lon="31.830249786376953">
        <ele>528.4</ele>
    </trkpt>
    <trkpt lat="-13.127418518066406" lon="31.829563140869141">
        <ele>527.8</ele>
    </trkpt>
    <trkpt lat="-13.126505851745605" lon="31.828805923461914">
        <ele>529.2</ele>
    </trkpt>
    <trkpt lat="-13.125629425048828" lon="31.82805061340332">
        <ele>530.3</ele>
    </trkpt>
    <trkpt lat="-13.124710083007812" lon="31.827297210693359">
        <ele>530.8</ele>
    </trkpt>
    <trkpt lat="-13.123870849609375" lon="31.826456069946289">
        <ele>528.9</ele>
    </trkpt>
    <trkpt lat="-13.123085021972656" lon="31.825601577758789">
        <ele>528.1</ele>
    </trkpt>
    <trkpt lat="-13.122318267822266" lon="31.824737548828125">
        <ele>528.3</ele>
    </trkpt>
    <trkpt lat="-13.121723175048828" lon="31.824094772338867">
        <ele>529.0</ele>
    </trkpt>
    <trkpt lat="-13.121140480041504" lon="31.823478698730469">
        <ele>528.7</ele>
    </trkpt>
    <trkpt lat="-13.120487213134766" lon="31.822774887084961">
        <ele>528.5</ele>
    </trkpt>
    <trkpt lat="-13.119861602783203" lon="31.822055816650391">
        <ele>528.1</ele>
    </trkpt>
    <trkpt lat="-13.1192626953125" lon="31.821409225463867">
        <ele>528.1</ele>
    </trkpt>
    <trkpt lat="-13.11878490447998" lon="31.820899963378906">
        <ele>528.2</ele>
    </trkpt>
    <trkpt lat="-13.118393898010254" lon="31.820461273193359">
        <ele>529.1</ele>
    </trkpt>
    <trkpt lat="-13.118023872375488" lon="31.820058822631836">
        <ele>527.9</ele>
    </trkpt>
    <trkpt lat="-13.117650032043457" lon="31.819648742675781">
        <ele>528.4</ele>
    </trkpt>
    <trkpt lat="-13.117255210876465" lon="31.819211959838867">
        <ele>528.2</ele>
    </trkpt>
    <trkpt lat="-13.116867065429688" lon="31.81879997253418">
        <ele>527.3</ele>
    </trkpt>
    <trkpt lat="-13.11644172668457" lon="31.818332672119141">
        <ele>527.4</ele>
    </trkpt>
    <trkpt lat="-13.115958213806152" lon="31.817829132080078">
        <ele>527.4</ele>
    </trkpt>
    <trkpt lat="-13.115344047546387" lon="31.817142486572266">
        <ele>527.6</ele>
    </trkpt>
    <trkpt lat="-13.114884376525879" lon="31.816253662109375">
        <ele>526.3</ele>
    </trkpt>
    <trkpt lat="-13.114687919616699" lon="31.815223693847656">
        <ele>523.9</ele>
    </trkpt>
    <trkpt lat="-13.11452579498291" lon="31.814172744750977">
        <ele>524.2</ele>
    </trkpt>
    <trkpt lat="-13.114415168762207" lon="31.813350677490234">
        <ele>525.8</ele>
    </trkpt>
    <trkpt lat="-13.114315986633301" lon="31.812765121459961">
        <ele>525.7</ele>
    </trkpt>
    <trkpt lat="-13.11420726776123" lon="31.812036514282227">
        <ele>523.5</ele>
    </trkpt>
    <trkpt lat="-13.114079475402832" lon="31.811309814453125">
        <ele>523.6</ele>
    </trkpt>
    <trkpt lat="-13.113959312438965" lon="31.810512542724609">
        <ele>523.6</ele>
    </trkpt>
    <trkpt lat="-13.113838195800781" lon="31.809743881225586">
        <ele>523.6</ele>
    </trkpt>
    <trkpt lat="-13.113797187805176" lon="31.809368133544922">
        <ele>523.6</ele>
    </trkpt>
    <trkpt lat="-13.113779067993164" lon="31.808971405029297">
        <ele>523.9</ele>
    </trkpt>
    <trkpt lat="-13.113716125488281" lon="31.808708190917969">
        <ele>523.7</ele>
    </trkpt>
    <trkpt lat="-13.113615989685059" lon="31.808307647705078">
        <ele>523.4</ele>
    </trkpt>
    <trkpt lat="-13.113592147827148" lon="31.807971954345703">
        <ele>521.1</ele>
    </trkpt>
    <trkpt lat="-13.113582611083984" lon="31.807722091674805">
        <ele>522.0</ele>
    </trkpt>
    <trkpt lat="-13.113504409790039" lon="31.807397842407227">
        <ele>522.0</ele>
    </trkpt>
    <trkpt lat="-13.113430023193359" lon="31.807102203369141">
        <ele>522.1</ele>
    </trkpt>
    <trkpt lat="-13.113400459289551" lon="31.80689811706543">
        <ele>523.4</ele>
    </trkpt>
    <trkpt lat="-13.11335563659668" lon="31.806573867797852">
        <ele>522.9</ele>
    </trkpt>
    <trkpt lat="-13.113310813903809" lon="31.806163787841797">
        <ele>522.7</ele>
    </trkpt>
    <trkpt lat="-13.113240242004395" lon="31.805883407592773">
        <ele>523.5</ele>
    </trkpt>
    <trkpt lat="-13.113188743591309" lon="31.805730819702148">
        <ele>523.4</ele>
    </trkpt>
    <trkpt lat="-13.113158226013184" lon="31.805557250976562">
        <ele>522.1</ele>
    </trkpt>
    <trkpt lat="-13.113083839416504" lon="31.805356979370117">
        <ele>521.4</ele>
    </trkpt>
    <trkpt lat="-13.112992286682129" lon="31.805088043212891">
        <ele>524.8</ele>
    </trkpt>
    <trkpt lat="-13.112878799438477" lon="31.804733276367188">
        <ele>525.7</ele>
    </trkpt>
    <trkpt lat="-13.112764358520508" lon="31.804338455200195">
        <ele>524.3</ele>
    </trkpt>
    <trkpt lat="-13.112655639648438" lon="31.803979873657227">
        <ele>525.0</ele>
    </trkpt>
    <trkpt lat="-13.112567901611328" lon="31.803644180297852">
        <ele>524.8</ele>
    </trkpt>
    <trkpt lat="-13.112486839294434" lon="31.803359985351562">
        <ele>524.6</ele>
    </trkpt>
    <trkpt lat="-13.112445831298828" lon="31.803226470947266">
        <ele>524.0</ele>
    </trkpt>
    <trkpt lat="-13.112374305725098" lon="31.803050994873047">
        <ele>523.0</ele>
    </trkpt>
    <trkpt lat="-13.112292289733887" lon="31.802776336669922">
        <ele>522.2</ele>
    </trkpt>
    <trkpt lat="-13.112251281738281" lon="31.802583694458008">
        <ele>521.4</ele>
    </trkpt>
    <trkpt lat="-13.112181663513184" lon="31.802318572998047">
        <ele>522.1</ele>
    </trkpt>
    <trkpt lat="-13.112102508544922" lon="31.802061080932617">
        <ele>522.7</ele>
    </trkpt>
    <trkpt lat="-13.111995697021484" lon="31.801834106445312">
        <ele>522.9</ele>
    </trkpt>
    <trkpt lat="-13.111930847167969" lon="31.80152702331543">
        <ele>523.5</ele>
    </trkpt>
    <trkpt lat="-13.111799240112305" lon="31.8011474609375">
        <ele>523.3</ele>
    </trkpt>
    <trkpt lat="-13.11165714263916" lon="31.80078125">
        <ele>524.1</ele>
    </trkpt>
    <trkpt lat="-13.11151123046875" lon="31.800453186035156">
        <ele>525.2</ele>
    </trkpt>
    <trkpt lat="-13.111330986022949" lon="31.799949645996094">
        <ele>525.5</ele>
    </trkpt>
    <trkpt lat="-13.111144065856934" lon="31.799367904663086">
        <ele>524.5</ele>
    </trkpt>
    <trkpt lat="-13.110956192016602" lon="31.798742294311523">
        <ele>525.1</ele>
    </trkpt>
    <trkpt lat="-13.11075496673584" lon="31.798093795776367">
        <ele>524.2</ele>
    </trkpt>
    <trkpt lat="-13.110531806945801" lon="31.797323226928711">
        <ele>522.0</ele>
    </trkpt>
    <trkpt lat="-13.11030387878418" lon="31.796535491943359">
        <ele>522.3</ele>
    </trkpt>
    <trkpt lat="-13.11009407043457" lon="31.795780181884766">
        <ele>521.6</ele>
    </trkpt>
    <trkpt lat="-13.109878540039062" lon="31.79510498046875">
        <ele>522.0</ele>
    </trkpt>
    <trkpt lat="-13.109823226928711" lon="31.794771194458008">
        <ele>521.4</ele>
    </trkpt>
    <trkpt lat="-13.109931945800781" lon="31.794715881347656">
        <ele>520.4</ele>
    </trkpt>
    <trkpt lat="-13.110152244567871" lon="31.79463005065918">
        <ele>519.8</ele>
    </trkpt>
    <trkpt lat="-13.11038875579834" lon="31.794534683227539">
        <ele>519.3</ele>
    </trkpt>
    <trkpt lat="-13.110465049743652" lon="31.794515609741211">
        <ele>518.8</ele>
    </trkpt>
    <trkpt lat="-13.110610961914062" lon="31.794410705566406">
        <ele>518.9</ele>
    </trkpt>
    <trkpt lat="-13.110944747924805" lon="31.794118881225586">
        <ele>518.0</ele>
    </trkpt>
    <trkpt lat="-13.111354827880859" lon="31.793630599975586">
        <ele>519.4</ele>
    </trkpt>
    <trkpt lat="-13.111799240112305" lon="31.79302978515625">
        <ele>520.2</ele>
    </trkpt>
    <trkpt lat="-13.112255096435547" lon="31.792425155639648">
        <ele>520.6</ele>
    </trkpt>
    <trkpt lat="-13.112594604492188" lon="31.791976928710938">
        <ele>519.4</ele>
    </trkpt>
    <trkpt lat="-13.112764358520508" lon="31.791769027709961">
        <ele>518.4</ele>
    </trkpt>
    <trkpt lat="-13.112992286682129" lon="31.791481018066406">
        <ele>519.3</ele>
    </trkpt>
    <trkpt lat="-13.113171577453613" lon="31.791219711303711">
        <ele>521.0</ele>
    </trkpt>
    <trkpt lat="-13.113408088684082" lon="31.790908813476562">
        <ele>520.6</ele>
    </trkpt>
    <trkpt lat="-13.113750457763672" lon="31.790489196777344">
        <ele>519.9</ele>
    </trkpt>
    <trkpt lat="-13.114094734191895" lon="31.790037155151367">
        <ele>520.4</ele>
    </trkpt>
    <trkpt lat="-13.114274978637695" lon="31.789741516113281">
        <ele>520.1</ele>
    </trkpt>
    <trkpt lat="-13.114460945129395" lon="31.789466857910156">
        <ele>519.0</ele>
    </trkpt>
    <trkpt lat="-13.114675521850586" lon="31.78919792175293">
        <ele>519.2</ele>
    </trkpt>
    <trkpt lat="-13.11492919921875" lon="31.788820266723633">
        <ele>518.4</ele>
    </trkpt>
    <trkpt lat="-13.115299224853516" lon="31.788278579711914">
        <ele>518.5</ele>
    </trkpt>
    <trkpt lat="-13.115469932556152" lon="31.788059234619141">
        <ele>518.2</ele>
    </trkpt>
    <trkpt lat="-13.11571216583252" lon="31.787664413452148">
        <ele>517.2</ele>
    </trkpt>
    <trkpt lat="-13.115891456604004" lon="31.787387847900391">
        <ele>518.0</ele>
    </trkpt>
    <trkpt lat="-13.11609935760498" lon="31.787069320678711">
        <ele>518.5</ele>
    </trkpt>
    <trkpt lat="-13.116288185119629" lon="31.786781311035156">
        <ele>518.7</ele>
    </trkpt>
    <trkpt lat="-13.11650562286377" lon="31.786445617675781">
        <ele>518.6</ele>
    </trkpt>
    <trkpt lat="-13.116611480712891" lon="31.786270141601562">
        <ele>518.7</ele>
    </trkpt>
    <trkpt lat="-13.116747856140137" lon="31.786102294921875">
        <ele>517.4</ele>
    </trkpt>
    <trkpt lat="-13.116913795471191" lon="31.78582763671875">
        <ele>515.1</ele>
    </trkpt>
    <trkpt lat="-13.117046356201172" lon="31.785629272460938">
        <ele>515.9</ele>
    </trkpt>
    <trkpt lat="-13.117202758789062" lon="31.785366058349609">
        <ele>516.8</ele>
    </trkpt>
    <trkpt lat="-13.117396354675293" lon="31.785078048706055">
        <ele>517.3</ele>
    </trkpt>
    <trkpt lat="-13.117605209350586" lon="31.784788131713867">
        <ele>515.3</ele>
    </trkpt>
    <trkpt lat="-13.117733001708984" lon="31.784622192382812">
        <ele>516.4</ele>
    </trkpt>
    <trkpt lat="-13.117891311645508" lon="31.784366607666016">
        <ele>517.3</ele>
    </trkpt>
    <trkpt lat="-13.118051528930664" lon="31.784088134765625">
        <ele>518.4</ele>
    </trkpt>
    <trkpt lat="-13.118251800537109" lon="31.7838134765625">
        <ele>518.5</ele>
    </trkpt>
    <trkpt lat="-13.118494987487793" lon="31.783437728881836">
        <ele>518.7</ele>
    </trkpt>
    <trkpt lat="-13.118773460388184" lon="31.783002853393555">
        <ele>519.4</ele>
    </trkpt>
    <trkpt lat="-13.119091033935547" lon="31.782503128051758">
        <ele>521.0</ele>
    </trkpt>
    <trkpt lat="-13.119504928588867" lon="31.781942367553711">
        <ele>520.5</ele>
    </trkpt>
    <trkpt lat="-13.120059967041016" lon="31.781347274780273">
        <ele>520.6</ele>
    </trkpt>
    <trkpt lat="-13.120597839355469" lon="31.780805587768555">
        <ele>520.4</ele>
    </trkpt>
    <trkpt lat="-13.12101936340332" lon="31.780368804931641">
        <ele>520.4</ele>
    </trkpt>
    <trkpt lat="-13.121467590332031" lon="31.779905319213867">
        <ele>521.9</ele>
    </trkpt>
    <trkpt lat="-13.121914863586426" lon="31.779449462890625">
        <ele>523.2</ele>
    </trkpt>
    <trkpt lat="-13.122355461120605" lon="31.778993606567383">
        <ele>521.5</ele>
    </trkpt>
    <trkpt lat="-13.122852325439453" lon="31.778476715087891">
        <ele>521.5</ele>
    </trkpt>
    <trkpt lat="-13.123308181762695" lon="31.777851104736328">
        <ele>521.2</ele>
    </trkpt>
    <trkpt lat="-13.123495101928711" lon="31.777454376220703">
        <ele>520.6</ele>
    </trkpt>
    <trkpt lat="-13.123515129089355" lon="31.777395248413086">
        <ele>519.4</ele>
    </trkpt>
    <trkpt lat="-13.123605728149414" lon="31.777294158935547">
        <ele>519.5</ele>
    </trkpt>
    <trkpt lat="-13.12371826171875" lon="31.77717399597168">
        <ele>519.0</ele>
    </trkpt>
    <trkpt lat="-13.123896598815918" lon="31.77699089050293">
        <ele>518.6</ele>
    </trkpt>
    <trkpt lat="-13.123933792114258" lon="31.776943206787109">
        <ele>517.7</ele>
    </trkpt>
    <trkpt lat="-13.124114990234375" lon="31.776790618896484">
        <ele>518.9</ele>
    </trkpt>
    <trkpt lat="-13.124303817749023" lon="31.776634216308594">
        <ele>518.5</ele>
    </trkpt>
    <trkpt lat="-13.12452220916748" lon="31.776466369628906">
        <ele>518.6</ele>
    </trkpt>
    <trkpt lat="-13.124792098999023" lon="31.776266098022461">
        <ele>518.8</ele>
    </trkpt>
    <trkpt lat="-13.12507152557373" lon="31.776090621948242">
        <ele>519.6</ele>
    </trkpt>
    <trkpt lat="-13.125372886657715" lon="31.775888442993164">
        <ele>519.0</ele>
    </trkpt>
    <trkpt lat="-13.125673294067383" lon="31.77569580078125">
        <ele>519.4</ele>
    </trkpt>
    <trkpt lat="-13.125933647155762" lon="31.775533676147461">
        <ele>520.4</ele>
    </trkpt>
    <trkpt lat="-13.12617301940918" lon="31.775356292724609">
        <ele>521.1</ele>
    </trkpt>
    <trkpt lat="-13.126429557800293" lon="31.775129318237305">
        <ele>521.4</ele>
    </trkpt>
    <trkpt lat="-13.126682281494141" lon="31.774803161621094">
        <ele>521.1</ele>
    </trkpt>
    <trkpt lat="-13.126828193664551" lon="31.774423599243164">
        <ele>520.2</ele>
    </trkpt>
    <trkpt lat="-13.12693977355957" lon="31.774024963378906">
        <ele>520.6</ele>
    </trkpt>
    <trkpt lat="-13.127086639404297" lon="31.773687362670898">
        <ele>518.8</ele>
    </trkpt>
    <trkpt lat="-13.127276420593262" lon="31.773221969604492">
        <ele>519.3</ele>
    </trkpt>
    <trkpt lat="-13.127446174621582" lon="31.77271842956543">
        <ele>519.8</ele>
    </trkpt>
    <trkpt lat="-13.127554893493652" lon="31.772239685058594">
        <ele>520.8</ele>
    </trkpt>
    <trkpt lat="-13.127631187438965" lon="31.771751403808594">
        <ele>520.4</ele>
    </trkpt>
    <trkpt lat="-13.127671241760254" lon="31.771263122558594">
        <ele>521.5</ele>
    </trkpt>
    <trkpt lat="-13.127725601196289" lon="31.770830154418945">
        <ele>521.6</ele>
    </trkpt>
    <trkpt lat="-13.127927780151367" lon="31.770315170288086">
        <ele>521.9</ele>
    </trkpt>
    <trkpt lat="-13.128215789794922" lon="31.769847869873047">
        <ele>521.7</ele>
    </trkpt>
    <trkpt lat="-13.128564834594727" lon="31.769392013549805">
        <ele>521.5</ele>
    </trkpt>
    <trkpt lat="-13.128807067871094" lon="31.769126892089844">
        <ele>520.0</ele>
    </trkpt>
    <trkpt lat="-13.129033088684082" lon="31.768945693969727">
        <ele>520.2</ele>
    </trkpt>
    <trkpt lat="-13.129300117492676" lon="31.768749237060547">
        <ele>521.3</ele>
    </trkpt>
    <trkpt lat="-13.129674911499023" lon="31.768503189086914">
        <ele>523.1</ele>
    </trkpt>
    <trkpt lat="-13.13011646270752" lon="31.768234252929688">
        <ele>522.8</ele>
    </trkpt>
    <trkpt lat="-13.130581855773926" lon="31.767948150634766">
        <ele>523.1</ele>
    </trkpt>
    <trkpt lat="-13.130970001220703" lon="31.767581939697266">
        <ele>522.4</ele>
    </trkpt>
    <trkpt lat="-13.131268501281738" lon="31.767265319824219">
        <ele>521.0</ele>
    </trkpt>
    <trkpt lat="-13.131382942199707" lon="31.767126083374023">
        <ele>520.5</ele>
    </trkpt>
    <trkpt lat="-13.131425857543945" lon="31.767082214355469">
        <ele>518.8</ele>
    </trkpt>
    <trkpt lat="-13.131607055664062" lon="31.766874313354492">
        <ele>519.5</ele>
    </trkpt>
    <trkpt lat="-13.131848335266113" lon="31.766653060913086">
        <ele>519.0</ele>
    </trkpt>
    <trkpt lat="-13.132085800170898" lon="31.766439437866211">
        <ele>518.2</ele>
    </trkpt>
    <trkpt lat="-13.13233470916748" lon="31.766220092773438">
        <ele>518.6</ele>
    </trkpt>
    <trkpt lat="-13.132588386535645" lon="31.766000747680664">
        <ele>517.6</ele>
    </trkpt>
    <trkpt lat="-13.132887840270996" lon="31.76576042175293">
        <ele>518.6</ele>
    </trkpt>
    <trkpt lat="-13.133220672607422" lon="31.765480041503906">
        <ele>517.9</ele>
    </trkpt>
    <trkpt lat="-13.133550643920898" lon="31.765153884887695">
        <ele>516.6</ele>
    </trkpt>
    <trkpt lat="-13.133840560913086" lon="31.764860153198242">
        <ele>516.6</ele>
    </trkpt>
    <trkpt lat="-13.134119987487793" lon="31.764558792114258">
        <ele>515.9</ele>
    </trkpt>
    <trkpt lat="-13.134395599365234" lon="31.764286041259766">
        <ele>516.0</ele>
    </trkpt>
    <trkpt lat="-13.134685516357422" lon="31.763984680175781">
        <ele>516.0</ele>
    </trkpt>
    <trkpt lat="-13.134979248046875" lon="31.763641357421875">
        <ele>516.5</ele>
    </trkpt>
    <trkpt lat="-13.135336875915527" lon="31.763238906860352">
        <ele>516.6</ele>
    </trkpt>
    <trkpt lat="-13.135688781738281" lon="31.762834548950195">
        <ele>517.1</ele>
    </trkpt>
    <trkpt lat="-13.135998725891113" lon="31.762432098388672">
        <ele>517.7</ele>
    </trkpt>
    <trkpt lat="-13.136165618896484" lon="31.762125015258789">
        <ele>516.4</ele>
    </trkpt>
    <trkpt lat="-13.136233329772949" lon="31.761857986450195">
        <ele>518.3</ele>
    </trkpt>
    <trkpt lat="-13.136117935180664" lon="31.761581420898438">
        <ele>517.0</ele>
    </trkpt>
    <trkpt lat="-13.136065483093262" lon="31.761215209960938">
        <ele>516.9</ele>
    </trkpt>
    <trkpt lat="-13.136082649230957" lon="31.760923385620117">
        <ele>516.8</ele>
    </trkpt>
    <trkpt lat="-13.136252403259277" lon="31.760570526123047">
        <ele>516.8</ele>
    </trkpt>
    <trkpt lat="-13.136490821838379" lon="31.760181427001953">
        <ele>517.7</ele>
    </trkpt>
    <trkpt lat="-13.136634826660156" lon="31.759731292724609">
        <ele>516.5</ele>
    </trkpt>
    <trkpt lat="-13.136521339416504" lon="31.759405136108398">
        <ele>516.6</ele>
    </trkpt>
    <trkpt lat="-13.13634204864502" lon="31.759180068969727">
        <ele>516.1</ele>
    </trkpt>
    <trkpt lat="-13.136163711547852" lon="31.758974075317383">
        <ele>517.5</ele>
    </trkpt>
    <trkpt lat="-13.135895729064941" lon="31.758737564086914">
        <ele>518.2</ele>
    </trkpt>
    <trkpt lat="-13.135845184326172" lon="31.758321762084961">
        <ele>518.4</ele>
    </trkpt>
    <trkpt lat="-13.135886192321777" lon="31.757999420166016">
        <ele>516.9</ele>
    </trkpt>
    <trkpt lat="-13.135920524597168" lon="31.757627487182617">
        <ele>516.7</ele>
    </trkpt>
    <trkpt lat="-13.135985374450684" lon="31.757213592529297">
        <ele>517.0</ele>
    </trkpt>
    <trkpt lat="-13.136041641235352" lon="31.756757736206055">
        <ele>515.8</ele>
    </trkpt>
    <trkpt lat="-13.136049270629883" lon="31.756309509277344">
        <ele>514.8</ele>
    </trkpt>
    <trkpt lat="-13.136048316955566" lon="31.755874633789062">
        <ele>513.9</ele>
    </trkpt>
    <trkpt lat="-13.136045455932617" lon="31.755596160888672">
        <ele>514.6</ele>
    </trkpt>
    <trkpt lat="-13.136021614074707" lon="31.755208969116211">
        <ele>514.0</ele>
    </trkpt>
    <trkpt lat="-13.135974884033203" lon="31.754804611206055">
        <ele>513.6</ele>
    </trkpt>
    <trkpt lat="-13.13592529296875" lon="31.754396438598633">
        <ele>514.7</ele>
    </trkpt>
    <trkpt lat="-13.135886192321777" lon="31.754016876220703">
        <ele>516.0</ele>
    </trkpt>
    <trkpt lat="-13.135887145996094" lon="31.75370979309082">
        <ele>516.6</ele>
    </trkpt>
    <trkpt lat="-13.135878562927246" lon="31.75352668762207">
        <ele>517.4</ele>
    </trkpt>
    <trkpt lat="-13.135889053344727" lon="31.753196716308594">
        <ele>517.6</ele>
    </trkpt>
    <trkpt lat="-13.135879516601562" lon="31.752849578857422">
        <ele>516.1</ele>
    </trkpt>
    <trkpt lat="-13.13584041595459" lon="31.752565383911133">
        <ele>516.0</ele>
    </trkpt>
    <trkpt lat="-13.135835647583008" lon="31.752357482910156">
        <ele>515.7</ele>
    </trkpt>
    <trkpt lat="-13.135770797729492" lon="31.752019882202148">
        <ele>516.1</ele>
    </trkpt>
    <trkpt lat="-13.135726928710938" lon="31.751791000366211">
        <ele>515.6</ele>
    </trkpt>
    <trkpt lat="-13.135663032531738" lon="31.751605987548828">
        <ele>516.6</ele>
    </trkpt>
    <trkpt lat="-13.135528564453125" lon="31.751262664794922">
        <ele>513.9</ele>
    </trkpt>
    <trkpt lat="-13.135369300842285" lon="31.750795364379883">
        <ele>514.4</ele>
    </trkpt>
    <trkpt lat="-13.135172843933105" lon="31.750341415405273">
        <ele>513.8</ele>
    </trkpt>
    <trkpt lat="-13.134981155395508" lon="31.749923706054688">
        <ele>515.5</ele>
    </trkpt>
    <trkpt lat="-13.134777069091797" lon="31.749513626098633">
        <ele>516.0</ele>
    </trkpt>
    <trkpt lat="-13.13459587097168" lon="31.749118804931641">
        <ele>517.1</ele>
    </trkpt>
    <trkpt lat="-13.134400367736816" lon="31.748676300048828">
        <ele>518.4</ele>
    </trkpt>
    <trkpt lat="-13.134317398071289" lon="31.748167037963867">
        <ele>517.0</ele>
    </trkpt>
    <trkpt lat="-13.134363174438477" lon="31.747634887695312">
        <ele>514.6</ele>
    </trkpt>
    <trkpt lat="-13.134353637695312" lon="31.747276306152344">
        <ele>514.2</ele>
    </trkpt>
    <trkpt lat="-13.134398460388184" lon="31.747028350830078">
        <ele>514.2</ele>
    </trkpt>
    <trkpt lat="-13.134382247924805" lon="31.746574401855469">
        <ele>515.0</ele>
    </trkpt>
    <trkpt lat="-13.134207725524902" lon="31.746086120605469">
        <ele>512.7</ele>
    </trkpt>
    <trkpt lat="-13.133907318115234" lon="31.745813369750977">
        <ele>514.3</ele>
    </trkpt>
    <trkpt lat="-13.133401870727539" lon="31.74560546875">
        <ele>515.6</ele>
    </trkpt>
    <trkpt lat="-13.132859230041504" lon="31.745481491088867">
        <ele>517.0</ele>
    </trkpt>
    <trkpt lat="-13.132266998291016" lon="31.745454788208008">
        <ele>517.3</ele>
    </trkpt>
    <trkpt lat="-13.131698608398438" lon="31.745428085327148">
        <ele>518.4</ele>
    </trkpt>
    <trkpt lat="-13.131195068359375" lon="31.745370864868164">
        <ele>517.5</ele>
    </trkpt>
    <trkpt lat="-13.130820274353027" lon="31.745361328125">
        <ele>517.9</ele>
    </trkpt>
    <trkpt lat="-13.130285263061523" lon="31.74537467956543">
        <ele>518.1</ele>
    </trkpt>
    <trkpt lat="-13.12968921661377" lon="31.745389938354492">
        <ele>516.4</ele>
    </trkpt>
    <trkpt lat="-13.129088401794434" lon="31.745388031005859">
        <ele>516.7</ele>
    </trkpt>
    <trkpt lat="-13.128534317016602" lon="31.745367050170898">
        <ele>517.4</ele>
    </trkpt>
    <trkpt lat="-13.12813663482666" lon="31.745328903198242">
        <ele>517.5</ele>
    </trkpt>
    <trkpt lat="-13.127846717834473" lon="31.745267868041992">
        <ele>517.0</ele>
    </trkpt>
    <trkpt lat="-13.127604484558105" lon="31.745174407958984">
        <ele>513.5</ele>
    </trkpt>
    <trkpt lat="-13.127249717712402" lon="31.745248794555664">
        <ele>513.6</ele>
    </trkpt>
    <trkpt lat="-13.126995086669922" lon="31.745330810546875">
        <ele>514.1</ele>
    </trkpt>
    <trkpt lat="-13.126679420471191" lon="31.745426177978516">
        <ele>514.6</ele>
    </trkpt>
    <trkpt lat="-13.126296997070312" lon="31.745529174804688">
        <ele>514.1</ele>
    </trkpt>
    <trkpt lat="-13.125876426696777" lon="31.745595932006836">
        <ele>514.7</ele>
    </trkpt>
    <trkpt lat="-13.125347137451172" lon="31.745611190795898">
        <ele>514.3</ele>
    </trkpt>
    <trkpt lat="-13.124788284301758" lon="31.745571136474609">
        <ele>514.1</ele>
    </trkpt>
    <trkpt lat="-13.124356269836426" lon="31.745542526245117">
        <ele>515.3</ele>
    </trkpt>
    <trkpt lat="-13.123859405517578" lon="31.745487213134766">
        <ele>517.5</ele>
    </trkpt>
    <trkpt lat="-13.123337745666504" lon="31.745441436767578">
        <ele>518.6</ele>
    </trkpt>
    <trkpt lat="-13.122821807861328" lon="31.745349884033203">
        <ele>520.1</ele>
    </trkpt>
    <trkpt lat="-13.12227725982666" lon="31.745355606079102">
        <ele>519.3</ele>
    </trkpt>
    <trkpt lat="-13.121777534484863" lon="31.745336532592773">
        <ele>518.2</ele>
    </trkpt>
    <trkpt lat="-13.121267318725586" lon="31.745153427124023">
        <ele>515.7</ele>
    </trkpt>
    <trkpt lat="-13.120794296264648" lon="31.744813919067383">
        <ele>514.6</ele>
    </trkpt>
    <trkpt lat="-13.120508193969727" lon="31.744573593139648">
        <ele>514.2</ele>
    </trkpt>
    <trkpt lat="-13.120280265808105" lon="31.744386672973633">
        <ele>514.5</ele>
    </trkpt>
    <trkpt lat="-13.120058059692383" lon="31.744194030761719">
        <ele>516.2</ele>
    </trkpt>
    <trkpt lat="-13.119931221008301" lon="31.744058609008789">
        <ele>516.5</ele>
    </trkpt>
    <trkpt lat="-13.119762420654297" lon="31.743764877319336">
        <ele>515.7</ele>
    </trkpt>
    <trkpt lat="-13.119535446166992" lon="31.743467330932617">
        <ele>515.7</ele>
    </trkpt>
    <trkpt lat="-13.119438171386719" lon="31.743307113647461">
        <ele>516.3</ele>
    </trkpt>
    <trkpt lat="-13.11931324005127" lon="31.74315071105957">
        <ele>516.4</ele>
    </trkpt>
    <trkpt lat="-13.119112014770508" lon="31.742897033691406">
        <ele>514.9</ele>
    </trkpt>
    <trkpt lat="-13.118842124938965" lon="31.742610931396484">
        <ele>513.9</ele>
    </trkpt>
    <trkpt lat="-13.118577003479004" lon="31.742366790771484">
        <ele>514.9</ele>
    </trkpt>
    <trkpt lat="-13.118388175964355" lon="31.742176055908203">
        <ele>513.1</ele>
    </trkpt>
    <trkpt lat="-13.118204116821289" lon="31.74195671081543">
        <ele>513.2</ele>
    </trkpt>
    <trkpt lat="-13.118139266967773" lon="31.741907119750977">
        <ele>514.1</ele>
    </trkpt>
    <trkpt lat="-13.118097305297852" lon="31.741884231567383">
        <ele>515.8</ele>
    </trkpt>
    <trkpt lat="-13.117955207824707" lon="31.741697311401367">
        <ele>513.4</ele>
    </trkpt>
    <trkpt lat="-13.117777824401855" lon="31.74146842956543">
        <ele>513.1</ele>
    </trkpt>
    <trkpt lat="-13.11747932434082" lon="31.741365432739258">
        <ele>513.4</ele>
    </trkpt>
    <trkpt lat="-13.117185592651367" lon="31.741231918334961">
        <ele>512.9</ele>
    </trkpt>
    <trkpt lat="-13.116934776306152" lon="31.741094589233398">
        <ele>514.2</ele>
    </trkpt>
    <trkpt lat="-13.116650581359863" lon="31.740978240966797">
        <ele>513.6</ele>
    </trkpt>
    <trkpt lat="-13.116507225970997" lon="31.740964339838179">
        <ele>513.873307309519987</ele>
    </trkpt>
  </trkseg>
  <trkseg>
    <trkpt lat="-13.702107436326099" lon="32.732042964777037">
        <ele>1200.896280400570959</ele>
    </trkpt>
    <trkpt lat="-13.70213794708252" lon="32.732009887695312">
        <ele>1199.8</ele>
    </trkpt>
    <trkpt lat="-13.702173233032227" lon="32.731906890869141">
        <ele>1200.4</ele>
    </trkpt>
    <trkpt lat="-13.702183473705519" lon="32.731882636642922">
        <ele>1201.302338611449613</ele>
    </trkpt>
  </trkseg>
  <trkseg>
    <trkpt lat="-13.702183473705519" lon="32.731882636642922">
        <ele>1201.302338611449613</ele>
    </trkpt>
    <trkpt lat="-13.702169418334961" lon="32.731891632080078">
        <ele>1202.2</ele>
    </trkpt>
    <trkpt lat="-13.702107436326099" lon="32.732042964777037">
        <ele>1200.896280400570959</ele>
    </trkpt>
  </trkseg>
  <trkseg>
    <trkpt lat="-13.702183473705519" lon="32.731882636642922">
        <ele>1201.302338611449613</ele>
    </trkpt>
    <trkpt lat="-13.702245712280273" lon="32.731735229492188">
        <ele>1200.6</ele>
    </trkpt>
    <trkpt lat="-13.702291488647461" lon="32.731704711914062">
        <ele>1201.3</ele>
    </trkpt>
    <trkpt lat="-13.702288627624512" lon="32.731815338134766">
        <ele>1202.0</ele>
    </trkpt>
    <trkpt lat="-13.702183473705519" lon="32.731882636642922">
        <ele>1201.302338611449613</ele>
    </trkpt>
  </trkseg>
  <trkseg>
    <trkpt lat="-13.702107436326099" lon="32.732042964777037">
        <ele>1200.896280400570959</ele>
    </trkpt>
    <trkpt lat="-13.702095985412598" lon="32.732070922851562">
        <ele>1201.6</ele>
    </trkpt>
    <trkpt lat="-13.702076798594556" lon="32.732076179514038">
        <ele>1200.958280657393061</ele>
    </trkpt>
  </trkseg>
  <trkseg>
    <trkpt lat="-13.702076798594556" lon="32.732076179514038">
        <ele>1200.958280657393061</ele>
    </trkpt>
    <trkpt lat="-13.702107436326099" lon="32.732042964777037">
        <ele>1200.896280400570959</ele>
    </trkpt>
  </trkseg>
  <trkseg>
    <trkpt lat="-13.973983682389614" lon="33.756314366934163">
        <ele>1093.479332676462036</ele>
    </trkpt>
    <trkpt lat="-13.974050521850586" lon="33.755718231201172">
        <ele>1094.9</ele>
    </trkpt>
    <trkpt lat="-13.974154472351074" lon="33.754917144775391">
        <ele>1097.0</ele>
    </trkpt>
    <trkpt lat="-13.974191665649414" lon="33.754127502441406">
        <ele>1098.4</ele>
    </trkpt>
    <trkpt lat="-13.974208831787109" lon="33.753623962402344">
        <ele>1099.6</ele>
    </trkpt>
    <trkpt lat="-13.974230766296387" lon="33.753124237060547">
        <ele>1100.2</ele>
    </trkpt>
    <trkpt lat="-13.974265098571777" lon="33.752616882324219">
        <ele>1099.7</ele>
    </trkpt>
    <trkpt lat="-13.974285125732422" lon="33.752117156982422">
        <ele>1099.5</ele>
    </trkpt>
    <trkpt lat="-13.974307060241699" lon="33.751640319824219">
        <ele>1100.3</ele>
    </trkpt>
    <trkpt lat="-13.974350929260254" lon="33.751201629638672">
        <ele>1099.1</ele>
    </trkpt>
    <trkpt lat="-13.974360466003418" lon="33.750736236572266">
        <ele>1100.1</ele>
    </trkpt>
    <trkpt lat="-13.974374771118164" lon="33.750331878662109">
        <ele>1100.1</ele>
    </trkpt>
    <trkpt lat="-13.974387168884277" lon="33.749946594238281">
        <ele>1100.3</ele>
    </trkpt>
    <trkpt lat="-13.974427223205566" lon="33.749526977539062">
        <ele>1101.5</ele>
    </trkpt>
    <trkpt lat="-13.974441528320312" lon="33.749153137207031">
        <ele>1101.8</ele>
    </trkpt>
    <trkpt lat="-13.974452972412109" lon="33.748874664306641">
        <ele>1102.4</ele>
    </trkpt>
    <trkpt lat="-13.974477767944336" lon="33.748538970947266">
        <ele>1103.2</ele>
    </trkpt>
    <trkpt lat="-13.974490165710449" lon="33.748146057128906">
        <ele>1102.6</ele>
    </trkpt>
    <trkpt lat="-13.974525451660156" lon="33.747467041015625">
        <ele>1102.2</ele>
    </trkpt>
    <trkpt lat="-13.974562644958496" lon="33.746845245361328">
        <ele>1103.5</ele>
    </trkpt>
    <trkpt lat="-13.974602699279785" lon="33.746326446533203">
        <ele>1104.9</ele>
    </trkpt>
    <trkpt lat="-13.974624633789062" lon="33.745845794677734">
        <ele>1108.0</ele>
    </trkpt>
    <trkpt lat="-13.974658966064453" lon="33.745445251464844">
        <ele>1110.0</ele>
    </trkpt>
    <trkpt lat="-13.974666595458984" lon="33.745105743408203">
        <ele>1112.2</ele>
    </trkpt>
    <trkpt lat="-13.974689483642578" lon="33.74462890625">
        <ele>1113.5</ele>
    </trkpt>
    <trkpt lat="-13.97472095489502" lon="33.744235992431641">
        <ele>1115.0</ele>
    </trkpt>
    <trkpt lat="-13.974751472473145" lon="33.743843078613281">
        <ele>1115.4</ele>
    </trkpt>
    <trkpt lat="-13.974772453308105" lon="33.743438720703125">
        <ele>1115.3</ele>
    </trkpt>
    <trkpt lat="-13.974781036376953" lon="33.743049621582031">
        <ele>1113.6</ele>
    </trkpt>
    <trkpt lat="-13.974810600280762" lon="33.742630004882812">
        <ele>1113.3</ele>
    </trkpt>
    <trkpt lat="-13.974834442138672" lon="33.742176055908203">
        <ele>1112.2</ele>
    </trkpt>
    <trkpt lat="-13.974856376647949" lon="33.741748809814453">
        <ele>1111.4</ele>
    </trkpt>
    <trkpt lat="-13.974867820739746" lon="33.741554260253906">
        <ele>1111.7</ele>
    </trkpt>
    <trkpt lat="-13.974903106689453" lon="33.741153717041016">
        <ele>1111.6</ele>
    </trkpt>
    <trkpt lat="-13.974932670593262" lon="33.740547180175781">
        <ele>1109.9</ele>
    </trkpt>
    <trkpt lat="-13.974983215332031" lon="33.740085601806641">
        <ele>1108.6</ele>
    </trkpt>
    <trkpt lat="-13.975133895874023" lon="33.739837646484375">
        <ele>1108.0</ele>
    </trkpt>
    <trkpt lat="-13.975152969360352" lon="33.739513397216797">
        <ele>1107.5</ele>
    </trkpt>
    <trkpt lat="-13.975022315979004" lon="33.739143371582031">
        <ele>1105.9</ele>
    </trkpt>
    <trkpt lat="-13.975029945373535" lon="33.738777160644531">
        <ele>1105.5</ele>
    </trkpt>
    <trkpt lat="-13.975038528442383" lon="33.73846435546875">
        <ele>1104.8</ele>
    </trkpt>
    <trkpt lat="-13.975062370300293" lon="33.738231658935547">
        <ele>1105.2</ele>
    </trkpt>
    <trkpt lat="-13.97506046295166" lon="33.738086700439453">
        <ele>1104.9</ele>
    </trkpt>
    <trkpt lat="-13.975071907043457" lon="33.737789154052734">
        <ele>1105.7</ele>
    </trkpt>
    <trkpt lat="-13.975091934204102" lon="33.737503051757812">
        <ele>1104.8</ele>
    </trkpt>
    <trkpt lat="-13.975111961364746" lon="33.737174987792969">
        <ele>1104.9</ele>
    </trkpt>
    <trkpt lat="-13.975116729736328" lon="33.736835479736328">
        <ele>1103.2</ele>
    </trkpt>
    <trkpt lat="-13.975139617919922" lon="33.736351013183594">
        <ele>1101.7</ele>
    </trkpt>
    <trkpt lat="-13.975131988525391" lon="33.735698699951172">
        <ele>1101.3</ele>
    </trkpt>
    <trkpt lat="-13.975114822387695" lon="33.735038757324219">
        <ele>1099.9</ele>
    </trkpt>
    <trkpt lat="-13.975130081176758" lon="33.734577178955078">
        <ele>1100.5</ele>
    </trkpt>
    <trkpt lat="-13.97513484954834" lon="33.734310150146484">
        <ele>1100.2</ele>
    </trkpt>
    <trkpt lat="-13.975129127502441" lon="33.734092712402344">
        <ele>1100.3</ele>
    </trkpt>
    <trkpt lat="-13.975126266479492" lon="33.733844757080078">
        <ele>1101.5</ele>
    </trkpt>
    <trkpt lat="-13.975131988525391" lon="33.733562469482422">
        <ele>1102.9</ele>
    </trkpt>
    <trkpt lat="-13.975133895874023" lon="33.733322143554688">
        <ele>1103.0</ele>
    </trkpt>
    <trkpt lat="-13.975119590759277" lon="33.733013153076172">
        <ele>1103.0</ele>
    </trkpt>
    <trkpt lat="-13.975118637084961" lon="33.732608795166016">
        <ele>1104.0</ele>
    </trkpt>
    <trkpt lat="-13.975123405456543" lon="33.732192993164062">
        <ele>1104.5</ele>
    </trkpt>
    <trkpt lat="-13.975131988525391" lon="33.731822967529297">
        <ele>1105.1</ele>
    </trkpt>
    <trkpt lat="-13.975139617919922" lon="33.731422424316406">
        <ele>1105.5</ele>
    </trkpt>
    <trkpt lat="-13.975139617919922" lon="33.731029510498047">
        <ele>1107.2</ele>
    </trkpt>
    <trkpt lat="-13.975136756896973" lon="33.730728149414062">
        <ele>1108.4</ele>
    </trkpt>
    <trkpt lat="-13.975128173828125" lon="33.730323791503906">
        <ele>1109.3</ele>
    </trkpt>
    <trkpt lat="-13.975140571594238" lon="33.729907989501953">
        <ele>1110.7</ele>
    </trkpt>
    <trkpt lat="-13.975139617919922" lon="33.729503631591797">
        <ele>1111.4</ele>
    </trkpt>
    <trkpt lat="-13.97513484954834" lon="33.729156494140625">
        <ele>1112.9</ele>
    </trkpt>
    <trkpt lat="-13.975150108337402" lon="33.728771209716797">
        <ele>1112.3</ele>
    </trkpt>
    <trkpt lat="-13.975137710571289" lon="33.728366851806641">
        <ele>1112.9</ele>
    </trkpt>
    <trkpt lat="-13.975140571594238" lon="33.727981567382812">
        <ele>1112.9</ele>
    </trkpt>
    <trkpt lat="-13.975141525268555" lon="33.727569580078125">
        <ele>1113.4</ele>
    </trkpt>
    <trkpt lat="-13.975142478942871" lon="33.727169036865234">
        <ele>1113.5</ele>
    </trkpt>
    <trkpt lat="-13.975133895874023" lon="33.726734161376953">
        <ele>1113.0</ele>
    </trkpt>
    <trkpt lat="-13.975140571594238" lon="33.726287841796875">
        <ele>1113.4</ele>
    </trkpt>
    <trkpt lat="-13.97514533996582" lon="33.725875854492188">
        <ele>1114.4</ele>
    </trkpt>
    <trkpt lat="-13.97513484954834" lon="33.725475311279297">
        <ele>1114.7</ele>
    </trkpt>
    <trkpt lat="-13.975128173828125" lon="33.725070953369141">
        <ele>1116.6</ele>
    </trkpt>
    <trkpt lat="-13.975138664245605" lon="33.724716186523438">
        <ele>1117.3</ele>
    </trkpt>
    <trkpt lat="-13.975154876708984" lon="33.724311828613281">
        <ele>1117.8</ele>
    </trkpt>
    <trkpt lat="-13.975170135498047" lon="33.723888397216797">
        <ele>1117.5</ele>
    </trkpt>
    <trkpt lat="-13.975157737731934" lon="33.723583221435547">
        <ele>1118.3</ele>
    </trkpt>
    <trkpt lat="-13.975162506103516" lon="33.723297119140625">
        <ele>1119.0</ele>
    </trkpt>
    <trkpt lat="-13.975178718566895" lon="33.722984313964844">
        <ele>1119.7</ele>
    </trkpt>
    <trkpt lat="-13.975179672241211" lon="33.722682952880859">
        <ele>1119.3</ele>
    </trkpt>
    <trkpt lat="-13.975181579589844" lon="33.722503662109375">
        <ele>1119.5</ele>
    </trkpt>
    <trkpt lat="-13.97514820098877" lon="33.722164154052734">
        <ele>1120.5</ele>
    </trkpt>
    <trkpt lat="-13.975162506103516" lon="33.721649169921875">
        <ele>1119.7</ele>
    </trkpt>
    <trkpt lat="-13.975156784057617" lon="33.721054077148438">
        <ele>1119.3</ele>
    </trkpt>
    <trkpt lat="-13.975144386291504" lon="33.720359802246094">
        <ele>1118.8</ele>
    </trkpt>
    <trkpt lat="-13.975144386291504" lon="33.719589233398438">
        <ele>1117.3</ele>
    </trkpt>
    <trkpt lat="-13.975164413452148" lon="33.718799591064453">
        <ele>1118.2</ele>
    </trkpt>
    <trkpt lat="-13.975168228149414" lon="33.717987060546875">
        <ele>1116.7</ele>
    </trkpt>
    <trkpt lat="-13.975160598754883" lon="33.717220306396484">
        <ele>1117.4</ele>
    </trkpt>
    <trkpt lat="-13.975154876708984" lon="33.71649169921875">
        <ele>1116.7</ele>
    </trkpt>
    <trkpt lat="-13.975156784057617" lon="33.715690612792969">
        <ele>1117.2</ele>
    </trkpt>
    <trkpt lat="-13.975160598754883" lon="33.714851379394531">
        <ele>1116.5</ele>
    </trkpt>
    <trkpt lat="-13.975151062011719" lon="33.71417236328125">
        <ele>1114.5</ele>
    </trkpt>
    <trkpt lat="-13.975154876708984" lon="33.713523864746094">
        <ele>1113.0</ele>
    </trkpt>
    <trkpt lat="-13.975140571594238" lon="33.712917327880859">
        <ele>1113.8</ele>
    </trkpt>
    <trkpt lat="-13.975155830383301" lon="33.712165832519531">
        <ele>1113.9</ele>
    </trkpt>
    <trkpt lat="-13.975202560424805" lon="33.711330413818359">
        <ele>1113.2</ele>
    </trkpt>
    <trkpt lat="-13.975317001342773" lon="33.710548400878906">
        <ele>1112.7</ele>
    </trkpt>
    <trkpt lat="-13.975468635559082" lon="33.709835052490234">
        <ele>1110.0</ele>
    </trkpt>
    <trkpt lat="-13.975689888000488" lon="33.709140777587891">
        <ele>1108.4</ele>
    </trkpt>
    <trkpt lat="-13.975961685180664" lon="33.708465576171875">
        <ele>1105.9</ele>
    </trkpt>
    <trkpt lat="-13.976326942443848" lon="33.707675933837891">
        <ele>1104.0</ele>
    </trkpt>
    <trkpt lat="-13.976704597473145" lon="33.706874847412109">
        <ele>1102.4</ele>
    </trkpt>
    <trkpt lat="-13.977010726928711" lon="33.706199645996094">
        <ele>1103.7</ele>
    </trkpt>
    <trkpt lat="-13.977261543273926" lon="33.705646514892578">
        <ele>1103.6</ele>
    </trkpt>
    <trkpt lat="-13.977511405944824" lon="33.705097198486328">
        <ele>1104.7</ele>
    </trkpt>
    <trkpt lat="-13.977768898010254" lon="33.704509735107422">
        <ele>1105.2</ele>
    </trkpt>
    <trkpt lat="-13.978108406066895" lon="33.703784942626953">
        <ele>1108.2</ele>
    </trkpt>
    <trkpt lat="-13.978416442871094" lon="33.703113555908203">
        <ele>1108.6</ele>
    </trkpt>
    <trkpt lat="-13.978708267211914" lon="33.702503204345703">
        <ele>1108.3</ele>
    </trkpt>
    <trkpt lat="-13.978999137878418" lon="33.701862335205078">
        <ele>1106.8</ele>
    </trkpt>
    <trkpt lat="-13.979290008544922" lon="33.701225280761719">
        <ele>1108.0</ele>
    </trkpt>
    <trkpt lat="-13.979591369628906" lon="33.700603485107422">
        <ele>1107.8</ele>
    </trkpt>
    <trkpt lat="-13.979997634887695" lon="33.699939727783203">
        <ele>1106.7</ele>
    </trkpt>
    <trkpt lat="-13.98049259185791" lon="33.699314117431641">
        <ele>1108.1</ele>
    </trkpt>
    <trkpt lat="-13.980975151062012" lon="33.698806762695312">
        <ele>1107.8</ele>
    </trkpt>
    <trkpt lat="-13.981411933898926" lon="33.698390960693359">
        <ele>1108.6</ele>
    </trkpt>
    <trkpt lat="-13.981921195983887" lon="33.697914123535156">
        <ele>1107.6</ele>
    </trkpt>
    <trkpt lat="-13.982502937316895" lon="33.697406768798828">
        <ele>1107.7</ele>
    </trkpt>
    <trkpt lat="-13.983113288879395" lon="33.696849822998047">
        <ele>1107.0</ele>
    </trkpt>
    <trkpt lat="-13.983742713928223" lon="33.696277618408203">
        <ele>1106.2</ele>
    </trkpt>
    <trkpt lat="-13.984352111816406" lon="33.695728302001953">
        <ele>1104.7</ele>
    </trkpt>
    <trkpt lat="-13.984939575195312" lon="33.695167541503906">
        <ele>1103.7</ele>
    </trkpt>
    <trkpt lat="-13.985592842102051" lon="33.694587707519531">
        <ele>1103.0</ele>
    </trkpt>
    <trkpt lat="-13.986247062683105" lon="33.693992614746094">
        <ele>1100.0</ele>
    </trkpt>
    <trkpt lat="-13.986915588378906" lon="33.693401336669922">
        <ele>1097.9</ele>
    </trkpt>
    <trkpt lat="-13.98744010925293" lon="33.692939758300781">
        <ele>1097.4</ele>
    </trkpt>
    <trkpt lat="-13.98780345916748" lon="33.692600250244141">
        <ele>1095.9</ele>
    </trkpt>
    <trkpt lat="-13.988271713256836" lon="33.692188262939453">
        <ele>1096.3</ele>
    </trkpt>
    <trkpt lat="-13.988774299621582" lon="33.691753387451172">
        <ele>1096.0</ele>
    </trkpt>
    <trkpt lat="-13.989211082458496" lon="33.691352844238281">
        <ele>1097.0</ele>
    </trkpt>
    <trkpt lat="-13.989725112915039" lon="33.69085693359375">
        <ele>1099.2</ele>
    </trkpt>
    <trkpt lat="-13.990287780761719" lon="33.690235137939453">
        <ele>1104.4</ele>
    </trkpt>
    <trkpt lat="-13.990810394287109" lon="33.689529418945312">
        <ele>1105.4</ele>
    </trkpt>
    <trkpt lat="-13.991236686706543" lon="33.688789367675781">
        <ele>1107.0</ele>
    </trkpt>
    <trkpt lat="-13.99161434173584" lon="33.687957763671875">
        <ele>1108.7</ele>
    </trkpt>
    <trkpt lat="-13.991918563842773" lon="33.687046051025391">
        <ele>1110.8</ele>
    </trkpt>
    <trkpt lat="-13.992098808288574" lon="33.686225891113281">
        <ele>1113.6</ele>
    </trkpt>
    <trkpt lat="-13.992228507995605" lon="33.685501098632812">
        <ele>1114.8</ele>
    </trkpt>
    <trkpt lat="-13.992365837097168" lon="33.684818267822266">
        <ele>1115.7</ele>
    </trkpt>
    <trkpt lat="-13.992501258850098" lon="33.684169769287109">
        <ele>1115.6</ele>
    </trkpt>
    <trkpt lat="-13.992622375488281" lon="33.683444976806641">
        <ele>1116.0</ele>
    </trkpt>
    <trkpt lat="-13.992769241333008" lon="33.682704925537109">
        <ele>1115.6</ele>
    </trkpt>
    <trkpt lat="-13.99293327331543" lon="33.681869506835938">
        <ele>1116.2</ele>
    </trkpt>
    <trkpt lat="-13.993124008178711" lon="33.680957794189453">
        <ele>1116.0</ele>
    </trkpt>
    <trkpt lat="-13.993285179138184" lon="33.68017578125">
        <ele>1115.1</ele>
    </trkpt>
    <trkpt lat="-13.993438720703125" lon="33.679466247558594">
        <ele>1117.0</ele>
    </trkpt>
    <trkpt lat="-13.993592262268066" lon="33.678646087646484">
        <ele>1118.0</ele>
    </trkpt>
    <trkpt lat="-13.993762969970703" lon="33.677799224853516">
        <ele>1118.6</ele>
    </trkpt>
    <trkpt lat="-13.993926048278809" lon="33.677021026611328">
        <ele>1118.9</ele>
    </trkpt>
    <trkpt lat="-13.994083404541016" lon="33.676296234130859">
        <ele>1120.4</ele>
    </trkpt>
    <trkpt lat="-13.994237899780273" lon="33.675529479980469">
        <ele>1119.6</ele>
    </trkpt>
    <trkpt lat="-13.994414329528809" lon="33.674716949462891">
        <ele>1121.8</ele>
    </trkpt>
    <trkpt lat="-13.994595527648926" lon="33.673843383789062">
        <ele>1123.0</ele>
    </trkpt>
    <trkpt lat="-13.994793891906738" lon="33.672897338867188">
        <ele>1123.9</ele>
    </trkpt>
    <trkpt lat="-13.994993209838867" lon="33.671981811523438">
        <ele>1124.9</ele>
    </trkpt>
    <trkpt lat="-13.995181083679199" lon="33.671043395996094">
        <ele>1125.5</ele>
    </trkpt>
    <trkpt lat="-13.995378494262695" lon="33.670097351074219">
        <ele>1125.6</ele>
    </trkpt>
    <trkpt lat="-13.995565414428711" lon="33.669197082519531">
        <ele>1125.4</ele>
    </trkpt>
    <trkpt lat="-13.995739936828613" lon="33.668346405029297">
        <ele>1127.1</ele>
    </trkpt>
    <trkpt lat="-13.995902061462402" lon="33.667510986328125">
        <ele>1127.2</ele>
    </trkpt>
    <trkpt lat="-13.996028900146484" lon="33.666736602783203">
        <ele>1127.1</ele>
    </trkpt>
    <trkpt lat="-13.996109962463379" lon="33.665985107421875">
        <ele>1127.0</ele>
    </trkpt>
    <trkpt lat="-13.996206283569336" lon="33.665153503417969">
        <ele>1129.0</ele>
    </trkpt>
    <trkpt lat="-13.996303558349609" lon="33.664180755615234">
        <ele>1129.4</ele>
    </trkpt>
    <trkpt lat="-13.996365547180176" lon="33.663242340087891">
        <ele>1129.9</ele>
    </trkpt>
    <trkpt lat="-13.996373176574707" lon="33.662399291992188">
        <ele>1130.3</ele>
    </trkpt>
    <trkpt lat="-13.996353149414062" lon="33.661617279052734">
        <ele>1132.3</ele>
    </trkpt>
    <trkpt lat="-13.996322631835938" lon="33.660686492919922">
        <ele>1131.3</ele>
    </trkpt>
    <trkpt lat="-13.996279716491699" lon="33.659694671630859">
        <ele>1131.8</ele>
    </trkpt>
    <trkpt lat="-13.996212005615234" lon="33.658782958984375">
        <ele>1133.2</ele>
    </trkpt>
    <trkpt lat="-13.996105194091797" lon="33.657913208007812">
        <ele>1132.1</ele>
    </trkpt>
    <trkpt lat="-13.99598503112793" lon="33.656993865966797">
        <ele>1131.0</ele>
    </trkpt>
    <trkpt lat="-13.995807647705078" lon="33.656078338623047">
        <ele>1131.2</ele>
    </trkpt>
    <trkpt lat="-13.995591163635254" lon="33.655117034912109">
        <ele>1132.2</ele>
    </trkpt>
    <trkpt lat="-13.995356559753418" lon="33.654144287109375">
        <ele>1133.7</ele>
    </trkpt>
    <trkpt lat="-13.995114326477051" lon="33.653240203857422">
        <ele>1134.9</ele>
    </trkpt>
    <trkpt lat="-13.994879722595215" lon="33.652351379394531">
        <ele>1136.4</ele>
    </trkpt>
    <trkpt lat="-13.994629859924316" lon="33.651424407958984">
        <ele>1137.9</ele>
    </trkpt>
    <trkpt lat="-13.994332313537598" lon="33.650459289550781">
        <ele>1139.0</ele>
    </trkpt>
    <trkpt lat="-13.994009971618652" lon="33.649482727050781">
        <ele>1138.7</ele>
    </trkpt>
    <trkpt lat="-13.993701934814453" lon="33.648590087890625">
        <ele>1139.0</ele>
    </trkpt>
    <trkpt lat="-13.99336051940918" lon="33.647724151611328">
        <ele>1138.3</ele>
    </trkpt>
    <trkpt lat="-13.993000984191895" lon="33.646785736083984">
        <ele>1136.3</ele>
    </trkpt>
    <trkpt lat="-13.992588996887207" lon="33.645832061767578">
        <ele>1136.6</ele>
    </trkpt>
    <trkpt lat="-13.9921875" lon="33.644901275634766">
        <ele>1137.8</ele>
    </trkpt>
    <trkpt lat="-13.991790771484375" lon="33.64398193359375">
        <ele>1140.1</ele>
    </trkpt>
    <trkpt lat="-13.991392135620117" lon="33.643081665039062">
        <ele>1140.4</ele>
    </trkpt>
    <trkpt lat="-13.991024971008301" lon="33.642208099365234">
        <ele>1143.1</ele>
    </trkpt>
    <trkpt lat="-13.990647315979004" lon="33.641338348388672">
        <ele>1144.2</ele>
    </trkpt>
    <trkpt lat="-13.990261077880859" lon="33.640434265136719">
        <ele>1143.3</ele>
    </trkpt>
    <trkpt lat="-13.989875793457031" lon="33.639572143554688">
        <ele>1144.5</ele>
    </trkpt>
    <trkpt lat="-13.989482879638672" lon="33.638660430908203">
        <ele>1145.9</ele>
    </trkpt>
    <trkpt lat="-13.98908805847168" lon="33.637729644775391">
        <ele>1147.0</ele>
    </trkpt>
    <trkpt lat="-13.988726615905762" lon="33.636825561523438">
        <ele>1149.2</ele>
    </trkpt>
    <trkpt lat="-13.988396644592285" lon="33.635917663574219">
        <ele>1150.4</ele>
    </trkpt>
    <trkpt lat="-13.988077163696289" lon="33.634994506835938">
        <ele>1151.5</ele>
    </trkpt>
    <trkpt lat="-13.98778247833252" lon="33.634052276611328">
        <ele>1151.2</ele>
    </trkpt>
    <trkpt lat="-13.987513542175293" lon="33.633071899414062">
        <ele>1150.1</ele>
    </trkpt>
    <trkpt lat="-13.987264633178711" lon="33.632057189941406">
        <ele>1150.7</ele>
    </trkpt>
    <trkpt lat="-13.987042427062988" lon="33.631061553955078">
        <ele>1149.6</ele>
    </trkpt>
    <trkpt lat="-13.986851692199707" lon="33.630111694335938">
        <ele>1149.9</ele>
    </trkpt>
    <trkpt lat="-13.986678123474121" lon="33.629169464111328">
        <ele>1149.6</ele>
    </trkpt>
    <trkpt lat="-13.98654842376709" lon="33.628204345703125">
        <ele>1151.3</ele>
    </trkpt>
    <trkpt lat="-13.986449241638184" lon="33.6273193359375">
        <ele>1153.1</ele>
    </trkpt>
    <trkpt lat="-13.986380577087402" lon="33.626483917236328">
        <ele>1153.2</ele>
    </trkpt>
    <trkpt lat="-13.986310958862305" lon="33.6256103515625">
        <ele>1154.3</ele>
    </trkpt>
    <trkpt lat="-13.986224174499512" lon="33.624675750732422">
        <ele>1154.1</ele>
    </trkpt>
    <trkpt lat="-13.986143112182617" lon="33.623664855957031">
        <ele>1154.8</ele>
    </trkpt>
    <trkpt lat="-13.986054420471191" lon="33.622653961181641">
        <ele>1153.0</ele>
    </trkpt>
    <trkpt lat="-13.985967636108398" lon="33.62158203125">
        <ele>1154.0</ele>
    </trkpt>
    <trkpt lat="-13.985883712768555" lon="33.620502471923828">
        <ele>1154.5</ele>
    </trkpt>
    <trkpt lat="-13.985795974731445" lon="33.619407653808594">
        <ele>1152.3</ele>
    </trkpt>
    <trkpt lat="-13.985678672790527" lon="33.618366241455078">
        <ele>1153.7</ele>
    </trkpt>
    <trkpt lat="-13.985563278198242" lon="33.617328643798828">
        <ele>1154.0</ele>
    </trkpt>
    <trkpt lat="-13.985439300537109" lon="33.616287231445312">
        <ele>1154.2</ele>
    </trkpt>
    <trkpt lat="-13.98529052734375" lon="33.615249633789062">
        <ele>1155.0</ele>
    </trkpt>
    <trkpt lat="-13.985167503356934" lon="33.614234924316406">
        <ele>1156.1</ele>
    </trkpt>
    <trkpt lat="-13.985039710998535" lon="33.613201141357422">
        <ele>1158.8</ele>
    </trkpt>
    <trkpt lat="-13.984889984130859" lon="33.612163543701172">
        <ele>1158.8</ele>
    </trkpt>
    <trkpt lat="-13.984698295593262" lon="33.611042022705078">
        <ele>1158.7</ele>
    </trkpt>
    <trkpt lat="-13.984477043151855" lon="33.609912872314453">
        <ele>1155.7</ele>
    </trkpt>
    <trkpt lat="-13.984248161315918" lon="33.608810424804688">
        <ele>1153.8</ele>
    </trkpt>
    <trkpt lat="-13.984034538269043" lon="33.607795715332031">
        <ele>1154.4</ele>
    </trkpt>
    <trkpt lat="-13.983834266662598" lon="33.606838226318359">
        <ele>1152.1</ele>
    </trkpt>
    <trkpt lat="-13.983646392822266" lon="33.605812072753906">
        <ele>1151.1</ele>
    </trkpt>
    <trkpt lat="-13.983553886413574" lon="33.604740142822266">
        <ele>1150.0</ele>
    </trkpt>
    <trkpt lat="-13.983551979064941" lon="33.603694915771484">
        <ele>1151.4</ele>
    </trkpt>
    <trkpt lat="-13.983644485473633" lon="33.602668762207031">
        <ele>1150.9</ele>
    </trkpt>
    <trkpt lat="-13.983863830566406" lon="33.601596832275391">
        <ele>1150.9</ele>
    </trkpt>
    <trkpt lat="-13.984157562255859" lon="33.600521087646484">
        <ele>1149.9</ele>
    </trkpt>
    <trkpt lat="-13.98457145690918" lon="33.599521636962891">
        <ele>1149.5</ele>
    </trkpt>
    <trkpt lat="-13.985005378723145" lon="33.598621368408203">
        <ele>1149.5</ele>
    </trkpt>
    <trkpt lat="-13.985551834106445" lon="33.597763061523438">
        <ele>1150.3</ele>
    </trkpt>
    <trkpt lat="-13.986111640930176" lon="33.597007751464844">
        <ele>1150.9</ele>
    </trkpt>
    <trkpt lat="-13.986691474914551" lon="33.596328735351562">
        <ele>1149.9</ele>
    </trkpt>
    <trkpt lat="-13.987178802490234" lon="33.595718383789062">
        <ele>1149.0</ele>
    </trkpt>
    <trkpt lat="-13.987575531005859" lon="33.595218658447266">
        <ele>1149.0</ele>
    </trkpt>
    <trkpt lat="-13.987813949584961" lon="33.594951629638672">
        <ele>1150.5</ele>
    </trkpt>
    <trkpt lat="-13.987889289855957" lon="33.594856262207031">
        <ele>1150.5</ele>
    </trkpt>
    <trkpt lat="-13.987966537475586" lon="33.594749450683594">
        <ele>1150.6</ele>
    </trkpt>
    <trkpt lat="-13.988288879394531" lon="33.594356536865234">
        <ele>1151.0</ele>
    </trkpt>
    <trkpt lat="-13.988720893859863" lon="33.593772888183594">
        <ele>1151.2</ele>
    </trkpt>
    <trkpt lat="-13.989102363586426" lon="33.593128204345703">
        <ele>1151.0</ele>
    </trkpt>
    <trkpt lat="-13.989429473876953" lon="33.592460632324219">
        <ele>1150.1</ele>
    </trkpt>
    <trkpt lat="-13.98966121673584" lon="33.591892242431641">
        <ele>1150.2</ele>
    </trkpt>
    <trkpt lat="-13.98981761932373" lon="33.591400146484375">
        <ele>1149.6</ele>
    </trkpt>
    <trkpt lat="-13.989892959594727" lon="33.591098785400391">
        <ele>1150.1</ele>
    </trkpt>
    <trkpt lat="-13.989960670471191" lon="33.590862274169922">
        <ele>1151.5</ele>
    </trkpt>
    <trkpt lat="-13.990095138549805" lon="33.590423583984375">
        <ele>1151.2</ele>
    </trkpt>
    <trkpt lat="-13.990216255187988" lon="33.590000152587891">
        <ele>1151.9</ele>
    </trkpt>
    <trkpt lat="-13.990344047546387" lon="33.58953857421875">
        <ele>1152.9</ele>
    </trkpt>
    <trkpt lat="-13.99048900604248" lon="33.589076995849609">
        <ele>1153.9</ele>
    </trkpt>
    <trkpt lat="-13.990656852722168" lon="33.588443756103516">
        <ele>1154.4</ele>
    </trkpt>
    <trkpt lat="-13.990876197814941" lon="33.587692260742188">
        <ele>1155.6</ele>
    </trkpt>
    <trkpt lat="-13.991098403930664" lon="33.586910247802734">
        <ele>1156.1</ele>
    </trkpt>
    <trkpt lat="-13.991306304931641" lon="33.586132049560547">
        <ele>1157.7</ele>
    </trkpt>
    <trkpt lat="-13.991549491882324" lon="33.585330963134766">
        <ele>1159.1</ele>
    </trkpt>
    <trkpt lat="-13.991791725158691" lon="33.584430694580078">
        <ele>1159.3</ele>
    </trkpt>
    <trkpt lat="-13.992057800292969" lon="33.583541870117188">
        <ele>1159.7</ele>
    </trkpt>
    <trkpt lat="-13.992277145385742" lon="33.582698822021484">
        <ele>1159.9</ele>
    </trkpt>
    <trkpt lat="-13.992558479309082" lon="33.581813812255859">
        <ele>1160.6</ele>
    </trkpt>
    <trkpt lat="-13.992877960205078" lon="33.580894470214844">
        <ele>1162.3</ele>
    </trkpt>
    <trkpt lat="-13.993199348449707" lon="33.579944610595703">
        <ele>1162.7</ele>
    </trkpt>
    <trkpt lat="-13.993535995483398" lon="33.579010009765625">
        <ele>1165.1</ele>
    </trkpt>
    <trkpt lat="-13.993908882141113" lon="33.578067779541016">
        <ele>1165.6</ele>
    </trkpt>
    <trkpt lat="-13.994283676147461" lon="33.577125549316406">
        <ele>1167.3</ele>
    </trkpt>
    <trkpt lat="-13.994673728942871" lon="33.576183319091797">
        <ele>1167.6</ele>
    </trkpt>
    <trkpt lat="-13.995091438293457" lon="33.575260162353516">
        <ele>1167.9</ele>
    </trkpt>
    <trkpt lat="-13.995491027832031" lon="33.574359893798828">
        <ele>1167.5</ele>
    </trkpt>
    <trkpt lat="-13.995907783508301" lon="33.573459625244141">
        <ele>1168.8</ele>
    </trkpt>
    <trkpt lat="-13.996328353881836" lon="33.572505950927734">
        <ele>1169.2</ele>
    </trkpt>
    <trkpt lat="-13.99676513671875" lon="33.571544647216797">
        <ele>1170.7</ele>
    </trkpt>
    <trkpt lat="-13.997197151184082" lon="33.570575714111328">
        <ele>1171.7</ele>
    </trkpt>
    <trkpt lat="-13.997632026672363" lon="33.569606781005859">
        <ele>1171.7</ele>
    </trkpt>
    <trkpt lat="-13.998076438903809" lon="33.568603515625">
        <ele>1171.6</ele>
    </trkpt>
    <trkpt lat="-13.99852466583252" lon="33.567569732666016">
        <ele>1174.2</ele>
    </trkpt>
    <trkpt lat="-13.998935699462891" lon="33.566642761230469">
        <ele>1176.5</ele>
    </trkpt>
    <trkpt lat="-13.999305725097656" lon="33.565792083740234">
        <ele>1177.7</ele>
    </trkpt>
    <trkpt lat="-13.99964714050293" lon="33.565010070800781">
        <ele>1180.2</ele>
    </trkpt>
    <trkpt lat="-13.999965667724609" lon="33.564292907714844">
        <ele>1181.2</ele>
    </trkpt>
    <trkpt lat="-14.000263214111328" lon="33.563617706298828">
        <ele>1181.5</ele>
    </trkpt>
    <trkpt lat="-14.00054931640625" lon="33.562965393066406">
        <ele>1182.0</ele>
    </trkpt>
    <trkpt lat="-14.000842094421387" lon="33.562309265136719">
        <ele>1182.4</ele>
    </trkpt>
    <trkpt lat="-14.001134872436523" lon="33.5616455078125">
        <ele>1182.7</ele>
    </trkpt>
    <trkpt lat="-14.001433372497559" lon="33.56097412109375">
        <ele>1182.7</ele>
    </trkpt>
    <trkpt lat="-14.001724243164062" lon="33.560253143310547">
        <ele>1182.7</ele>
    </trkpt>
    <trkpt lat="-14.002033233642578" lon="33.5595703125">
        <ele>1183.4</ele>
    </trkpt>
    <trkpt lat="-14.002346038818359" lon="33.55889892578125">
        <ele>1183.9</ele>
    </trkpt>
    <trkpt lat="-14.00263786315918" lon="33.558208465576172">
        <ele>1184.3</ele>
    </trkpt>
    <trkpt lat="-14.002931594848633" lon="33.557521820068359">
        <ele>1184.6</ele>
    </trkpt>
    <trkpt lat="-14.003226280212402" lon="33.556827545166016">
        <ele>1184.9</ele>
    </trkpt>
    <trkpt lat="-14.003494262695312" lon="33.556129455566406">
        <ele>1184.3</ele>
    </trkpt>
    <trkpt lat="-14.003758430480957" lon="33.555408477783203">
        <ele>1185.4</ele>
    </trkpt>
    <trkpt lat="-14.00400447845459" lon="33.554683685302734">
        <ele>1185.9</ele>
    </trkpt>
    <trkpt lat="-14.00422191619873" lon="33.553924560546875">
        <ele>1186.0</ele>
    </trkpt>
    <trkpt lat="-14.004410743713379" lon="33.553020477294922">
        <ele>1186.7</ele>
    </trkpt>
    <trkpt lat="-14.00468635559082" lon="33.551849365234375">
        <ele>1187.6</ele>
    </trkpt>
    <trkpt lat="-14.004925727844238" lon="33.550727844238281">
        <ele>1187.2</ele>
    </trkpt>
    <trkpt lat="-14.005111694335938" lon="33.549705505371094">
        <ele>1186.0</ele>
    </trkpt>
    <trkpt lat="-14.005317687988281" lon="33.548667907714844">
        <ele>1186.8</ele>
    </trkpt>
    <trkpt lat="-14.005531311035156" lon="33.547626495361328">
        <ele>1187.3</ele>
    </trkpt>
    <trkpt lat="-14.005817413330078" lon="33.546585083007812">
        <ele>1186.7</ele>
    </trkpt>
    <trkpt lat="-14.006135940551758" lon="33.54559326171875">
        <ele>1186.0</ele>
    </trkpt>
    <trkpt lat="-14.006466865539551" lon="33.544658660888672">
        <ele>1186.8</ele>
    </trkpt>
    <trkpt lat="-14.006826400756836" lon="33.54376220703125">
        <ele>1187.9</ele>
    </trkpt>
    <trkpt lat="-14.007175445556641" lon="33.542900085449219">
        <ele>1188.9</ele>
    </trkpt>
    <trkpt lat="-14.007461547851562" lon="33.542163848876953">
        <ele>1189.0</ele>
    </trkpt>
    <trkpt lat="-14.007838249206543" lon="33.541324615478516">
        <ele>1189.1</ele>
    </trkpt>
    <trkpt lat="-14.008218765258789" lon="33.540416717529297">
        <ele>1188.4</ele>
    </trkpt>
    <trkpt lat="-14.008599281311035" lon="33.539508819580078">
        <ele>1189.3</ele>
    </trkpt>
    <trkpt lat="-14.008964538574219" lon="33.538665771484375">
        <ele>1189.3</ele>
    </trkpt>
    <trkpt lat="-14.009299278259277" lon="33.537845611572266">
        <ele>1190.4</ele>
    </trkpt>
    <trkpt lat="-14.009634971618652" lon="33.537025451660156">
        <ele>1190.4</ele>
    </trkpt>
    <trkpt lat="-14.00995922088623" lon="33.536247253417969">
        <ele>1190.7</ele>
    </trkpt>
    <trkpt lat="-14.010266304016113" lon="33.535469055175781">
        <ele>1190.4</ele>
    </trkpt>
    <trkpt lat="-14.010611534118652" lon="33.534664154052734">
        <ele>1191.3</ele>
    </trkpt>
    <trkpt lat="-14.011001586914062" lon="33.533847808837891">
        <ele>1191.7</ele>
    </trkpt>
    <trkpt lat="-14.011411666870117" lon="33.532997131347656">
        <ele>1191.4</ele>
    </trkpt>
    <trkpt lat="-14.011847496032715" lon="33.532184600830078">
        <ele>1191.7</ele>
    </trkpt>
    <trkpt lat="-14.012188911437988" lon="33.531539916992188">
        <ele>1191.9</ele>
    </trkpt>
    <trkpt lat="-14.012655258178711" lon="33.530746459960938">
        <ele>1191.6</ele>
    </trkpt>
    <trkpt lat="-14.013191223144531" lon="33.529808044433594">
        <ele>1192.1</ele>
    </trkpt>
    <trkpt lat="-14.013748168945312" lon="33.528839111328125">
        <ele>1192.5</ele>
    </trkpt>
    <trkpt lat="-14.014293670654297" lon="33.527885437011719">
        <ele>1192.7</ele>
    </trkpt>
    <trkpt lat="-14.014824867248535" lon="33.526939392089844">
        <ele>1193.6</ele>
    </trkpt>
    <trkpt lat="-14.015375137329102" lon="33.525951385498047">
        <ele>1195.0</ele>
    </trkpt>
    <trkpt lat="-14.01590633392334" lon="33.524971008300781">
        <ele>1194.4</ele>
    </trkpt>
    <trkpt lat="-14.016426086425781" lon="33.524028778076172">
        <ele>1193.2</ele>
    </trkpt>
    <trkpt lat="-14.016901016235352" lon="33.523109436035156">
        <ele>1193.0</ele>
    </trkpt>
    <trkpt lat="-14.017367362976074" lon="33.522220611572266">
        <ele>1195.2</ele>
    </trkpt>
    <trkpt lat="-14.017822265625" lon="33.521320343017578">
        <ele>1196.2</ele>
    </trkpt>
    <trkpt lat="-14.018296241760254" lon="33.520408630371094">
        <ele>1197.6</ele>
    </trkpt>
    <trkpt lat="-14.018771171569824" lon="33.519489288330078">
        <ele>1199.6</ele>
    </trkpt>
    <trkpt lat="-14.019259452819824" lon="33.518539428710938">
        <ele>1201.2</ele>
    </trkpt>
    <trkpt lat="-14.019725799560547" lon="33.517612457275391">
        <ele>1201.2</ele>
    </trkpt>
    <trkpt lat="-14.02021312713623" lon="33.516666412353516">
        <ele>1201.4</ele>
    </trkpt>
    <trkpt lat="-14.020705223083496" lon="33.515712738037109">
        <ele>1203.1</ele>
    </trkpt>
    <trkpt lat="-14.021171569824219" lon="33.514682769775391">
        <ele>1205.1</ele>
    </trkpt>
    <trkpt lat="-14.021631240844727" lon="33.513656616210938">
        <ele>1207.3</ele>
    </trkpt>
    <trkpt lat="-14.022068977355957" lon="33.512725830078125">
        <ele>1208.7</ele>
    </trkpt>
    <trkpt lat="-14.022492408752441" lon="33.511772155761719">
        <ele>1210.1</ele>
    </trkpt>
    <trkpt lat="-14.022920608520508" lon="33.510829925537109">
        <ele>1211.5</ele>
    </trkpt>
    <trkpt lat="-14.023322105407715" lon="33.50994873046875">
        <ele>1213.9</ele>
    </trkpt>
    <trkpt lat="-14.02372932434082" lon="33.509044647216797">
        <ele>1215.4</ele>
    </trkpt>
    <trkpt lat="-14.024030685424805" lon="33.508358001708984">
        <ele>1216.8</ele>
    </trkpt>
    <trkpt lat="-14.024163246154785" lon="33.508045196533203">
        <ele>1216.9</ele>
    </trkpt>
    <trkpt lat="-14.024221420288086" lon="33.507892608642578">
        <ele>1216.2</ele>
    </trkpt>
    <trkpt lat="-14.024435997009277" lon="33.507427215576172">
        <ele>1214.5</ele>
    </trkpt>
    <trkpt lat="-14.024711608886719" lon="33.506759643554688">
        <ele>1214.1</ele>
    </trkpt>
    <trkpt lat="-14.025001525878906" lon="33.506008148193359">
        <ele>1214.7</ele>
    </trkpt>
    <trkpt lat="-14.025348663330078" lon="33.50518798828125">
        <ele>1213.2</ele>
    </trkpt>
    <trkpt lat="-14.025674819946289" lon="33.504371643066406">
        <ele>1213.5</ele>
    </trkpt>
    <trkpt lat="-14.026058197021484" lon="33.503440856933594">
        <ele>1213.6</ele>
    </trkpt>
    <trkpt lat="-14.02645206451416" lon="33.502460479736328">
        <ele>1212.7</ele>
    </trkpt>
    <trkpt lat="-14.026847839355469" lon="33.501483917236328">
        <ele>1214.3</ele>
    </trkpt>
    <trkpt lat="-14.02724552154541" lon="33.500450134277344">
        <ele>1213.8</ele>
    </trkpt>
    <trkpt lat="-14.027536392211914" lon="33.499378204345703">
        <ele>1214.3</ele>
    </trkpt>
    <trkpt lat="-14.027770042419434" lon="33.498279571533203">
        <ele>1215.5</ele>
    </trkpt>
    <trkpt lat="-14.027918815612793" lon="33.497165679931641">
        <ele>1217.4</ele>
    </trkpt>
    <trkpt lat="-14.027999877929688" lon="33.496074676513672">
        <ele>1219.0</ele>
    </trkpt>
    <trkpt lat="-14.027989387512207" lon="33.495231628417969">
        <ele>1220.2</ele>
    </trkpt>
    <trkpt lat="-14.027917861938477" lon="33.494495391845703">
        <ele>1218.4</ele>
    </trkpt>
    <trkpt lat="-14.027861595153809" lon="33.493534088134766">
        <ele>1217.8</ele>
    </trkpt>
    <trkpt lat="-14.027764320373535" lon="33.492565155029297">
        <ele>1219.1</ele>
    </trkpt>
    <trkpt lat="-14.027661323547363" lon="33.49151611328125">
        <ele>1218.0</ele>
    </trkpt>
    <trkpt lat="-14.027555465698242" lon="33.490364074707031">
        <ele>1218.2</ele>
    </trkpt>
    <trkpt lat="-14.027413368225098" lon="33.489177703857422">
        <ele>1219.5</ele>
    </trkpt>
    <trkpt lat="-14.027194023132324" lon="33.488067626953125">
        <ele>1217.9</ele>
    </trkpt>
    <trkpt lat="-14.026943206787109" lon="33.487003326416016">
        <ele>1218.3</ele>
    </trkpt>
    <trkpt lat="-14.026712417602539" lon="33.486076354980469">
        <ele>1219.8</ele>
    </trkpt>
    <trkpt lat="-14.026487350463867" lon="33.485244750976562">
        <ele>1220.8</ele>
    </trkpt>
    <trkpt lat="-14.026271820068359" lon="33.484413146972656">
        <ele>1220.0</ele>
    </trkpt>
    <trkpt lat="-14.026071548461914" lon="33.483619689941406">
        <ele>1220.7</ele>
    </trkpt>
    <trkpt lat="-14.025920867919922" lon="33.483078002929688">
        <ele>1221.1</ele>
    </trkpt>
    <trkpt lat="-14.025785446166992" lon="33.482501983642578">
        <ele>1221.3</ele>
    </trkpt>
    <trkpt lat="-14.025601387023926" lon="33.481857299804688">
        <ele>1220.1</ele>
    </trkpt>
    <trkpt lat="-14.025444984436035" lon="33.481166839599609">
        <ele>1219.7</ele>
    </trkpt>
    <trkpt lat="-14.025286674499512" lon="33.480533599853516">
        <ele>1219.4</ele>
    </trkpt>
    <trkpt lat="-14.025177955627441" lon="33.480117797851562">
        <ele>1218.4</ele>
    </trkpt>
    <trkpt lat="-14.025063514709473" lon="33.479743957519531">
        <ele>1217.8</ele>
    </trkpt>
    <trkpt lat="-14.024897575378418" lon="33.479190826416016">
        <ele>1218.3</ele>
    </trkpt>
    <trkpt lat="-14.024714469909668" lon="33.478500366210938">
        <ele>1219.4</ele>
    </trkpt>
    <trkpt lat="-14.024494171142578" lon="33.477729797363281">
        <ele>1220.0</ele>
    </trkpt>
    <trkpt lat="-14.02424144744873" lon="33.476905822753906">
        <ele>1221.7</ele>
    </trkpt>
    <trkpt lat="-14.023982048034668" lon="33.476062774658203">
        <ele>1223.8</ele>
    </trkpt>
    <trkpt lat="-14.02372932434082" lon="33.475135803222656">
        <ele>1225.9</ele>
    </trkpt>
    <trkpt lat="-14.023439407348633" lon="33.474166870117188">
        <ele>1229.6</ele>
    </trkpt>
    <trkpt lat="-14.023157119750977" lon="33.47314453125">
        <ele>1234.1</ele>
    </trkpt>
    <trkpt lat="-14.022846221923828" lon="33.47210693359375">
        <ele>1236.4</ele>
    </trkpt>
    <trkpt lat="-14.022542953491211" lon="33.471065521240234">
        <ele>1239.1</ele>
    </trkpt>
    <trkpt lat="-14.022235870361328" lon="33.470073699951172">
        <ele>1240.0</ele>
    </trkpt>
    <trkpt lat="-14.021944999694824" lon="33.469066619873047">
        <ele>1240.9</ele>
    </trkpt>
    <trkpt lat="-14.021676063537598" lon="33.468025207519531">
        <ele>1242.5</ele>
    </trkpt>
    <trkpt lat="-14.021458625793457" lon="33.466922760009766">
        <ele>1243.0</ele>
    </trkpt>
    <trkpt lat="-14.021321296691895" lon="33.465805053710938">
        <ele>1243.2</ele>
    </trkpt>
    <trkpt lat="-14.021278381347656" lon="33.464653015136719">
        <ele>1243.8</ele>
    </trkpt>
    <trkpt lat="-14.021331787109375" lon="33.463512420654297">
        <ele>1245.6</ele>
    </trkpt>
    <trkpt lat="-14.021464347839355" lon="33.462368011474609">
        <ele>1248.0</ele>
    </trkpt>
    <trkpt lat="-14.021681785583496" lon="33.461223602294922">
        <ele>1250.5</ele>
    </trkpt>
    <trkpt lat="-14.021897315979004" lon="33.460071563720703">
        <ele>1253.7</ele>
    </trkpt>
    <trkpt lat="-14.022128105163574" lon="33.458984375">
        <ele>1255.7</ele>
    </trkpt>
    <trkpt lat="-14.022327423095703" lon="33.457958221435547">
        <ele>1254.3</ele>
    </trkpt>
    <trkpt lat="-14.022547721862793" lon="33.456836700439453">
        <ele>1251.0</ele>
    </trkpt>
    <trkpt lat="-14.022778511047363" lon="33.455650329589844">
        <ele>1246.9</ele>
    </trkpt>
    <trkpt lat="-14.023019790649414" lon="33.454452514648438">
        <ele>1241.9</ele>
    </trkpt>
    <trkpt lat="-14.02325439453125" lon="33.453281402587891">
        <ele>1238.2</ele>
    </trkpt>
    <trkpt lat="-14.023495674133301" lon="33.452083587646484">
        <ele>1233.7</ele>
    </trkpt>
    <trkpt lat="-14.023719787597656" lon="33.450912475585938">
        <ele>1228.5</ele>
    </trkpt>
    <trkpt lat="-14.023911476135254" lon="33.449748992919922">
        <ele>1225.4</ele>
    </trkpt>
    <trkpt lat="-14.024099349975586" lon="33.448646545410156">
        <ele>1225.3</ele>
    </trkpt>
    <trkpt lat="-14.024308204650879" lon="33.447536468505859">
        <ele>1224.1</ele>
    </trkpt>
    <trkpt lat="-14.024508476257324" lon="33.446430206298828">
        <ele>1223.0</ele>
    </trkpt>
    <trkpt lat="-14.024691581726074" lon="33.445323944091797">
        <ele>1222.3</ele>
    </trkpt>
    <trkpt lat="-14.024877548217773" lon="33.444210052490234">
        <ele>1220.8</ele>
    </trkpt>
    <trkpt lat="-14.025014877319336" lon="33.443038940429688">
        <ele>1218.7</ele>
    </trkpt>
    <trkpt lat="-14.025094032287598" lon="33.441822052001953">
        <ele>1215.6</ele>
    </trkpt>
    <trkpt lat="-14.025093078613281" lon="33.440582275390625">
        <ele>1211.8</ele>
    </trkpt>
    <trkpt lat="-14.025030136108398" lon="33.4393310546875">
        <ele>1209.2</ele>
    </trkpt>
    <trkpt lat="-14.024908065795898" lon="33.438060760498047">
        <ele>1206.6</ele>
    </trkpt>
    <trkpt lat="-14.024688720703125" lon="33.436729431152344">
        <ele>1204.7</ele>
    </trkpt>
    <trkpt lat="-14.024420738220215" lon="33.435428619384766">
        <ele>1205.5</ele>
    </trkpt>
    <trkpt lat="-14.024125099182129" lon="33.434165954589844">
        <ele>1206.4</ele>
    </trkpt>
    <trkpt lat="-14.02382755279541" lon="33.43292236328125">
        <ele>1208.2</ele>
    </trkpt>
    <trkpt lat="-14.023543357849121" lon="33.431690216064453">
        <ele>1209.2</ele>
    </trkpt>
    <trkpt lat="-14.023270606994629" lon="33.430507659912109">
        <ele>1211.2</ele>
    </trkpt>
    <trkpt lat="-14.022998809814453" lon="33.429313659667969">
        <ele>1210.2</ele>
    </trkpt>
    <trkpt lat="-14.022710800170898" lon="33.428089141845703">
        <ele>1208.5</ele>
    </trkpt>
    <trkpt lat="-14.022440910339355" lon="33.426841735839844">
        <ele>1207.0</ele>
    </trkpt>
    <trkpt lat="-14.022287368774414" lon="33.425540924072266">
        <ele>1204.3</ele>
    </trkpt>
    <trkpt lat="-14.022232055664062" lon="33.424201965332031">
        <ele>1203.0</ele>
    </trkpt>
    <trkpt lat="-14.022309303283691" lon="33.422893524169922">
        <ele>1199.9</ele>
    </trkpt>
    <trkpt lat="-14.022493362426758" lon="33.421607971191406">
        <ele>1198.0</ele>
    </trkpt>
    <trkpt lat="-14.022749900817871" lon="33.420372009277344">
        <ele>1196.4</ele>
    </trkpt>
    <trkpt lat="-14.022971153259277" lon="33.419178009033203">
        <ele>1194.5</ele>
    </trkpt>
    <trkpt lat="-14.02320384979248" lon="33.417991638183594">
        <ele>1191.9</ele>
    </trkpt>
    <trkpt lat="-14.0234375" lon="33.416843414306641">
        <ele>1189.5</ele>
    </trkpt>
    <trkpt lat="-14.023658752441406" lon="33.415691375732422">
        <ele>1187.3</ele>
    </trkpt>
    <trkpt lat="-14.023877143859863" lon="33.414512634277344">
        <ele>1185.4</ele>
    </trkpt>
    <trkpt lat="-14.024114608764648" lon="33.413295745849609">
        <ele>1183.9</ele>
    </trkpt>
    <trkpt lat="-14.024344444274902" lon="33.412078857421875">
        <ele>1182.7</ele>
    </trkpt>
    <trkpt lat="-14.024555206298828" lon="33.410842895507812">
        <ele>1180.5</ele>
    </trkpt>
    <trkpt lat="-14.024680137634277" lon="33.409599304199219">
        <ele>1179.0</ele>
    </trkpt>
    <trkpt lat="-14.02469539642334" lon="33.408351898193359">
        <ele>1177.2</ele>
    </trkpt>
    <trkpt lat="-14.024623870849609" lon="33.407093048095703">
        <ele>1175.0</ele>
    </trkpt>
    <trkpt lat="-14.024491310119629" lon="33.405838012695312">
        <ele>1172.5</ele>
    </trkpt>
    <trkpt lat="-14.024341583251953" lon="33.404579162597656">
        <ele>1170.0</ele>
    </trkpt>
    <trkpt lat="-14.024192810058594" lon="33.403316497802734">
        <ele>1168.7</ele>
    </trkpt>
    <trkpt lat="-14.02402400970459" lon="33.402042388916016">
        <ele>1167.6</ele>
    </trkpt>
    <trkpt lat="-14.023876190185547" lon="33.4007568359375">
        <ele>1167.0</ele>
    </trkpt>
    <trkpt lat="-14.023711204528809" lon="33.399478912353516">
        <ele>1166.4</ele>
    </trkpt>
    <trkpt lat="-14.023574829101562" lon="33.398250579833984">
        <ele>1165.6</ele>
    </trkpt>
    <trkpt lat="-14.02342414855957" lon="33.397132873535156">
        <ele>1164.5</ele>
    </trkpt>
    <trkpt lat="-14.023283004760742" lon="33.396076202392578">
        <ele>1163.7</ele>
    </trkpt>
    <trkpt lat="-14.023137092590332" lon="33.395126342773438">
        <ele>1161.1</ele>
    </trkpt>
    <trkpt lat="-14.023032188415527" lon="33.394309997558594">
        <ele>1161.3</ele>
    </trkpt>
    <trkpt lat="-14.022905349731445" lon="33.393413543701172">
        <ele>1157.8</ele>
    </trkpt>
    <trkpt lat="-14.02280330657959" lon="33.392581939697266">
        <ele>1155.1</ele>
    </trkpt>
    <trkpt lat="-14.022676467895508" lon="33.391773223876953">
        <ele>1154.0</ele>
    </trkpt>
    <trkpt lat="-14.022571563720703" lon="33.390933990478516">
        <ele>1154.8</ele>
    </trkpt>
    <trkpt lat="-14.022466659545898" lon="33.390125274658203">
        <ele>1154.3</ele>
    </trkpt>
    <trkpt lat="-14.022361755371094" lon="33.389392852783203">
        <ele>1153.2</ele>
    </trkpt>
    <trkpt lat="-14.022284507751465" lon="33.388759613037109">
        <ele>1152.1</ele>
    </trkpt>
    <trkpt lat="-14.022150993347168" lon="33.388160705566406">
        <ele>1152.0</ele>
    </trkpt>
    <trkpt lat="-14.022061347961426" lon="33.387294769287109">
        <ele>1151.9</ele>
    </trkpt>
    <trkpt lat="-14.021926879882812" lon="33.386268615722656">
        <ele>1149.2</ele>
    </trkpt>
    <trkpt lat="-14.021787643432617" lon="33.385219573974609">
        <ele>1148.3</ele>
    </trkpt>
    <trkpt lat="-14.021642684936523" lon="33.384174346923828">
        <ele>1146.3</ele>
    </trkpt>
    <trkpt lat="-14.021515846252441" lon="33.383064270019531">
        <ele>1142.7</ele>
    </trkpt>
    <trkpt lat="-14.021371841430664" lon="33.381954193115234">
        <ele>1137.8</ele>
    </trkpt>
    <trkpt lat="-14.021225929260254" lon="33.380771636962891">
        <ele>1133.7</ele>
    </trkpt>
    <trkpt lat="-14.021071434020996" lon="33.379550933837891">
        <ele>1132.4</ele>
    </trkpt>
    <trkpt lat="-14.020943641662598" lon="33.37841796875">
        <ele>1135.9</ele>
    </trkpt>
    <trkpt lat="-14.020831108093262" lon="33.377410888671875">
        <ele>1140.8</ele>
    </trkpt>
    <trkpt lat="-14.020745277404785" lon="33.37646484375">
        <ele>1142.6</ele>
    </trkpt>
    <trkpt lat="-14.020716667175293" lon="33.375469207763672">
        <ele>1147.0</ele>
    </trkpt>
    <trkpt lat="-14.02070426940918" lon="33.374530792236328">
        <ele>1149.8</ele>
    </trkpt>
    <trkpt lat="-14.020727157592773" lon="33.373508453369141">
        <ele>1150.2</ele>
    </trkpt>
    <trkpt lat="-14.020809173583984" lon="33.372463226318359">
        <ele>1152.1</ele>
    </trkpt>
    <trkpt lat="-14.020868301391602" lon="33.37152099609375">
        <ele>1153.4</ele>
    </trkpt>
    <trkpt lat="-14.020965576171875" lon="33.370574951171875">
        <ele>1152.2</ele>
    </trkpt>
    <trkpt lat="-14.021064758300781" lon="33.369525909423828">
        <ele>1150.4</ele>
    </trkpt>
    <trkpt lat="-14.021166801452637" lon="33.368381500244141">
        <ele>1148.5</ele>
    </trkpt>
    <trkpt lat="-14.021255493164062" lon="33.367256164550781">
        <ele>1145.5</ele>
    </trkpt>
    <trkpt lat="-14.021309852600098" lon="33.366176605224609">
        <ele>1143.8</ele>
    </trkpt>
    <trkpt lat="-14.021322250366211" lon="33.365104675292969">
        <ele>1142.0</ele>
    </trkpt>
    <trkpt lat="-14.021309852600098" lon="33.364051818847656">
        <ele>1140.8</ele>
    </trkpt>
    <trkpt lat="-14.021274566650391" lon="33.363014221191406">
        <ele>1138.6</ele>
    </trkpt>
    <trkpt lat="-14.021204948425293" lon="33.36199951171875">
        <ele>1136.9</ele>
    </trkpt>
    <trkpt lat="-14.021105766296387" lon="33.360946655273438">
        <ele>1135.7</ele>
    </trkpt>
    <trkpt lat="-14.021035194396973" lon="33.359851837158203">
        <ele>1132.3</ele>
    </trkpt>
    <trkpt lat="-14.020975112915039" lon="33.358833312988281">
        <ele>1130.1</ele>
    </trkpt>
    <trkpt lat="-14.020923614501953" lon="33.357963562011719">
        <ele>1127.7</ele>
    </trkpt>
    <trkpt lat="-14.020885467529297" lon="33.357131958007812">
        <ele>1124.5</ele>
    </trkpt>
    <trkpt lat="-14.020847320556641" lon="33.356330871582031">
        <ele>1121.3</ele>
    </trkpt>
    <trkpt lat="-14.020811080932617" lon="33.35552978515625">
        <ele>1119.0</ele>
    </trkpt>
    <trkpt lat="-14.020770072937012" lon="33.354728698730469">
        <ele>1115.8</ele>
    </trkpt>
    <trkpt lat="-14.020739555358887" lon="33.353927612304688">
        <ele>1113.1</ele>
    </trkpt>
    <trkpt lat="-14.020695686340332" lon="33.3531494140625">
        <ele>1109.9</ele>
    </trkpt>
    <trkpt lat="-14.02069091796875" lon="33.352619171142578">
        <ele>1110.0</ele>
    </trkpt>
    <trkpt lat="-14.020681381225586" lon="33.352344512939453">
        <ele>1109.9</ele>
    </trkpt>
    <trkpt lat="-14.02068042755127" lon="33.352039337158203">
        <ele>1109.5</ele>
    </trkpt>
    <trkpt lat="-14.020646095275879" lon="33.351455688476562">
        <ele>1112.8</ele>
    </trkpt>
    <trkpt lat="-14.020612716674805" lon="33.3507080078125">
        <ele>1115.4</ele>
    </trkpt>
    <trkpt lat="-14.020565032958984" lon="33.349910736083984">
        <ele>1117.4</ele>
    </trkpt>
    <trkpt lat="-14.020480155944824" lon="33.349056243896484">
        <ele>1119.7</ele>
    </trkpt>
    <trkpt lat="-14.02033519744873" lon="33.348079681396484">
        <ele>1121.9</ele>
    </trkpt>
    <trkpt lat="-14.02015209197998" lon="33.34698486328125">
        <ele>1125.1</ele>
    </trkpt>
    <trkpt lat="-14.019916534423828" lon="33.345817565917969">
        <ele>1128.2</ele>
    </trkpt>
    <trkpt lat="-14.019689559936523" lon="33.344608306884766">
        <ele>1130.6</ele>
    </trkpt>
    <trkpt lat="-14.019432067871094" lon="33.343372344970703">
        <ele>1132.6</ele>
    </trkpt>
    <trkpt lat="-14.019169807434082" lon="33.342155456542969">
        <ele>1135.1</ele>
    </trkpt>
    <trkpt lat="-14.018916130065918" lon="33.340927124023438">
        <ele>1136.4</ele>
    </trkpt>
    <trkpt lat="-14.018647193908691" lon="33.339675903320312">
        <ele>1136.9</ele>
    </trkpt>
    <trkpt lat="-14.018362045288086" lon="33.338394165039062">
        <ele>1137.7</ele>
    </trkpt>
    <trkpt lat="-14.018078804016113" lon="33.337135314941406">
        <ele>1139.1</ele>
    </trkpt>
    <trkpt lat="-14.017824172973633" lon="33.335865020751953">
        <ele>1139.9</ele>
    </trkpt>
    <trkpt lat="-14.017629623413086" lon="33.334541320800781">
        <ele>1140.8</ele>
    </trkpt>
    <trkpt lat="-14.01747989654541" lon="33.333168029785156">
        <ele>1141.8</ele>
    </trkpt>
    <trkpt lat="-14.01738452911377" lon="33.331813812255859">
        <ele>1142.4</ele>
    </trkpt>
    <trkpt lat="-14.017302513122559" lon="33.330524444580078">
        <ele>1142.8</ele>
    </trkpt>
    <trkpt lat="-14.017216682434082" lon="33.329261779785156">
        <ele>1142.1</ele>
    </trkpt>
    <trkpt lat="-14.017139434814453" lon="33.328037261962891">
        <ele>1142.4</ele>
    </trkpt>
    <trkpt lat="-14.017059326171875" lon="33.326793670654297">
        <ele>1143.0</ele>
    </trkpt>
    <trkpt lat="-14.016970634460449" lon="33.325592041015625">
        <ele>1142.9</ele>
    </trkpt>
    <trkpt lat="-14.016865730285645" lon="33.324382781982422">
        <ele>1142.3</ele>
    </trkpt>
    <trkpt lat="-14.016827583312988" lon="33.323211669921875">
        <ele>1142.9</ele>
    </trkpt>
    <trkpt lat="-14.016728401184082" lon="33.322017669677734">
        <ele>1142.1</ele>
    </trkpt>
    <trkpt lat="-14.016562461853027" lon="33.320766448974609">
        <ele>1141.5</ele>
    </trkpt>
    <trkpt lat="-14.016260147094727" lon="33.319526672363281">
        <ele>1141.8</ele>
    </trkpt>
    <trkpt lat="-14.015847206115723" lon="33.318321228027344">
        <ele>1144.4</ele>
    </trkpt>
    <trkpt lat="-14.015397071838379" lon="33.317192077636719">
        <ele>1146.8</ele>
    </trkpt>
    <trkpt lat="-14.014960289001465" lon="33.316032409667969">
        <ele>1148.9</ele>
    </trkpt>
    <trkpt lat="-14.014495849609375" lon="33.3148193359375">
        <ele>1151.6</ele>
    </trkpt>
    <trkpt lat="-14.014006614685059" lon="33.313571929931641">
        <ele>1153.5</ele>
    </trkpt>
    <trkpt lat="-14.013505935668945" lon="33.312328338623047">
        <ele>1153.1</ele>
    </trkpt>
    <trkpt lat="-14.013021469116211" lon="33.311061859130859">
        <ele>1153.3</ele>
    </trkpt>
    <trkpt lat="-14.012516975402832" lon="33.309738159179688">
        <ele>1153.9</ele>
    </trkpt>
    <trkpt lat="-14.011993408203125" lon="33.308406829833984">
        <ele>1155.4</ele>
    </trkpt>
    <trkpt lat="-14.011429786682129" lon="33.30712890625">
        <ele>1155.5</ele>
    </trkpt>
    <trkpt lat="-14.01080322265625" lon="33.305919647216797">
        <ele>1158.2</ele>
    </trkpt>
    <trkpt lat="-14.010130882263184" lon="33.304756164550781">
        <ele>1157.9</ele>
    </trkpt>
    <trkpt lat="-14.009410858154297" lon="33.303661346435547">
        <ele>1155.9</ele>
    </trkpt>
    <trkpt lat="-14.008623123168945" lon="33.302558898925781">
        <ele>1154.0</ele>
    </trkpt>
    <trkpt lat="-14.00782585144043" lon="33.301406860351562">
        <ele>1152.2</ele>
    </trkpt>
    <trkpt lat="-14.007028579711914" lon="33.300281524658203">
        <ele>1150.9</ele>
    </trkpt>
    <trkpt lat="-14.006267547607422" lon="33.299209594726562">
        <ele>1149.4</ele>
    </trkpt>
    <trkpt lat="-14.005489349365234" lon="33.298160552978516">
        <ele>1146.8</ele>
    </trkpt>
    <trkpt lat="-14.004624366760254" lon="33.297157287597656">
        <ele>1145.0</ele>
    </trkpt>
    <trkpt lat="-14.003657341003418" lon="33.296192169189453">
        <ele>1142.2</ele>
    </trkpt>
    <trkpt lat="-14.002612113952637" lon="33.295310974121094">
        <ele>1141.8</ele>
    </trkpt>
    <trkpt lat="-14.00150203704834" lon="33.294540405273438">
        <ele>1139.5</ele>
    </trkpt>
    <trkpt lat="-14.0003662109375" lon="33.293834686279297">
        <ele>1137.7</ele>
    </trkpt>
    <trkpt lat="-13.99924373626709" lon="33.293136596679688">
        <ele>1137.0</ele>
    </trkpt>
    <trkpt lat="-13.998159408569336" lon="33.292434692382812">
        <ele>1136.3</ele>
    </trkpt>
    <trkpt lat="-13.997119903564453" lon="33.291774749755859">
        <ele>1135.1</ele>
    </trkpt>
    <trkpt lat="-13.996057510375977" lon="33.291091918945312">
        <ele>1134.3</ele>
    </trkpt>
    <trkpt lat="-13.994929313659668" lon="33.290367126464844">
        <ele>1134.5</ele>
    </trkpt>
    <trkpt lat="-13.993756294250488" lon="33.28961181640625">
        <ele>1135.7</ele>
    </trkpt>
    <trkpt lat="-13.992571830749512" lon="33.288833618164062">
        <ele>1137.1</ele>
    </trkpt>
    <trkpt lat="-13.991374969482422" lon="33.288040161132812">
        <ele>1136.8</ele>
    </trkpt>
    <trkpt lat="-13.990159034729004" lon="33.287239074707031">
        <ele>1137.4</ele>
    </trkpt>
    <trkpt lat="-13.988962173461914" lon="33.286449432373047">
        <ele>1137.7</ele>
    </trkpt>
    <trkpt lat="-13.987788200378418" lon="33.285663604736328">
        <ele>1138.7</ele>
    </trkpt>
    <trkpt lat="-13.986644744873047" lon="33.284908294677734">
        <ele>1136.8</ele>
    </trkpt>
    <trkpt lat="-13.985537528991699" lon="33.284168243408203">
        <ele>1135.6</ele>
    </trkpt>
    <trkpt lat="-13.984465599060059" lon="33.283458709716797">
        <ele>1135.8</ele>
    </trkpt>
    <trkpt lat="-13.98340892791748" lon="33.282711029052734">
        <ele>1136.5</ele>
    </trkpt>
    <trkpt lat="-13.98240852355957" lon="33.281852722167969">
        <ele>1138.1</ele>
    </trkpt>
    <trkpt lat="-13.981478691101074" lon="33.280933380126953">
        <ele>1135.4</ele>
    </trkpt>
    <trkpt lat="-13.980621337890625" lon="33.279960632324219">
        <ele>1133.5</ele>
    </trkpt>
    <trkpt lat="-13.979880332946777" lon="33.278945922851562">
        <ele>1133.3</ele>
    </trkpt>
    <trkpt lat="-13.979202270507812" lon="33.278003692626953">
        <ele>1132.9</ele>
    </trkpt>
    <trkpt lat="-13.978577613830566" lon="33.277137756347656">
        <ele>1132.2</ele>
    </trkpt>
    <trkpt lat="-13.978031158447266" lon="33.276355743408203">
        <ele>1131.6</ele>
    </trkpt>
    <trkpt lat="-13.977643966674805" lon="33.275814056396484">
        <ele>1130.6</ele>
    </trkpt>
    <trkpt lat="-13.977364540100098" lon="33.275409698486328">
        <ele>1130.6</ele>
    </trkpt>
    <trkpt lat="-13.97728443145752" lon="33.275314331054688">
        <ele>1131.2</ele>
    </trkpt>
    <trkpt lat="-13.977031707763672" lon="33.274967193603516">
        <ele>1132.0</ele>
    </trkpt>
    <trkpt lat="-13.976664543151855" lon="33.274459838867188">
        <ele>1130.9</ele>
    </trkpt>
    <trkpt lat="-13.976289749145508" lon="33.273933410644531">
        <ele>1132.3</ele>
    </trkpt>
    <trkpt lat="-13.975906372070312" lon="33.273399353027344">
        <ele>1131.0</ele>
    </trkpt>
    <trkpt lat="-13.975464820861816" lon="33.272785186767578">
        <ele>1130.3</ele>
    </trkpt>
    <trkpt lat="-13.974953651428223" lon="33.272071838378906">
        <ele>1131.5</ele>
    </trkpt>
    <trkpt lat="-13.97435474395752" lon="33.271224975585938">
        <ele>1130.9</ele>
    </trkpt>
    <trkpt lat="-13.973688125610352" lon="33.270275115966797">
        <ele>1131.4</ele>
    </trkpt>
    <trkpt lat="-13.972955703735352" lon="33.269252777099609">
        <ele>1131.7</ele>
    </trkpt>
    <trkpt lat="-13.972197532653809" lon="33.268203735351562">
        <ele>1131.7</ele>
    </trkpt>
    <trkpt lat="-13.971416473388672" lon="33.267116546630859">
        <ele>1130.4</ele>
    </trkpt>
    <trkpt lat="-13.970590591430664" lon="33.266010284423828">
        <ele>1129.4</ele>
    </trkpt>
    <trkpt lat="-13.969748497009277" lon="33.264919281005859">
        <ele>1128.9</ele>
    </trkpt>
    <trkpt lat="-13.968904495239258" lon="33.263835906982422">
        <ele>1128.0</ele>
    </trkpt>
    <trkpt lat="-13.968058586120605" lon="33.262771606445312">
        <ele>1126.1</ele>
    </trkpt>
    <trkpt lat="-13.967212677001953" lon="33.261722564697266">
        <ele>1125.0</ele>
    </trkpt>
    <trkpt lat="-13.966411590576172" lon="33.260726928710938">
        <ele>1122.3</ele>
    </trkpt>
    <trkpt lat="-13.965641975402832" lon="33.259777069091797">
        <ele>1119.9</ele>
    </trkpt>
    <trkpt lat="-13.96481990814209" lon="33.258758544921875">
        <ele>1117.7</ele>
    </trkpt>
    <trkpt lat="-13.963979721069336" lon="33.257717132568359">
        <ele>1118.5</ele>
    </trkpt>
    <trkpt lat="-13.963232040405273" lon="33.256782531738281">
        <ele>1119.1</ele>
    </trkpt>
    <trkpt lat="-13.963011741638184" lon="33.2564697265625">
        <ele>1117.8</ele>
    </trkpt>
    <trkpt lat="-13.962984085083008" lon="33.256412506103516">
        <ele>1118.5</ele>
    </trkpt>
    <trkpt lat="-13.963030815124512" lon="33.256389617919922">
        <ele>1121.0</ele>
    </trkpt>
    <trkpt lat="-13.962986946105957" lon="33.25640869140625">
        <ele>1121.0</ele>
    </trkpt>
    <trkpt lat="-13.962930679321289" lon="33.256362915039062">
        <ele>1121.9</ele>
    </trkpt>
    <trkpt lat="-13.96265983581543" lon="33.256046295166016">
        <ele>1122.7</ele>
    </trkpt>
    <trkpt lat="-13.962212562561035" lon="33.255496978759766">
        <ele>1124.2</ele>
    </trkpt>
    <trkpt lat="-13.961661338806152" lon="33.254802703857422">
        <ele>1124.4</ele>
    </trkpt>
    <trkpt lat="-13.961043357849121" lon="33.254055023193359">
        <ele>1124.6</ele>
    </trkpt>
    <trkpt lat="-13.96035099029541" lon="33.253192901611328">
        <ele>1124.1</ele>
    </trkpt>
    <trkpt lat="-13.959621429443359" lon="33.252265930175781">
        <ele>1123.5</ele>
    </trkpt>
    <trkpt lat="-13.958882331848145" lon="33.251285552978516">
        <ele>1124.5</ele>
    </trkpt>
    <trkpt lat="-13.95814037322998" lon="33.250217437744141">
        <ele>1123.9</ele>
    </trkpt>
    <trkpt lat="-13.95738410949707" lon="33.249034881591797">
        <ele>1123.4</ele>
    </trkpt>
    <trkpt lat="-13.956606864929199" lon="33.247791290283203">
        <ele>1121.4</ele>
    </trkpt>
    <trkpt lat="-13.955826759338379" lon="33.246501922607422">
        <ele>1120.6</ele>
    </trkpt>
    <trkpt lat="-13.955055236816406" lon="33.245235443115234">
        <ele>1119.3</ele>
    </trkpt>
    <trkpt lat="-13.954290390014648" lon="33.243980407714844">
        <ele>1117.9</ele>
    </trkpt>
    <trkpt lat="-13.953535079956055" lon="33.242755889892578">
        <ele>1118.9</ele>
    </trkpt>
    <trkpt lat="-13.952781677246094" lon="33.241561889648438">
        <ele>1117.2</ele>
    </trkpt>
    <trkpt lat="-13.95195198059082" lon="33.240467071533203">
        <ele>1116.2</ele>
    </trkpt>
    <trkpt lat="-13.951088905334473" lon="33.239475250244141">
        <ele>1114.8</ele>
    </trkpt>
    <trkpt lat="-13.950126647949219" lon="33.238571166992188">
        <ele>1115.8</ele>
    </trkpt>
    <trkpt lat="-13.94910717010498" lon="33.23773193359375">
        <ele>1117.4</ele>
    </trkpt>
    <trkpt lat="-13.948070526123047" lon="33.236907958984375">
        <ele>1117.9</ele>
    </trkpt>
    <trkpt lat="-13.947027206420898" lon="33.236103057861328">
        <ele>1118.4</ele>
    </trkpt>
    <trkpt lat="-13.945986747741699" lon="33.235294342041016">
        <ele>1118.4</ele>
    </trkpt>
    <trkpt lat="-13.944925308227539" lon="33.234474182128906">
        <ele>1119.8</ele>
    </trkpt>
    <trkpt lat="-13.943826675415039" lon="33.233612060546875">
        <ele>1120.9</ele>
    </trkpt>
    <trkpt lat="-13.942788124084473" lon="33.232784271240234">
        <ele>1121.1</ele>
    </trkpt>
    <trkpt lat="-13.941936492919922" lon="33.232109069824219">
        <ele>1121.7</ele>
    </trkpt>
    <trkpt lat="-13.941045761108398" lon="33.231361389160156">
        <ele>1122.9</ele>
    </trkpt>
    <trkpt lat="-13.940123558044434" lon="33.230518341064453">
        <ele>1122.5</ele>
    </trkpt>
    <trkpt lat="-13.939208984375" lon="33.229618072509766">
        <ele>1122.4</ele>
    </trkpt>
    <trkpt lat="-13.938326835632324" lon="33.228652954101562">
        <ele>1122.1</ele>
    </trkpt>
    <trkpt lat="-13.937459945678711" lon="33.227588653564453">
        <ele>1121.6</ele>
    </trkpt>
    <trkpt lat="-13.936582565307617" lon="33.226444244384766">
        <ele>1122.3</ele>
    </trkpt>
    <trkpt lat="-13.935695648193359" lon="33.225250244140625">
        <ele>1122.9</ele>
    </trkpt>
    <trkpt lat="-13.934814453125" lon="33.224067687988281">
        <ele>1123.0</ele>
    </trkpt>
    <trkpt lat="-13.933951377868652" lon="33.222908020019531">
        <ele>1123.2</ele>
    </trkpt>
    <trkpt lat="-13.933140754699707" lon="33.221820831298828">
        <ele>1123.7</ele>
    </trkpt>
    <trkpt lat="-13.932377815246582" lon="33.220794677734375">
        <ele>1123.5</ele>
    </trkpt>
    <trkpt lat="-13.931639671325684" lon="33.219879150390625">
        <ele>1122.9</ele>
    </trkpt>
    <trkpt lat="-13.930835723876953" lon="33.218902587890625">
        <ele>1120.5</ele>
    </trkpt>
    <trkpt lat="-13.929913520812988" lon="33.217899322509766">
        <ele>1118.1</ele>
    </trkpt>
    <trkpt lat="-13.928938865661621" lon="33.216903686523438">
        <ele>1115.9</ele>
    </trkpt>
    <trkpt lat="-13.927924156188965" lon="33.215915679931641">
        <ele>1113.7</ele>
    </trkpt>
    <trkpt lat="-13.926874160766602" lon="33.214916229248047">
        <ele>1110.0</ele>
    </trkpt>
    <trkpt lat="-13.925827026367188" lon="33.213897705078125">
        <ele>1107.6</ele>
    </trkpt>
    <trkpt lat="-13.924770355224609" lon="33.212905883789062">
        <ele>1107.1</ele>
    </trkpt>
    <trkpt lat="-13.923712730407715" lon="33.211898803710938">
        <ele>1105.5</ele>
    </trkpt>
    <trkpt lat="-13.922720909118652" lon="33.210842132568359">
        <ele>1106.1</ele>
    </trkpt>
    <trkpt lat="-13.921860694885254" lon="33.209701538085938">
        <ele>1107.2</ele>
    </trkpt>
    <trkpt lat="-13.921172142028809" lon="33.208545684814453">
        <ele>1108.3</ele>
    </trkpt>
    <trkpt lat="-13.92055606842041" lon="33.207313537597656">
        <ele>1109.5</ele>
    </trkpt>
    <trkpt lat="-13.920070648193359" lon="33.20599365234375">
        <ele>1109.4</ele>
    </trkpt>
    <trkpt lat="-13.919696807861328" lon="33.204597473144531">
        <ele>1109.5</ele>
    </trkpt>
    <trkpt lat="-13.919400215148926" lon="33.203159332275391">
        <ele>1106.9</ele>
    </trkpt>
    <trkpt lat="-13.919101715087891" lon="33.201709747314453">
        <ele>1105.4</ele>
    </trkpt>
    <trkpt lat="-13.918785095214844" lon="33.200252532958984">
        <ele>1105.4</ele>
    </trkpt>
    <trkpt lat="-13.918477058410645" lon="33.198783874511719">
        <ele>1104.7</ele>
    </trkpt>
    <trkpt lat="-13.918262481689453" lon="33.197303771972656">
        <ele>1105.2</ele>
    </trkpt>
    <trkpt lat="-13.918187141418457" lon="33.195858001708984">
        <ele>1104.3</ele>
    </trkpt>
    <trkpt lat="-13.918234825134277" lon="33.194404602050781">
        <ele>1103.9</ele>
    </trkpt>
    <trkpt lat="-13.918388366699219" lon="33.1929931640625">
        <ele>1102.9</ele>
    </trkpt>
    <trkpt lat="-13.918683052062988" lon="33.19158935546875">
        <ele>1102.5</ele>
    </trkpt>
    <trkpt lat="-13.919008255004883" lon="33.190189361572266">
        <ele>1102.4</ele>
    </trkpt>
    <trkpt lat="-13.919325828552246" lon="33.188800811767578">
        <ele>1100.4</ele>
    </trkpt>
    <trkpt lat="-13.919639587402344" lon="33.187419891357422">
        <ele>1098.7</ele>
    </trkpt>
    <trkpt lat="-13.91996955871582" lon="33.186050415039062">
        <ele>1097.3</ele>
    </trkpt>
    <trkpt lat="-13.920278549194336" lon="33.184684753417969">
        <ele>1096.8</ele>
    </trkpt>
    <trkpt lat="-13.920600891113281" lon="33.183292388916016">
        <ele>1095.4</ele>
    </trkpt>
    <trkpt lat="-13.920923233032227" lon="33.181900024414062">
        <ele>1092.1</ele>
    </trkpt>
    <trkpt lat="-13.921243667602539" lon="33.180515289306641">
        <ele>1088.5</ele>
    </trkpt>
    <trkpt lat="-13.921575546264648" lon="33.179088592529297">
        <ele>1086.3</ele>
    </trkpt>
    <trkpt lat="-13.921875953674316" lon="33.177654266357422">
        <ele>1085.4</ele>
    </trkpt>
    <trkpt lat="-13.922063827514648" lon="33.176570892333984">
        <ele>1084.7</ele>
    </trkpt>
    <trkpt lat="-13.922181129455566" lon="33.175735473632812">
        <ele>1082.0</ele>
    </trkpt>
    <trkpt lat="-13.922264099121094" lon="33.175045013427734">
        <ele>1080.5</ele>
    </trkpt>
    <trkpt lat="-13.922307968139648" lon="33.174564361572266">
        <ele>1080.2</ele>
    </trkpt>
    <trkpt lat="-13.922318458557129" lon="33.174301147460938">
        <ele>1080.4</ele>
    </trkpt>
    <trkpt lat="-13.922331809997559" lon="33.174018859863281">
        <ele>1080.4</ele>
    </trkpt>
    <trkpt lat="-13.922381401062012" lon="33.173240661621094">
        <ele>1081.1</ele>
    </trkpt>
    <trkpt lat="-13.92238712310791" lon="33.172348022460938">
        <ele>1077.2</ele>
    </trkpt>
    <trkpt lat="-13.922405242919922" lon="33.17144775390625">
        <ele>1073.7</ele>
    </trkpt>
    <trkpt lat="-13.92241382598877" lon="33.170566558837891">
        <ele>1071.2</ele>
    </trkpt>
    <trkpt lat="-13.922444343566895" lon="33.169746398925781">
        <ele>1069.1</ele>
    </trkpt>
    <trkpt lat="-13.922468185424805" lon="33.168903350830078">
        <ele>1068.1</ele>
    </trkpt>
    <trkpt lat="-13.922473907470703" lon="33.168128967285156">
        <ele>1068.2</ele>
    </trkpt>
    <trkpt lat="-13.92249870300293" lon="33.167266845703125">
        <ele>1067.6</ele>
    </trkpt>
    <trkpt lat="-13.92252254486084" lon="33.166358947753906">
        <ele>1070.7</ele>
    </trkpt>
    <trkpt lat="-13.922544479370117" lon="33.165500640869141">
        <ele>1073.8</ele>
    </trkpt>
    <trkpt lat="-13.922540664672852" lon="33.164638519287109">
        <ele>1074.9</ele>
    </trkpt>
    <trkpt lat="-13.922571182250977" lon="33.163520812988281">
        <ele>1076.3</ele>
    </trkpt>
    <trkpt lat="-13.922589302062988" lon="33.1622314453125">
        <ele>1077.6</ele>
    </trkpt>
    <trkpt lat="-13.922571182250977" lon="33.160869598388672">
        <ele>1080.0</ele>
    </trkpt>
    <trkpt lat="-13.922457695007324" lon="33.159439086914062">
        <ele>1082.6</ele>
    </trkpt>
    <trkpt lat="-13.922307014465332" lon="33.157981872558594">
        <ele>1084.6</ele>
    </trkpt>
    <trkpt lat="-13.922088623046875" lon="33.156509399414062">
        <ele>1087.0</ele>
    </trkpt>
    <trkpt lat="-13.921907424926758" lon="33.155006408691406">
        <ele>1088.5</ele>
    </trkpt>
    <trkpt lat="-13.921690940856934" lon="33.153472900390625">
        <ele>1090.0</ele>
    </trkpt>
    <trkpt lat="-13.921487808227539" lon="33.151966094970703">
        <ele>1090.6</ele>
    </trkpt>
    <trkpt lat="-13.921317100524902" lon="33.150543212890625">
        <ele>1088.9</ele>
    </trkpt>
    <trkpt lat="-13.921114921569824" lon="33.149139404296875">
        <ele>1086.2</ele>
    </trkpt>
    <trkpt lat="-13.920900344848633" lon="33.147743225097656">
        <ele>1084.3</ele>
    </trkpt>
    <trkpt lat="-13.920711517333984" lon="33.146450042724609">
        <ele>1082.4</ele>
    </trkpt>
    <trkpt lat="-13.920475006103516" lon="33.145282745361328">
        <ele>1080.7</ele>
    </trkpt>
    <trkpt lat="-13.920229911804199" lon="33.144168853759766">
        <ele>1078.2</ele>
    </trkpt>
    <trkpt lat="-13.919912338256836" lon="33.142898559570312">
        <ele>1074.7</ele>
    </trkpt>
    <trkpt lat="-13.919559478759766" lon="33.141571044921875">
        <ele>1071.5</ele>
    </trkpt>
    <trkpt lat="-13.919227600097656" lon="33.140281677246094">
        <ele>1067.4</ele>
    </trkpt>
    <trkpt lat="-13.918898582458496" lon="33.139019012451172">
        <ele>1063.7</ele>
    </trkpt>
    <trkpt lat="-13.918581962585449" lon="33.137825012207031">
        <ele>1063.1</ele>
    </trkpt>
    <trkpt lat="-13.918293952941895" lon="33.136714935302734">
        <ele>1064.2</ele>
    </trkpt>
    <trkpt lat="-13.918020248413086" lon="33.135696411132812">
        <ele>1065.1</ele>
    </trkpt>
    <trkpt lat="-13.917876243591309" lon="33.135139465332031">
        <ele>1065.2</ele>
    </trkpt>
    <trkpt lat="-13.917845726013184" lon="33.135047912597656">
        <ele>1065.4</ele>
    </trkpt>
    <trkpt lat="-13.91774845123291" lon="33.134719848632812">
        <ele>1066.5</ele>
    </trkpt>
    <trkpt lat="-13.917574882507324" lon="33.134021759033203">
        <ele>1068.7</ele>
    </trkpt>
    <trkpt lat="-13.917336463928223" lon="33.133148193359375">
        <ele>1070.7</ele>
    </trkpt>
    <trkpt lat="-13.917072296142578" lon="33.132144927978516">
        <ele>1072.9</ele>
    </trkpt>
    <trkpt lat="-13.916793823242188" lon="33.131061553955078">
        <ele>1076.5</ele>
    </trkpt>
    <trkpt lat="-13.916509628295898" lon="33.129894256591797">
        <ele>1079.6</ele>
    </trkpt>
    <trkpt lat="-13.916203498840332" lon="33.128635406494141">
        <ele>1082.6</ele>
    </trkpt>
    <trkpt lat="-13.915914535522461" lon="33.127368927001953">
        <ele>1082.4</ele>
    </trkpt>
    <trkpt lat="-13.915629386901855" lon="33.126117706298828">
        <ele>1083.3</ele>
    </trkpt>
    <trkpt lat="-13.915334701538086" lon="33.124801635742188">
        <ele>1083.7</ele>
    </trkpt>
    <trkpt lat="-13.915030479431152" lon="33.123447418212891">
        <ele>1084.3</ele>
    </trkpt>
    <trkpt lat="-13.914740562438965" lon="33.12213134765625">
        <ele>1086.7</ele>
    </trkpt>
    <trkpt lat="-13.914460182189941" lon="33.120857238769531">
        <ele>1086.9</ele>
    </trkpt>
    <trkpt lat="-13.914130210876465" lon="33.119586944580078">
        <ele>1088.0</ele>
    </trkpt>
    <trkpt lat="-13.913690567016602" lon="33.118289947509766">
        <ele>1089.6</ele>
    </trkpt>
    <trkpt lat="-13.91309642791748" lon="33.116962432861328">
        <ele>1089.2</ele>
    </trkpt>
    <trkpt lat="-13.912385940551758" lon="33.115676879882812">
        <ele>1089.4</ele>
    </trkpt>
    <trkpt lat="-13.911572456359863" lon="33.114467620849609">
        <ele>1090.5</ele>
    </trkpt>
    <trkpt lat="-13.91065788269043" lon="33.113323211669922">
        <ele>1089.4</ele>
    </trkpt>
    <trkpt lat="-13.909722328186035" lon="33.112201690673828">
        <ele>1091.3</ele>
    </trkpt>
    <trkpt lat="-13.908801078796387" lon="33.111091613769531">
        <ele>1093.8</ele>
    </trkpt>
    <trkpt lat="-13.907879829406738" lon="33.109977722167969">
        <ele>1095.3</ele>
    </trkpt>
    <trkpt lat="-13.906955718994141" lon="33.108856201171875">
        <ele>1096.3</ele>
    </trkpt>
    <trkpt lat="-13.906042098999023" lon="33.107761383056641">
        <ele>1095.9</ele>
    </trkpt>
    <trkpt lat="-13.905111312866211" lon="33.106662750244141">
        <ele>1095.5</ele>
    </trkpt>
    <trkpt lat="-13.904183387756348" lon="33.105537414550781">
        <ele>1095.2</ele>
    </trkpt>
    <trkpt lat="-13.90323543548584" lon="33.104400634765625">
        <ele>1096.4</ele>
    </trkpt>
    <trkpt lat="-13.902252197265625" lon="33.103263854980469">
        <ele>1097.2</ele>
    </trkpt>
    <trkpt lat="-13.901237487792969" lon="33.102134704589844">
        <ele>1097.3</ele>
    </trkpt>
    <trkpt lat="-13.900233268737793" lon="33.101039886474609">
        <ele>1097.6</ele>
    </trkpt>
    <trkpt lat="-13.899265289306641" lon="33.100002288818359">
        <ele>1096.6</ele>
    </trkpt>
    <trkpt lat="-13.898344039916992" lon="33.099002838134766">
        <ele>1097.2</ele>
    </trkpt>
    <trkpt lat="-13.89751148223877" lon="33.098117828369141">
        <ele>1096.8</ele>
    </trkpt>
    <trkpt lat="-13.89676570892334" lon="33.097316741943359">
        <ele>1096.8</ele>
    </trkpt>
    <trkpt lat="-13.896089553833008" lon="33.096572875976562">
        <ele>1096.1</ele>
    </trkpt>
    <trkpt lat="-13.895392417907715" lon="33.095836639404297">
        <ele>1095.2</ele>
    </trkpt>
    <trkpt lat="-13.894680023193359" lon="33.095066070556641">
        <ele>1095.2</ele>
    </trkpt>
    <trkpt lat="-13.893893241882324" lon="33.094245910644531">
        <ele>1094.4</ele>
    </trkpt>
    <trkpt lat="-13.893009185791016" lon="33.093429565429688">
        <ele>1094.3</ele>
    </trkpt>
    <trkpt lat="-13.892046928405762" lon="33.092678070068359">
        <ele>1094.3</ele>
    </trkpt>
    <trkpt lat="-13.891036033630371" lon="33.091995239257812">
        <ele>1094.2</ele>
    </trkpt>
    <trkpt lat="-13.889907836914062" lon="33.091358184814453">
        <ele>1095.2</ele>
    </trkpt>
    <trkpt lat="-13.888759613037109" lon="33.090709686279297">
        <ele>1095.8</ele>
    </trkpt>
    <trkpt lat="-13.887569427490234" lon="33.090080261230469">
        <ele>1095.5</ele>
    </trkpt>
    <trkpt lat="-13.886360168457031" lon="33.089424133300781">
        <ele>1097.4</ele>
    </trkpt>
    <trkpt lat="-13.88511848449707" lon="33.088733673095703">
        <ele>1099.6</ele>
    </trkpt>
    <trkpt lat="-13.883817672729492" lon="33.088005065917969">
        <ele>1101.0</ele>
    </trkpt>
    <trkpt lat="-13.882529258728027" lon="33.087314605712891">
        <ele>1102.9</ele>
    </trkpt>
    <trkpt lat="-13.881317138671875" lon="33.086627960205078">
        <ele>1105.0</ele>
    </trkpt>
    <trkpt lat="-13.880182266235352" lon="33.086021423339844">
        <ele>1105.4</ele>
    </trkpt>
    <trkpt lat="-13.879111289978027" lon="33.085479736328125">
        <ele>1106.6</ele>
    </trkpt>
    <trkpt lat="-13.878066062927246" lon="33.084957122802734">
        <ele>1106.9</ele>
    </trkpt>
    <trkpt lat="-13.876948356628418" lon="33.084426879882812">
        <ele>1107.9</ele>
    </trkpt>
    <trkpt lat="-13.875857353210449" lon="33.083930969238281">
        <ele>1108.8</ele>
    </trkpt>
    <trkpt lat="-13.874722480773926" lon="33.083412170410156">
        <ele>1108.6</ele>
    </trkpt>
    <trkpt lat="-13.873547554016113" lon="33.082855224609375">
        <ele>1110.3</ele>
    </trkpt>
    <trkpt lat="-13.87230396270752" lon="33.082313537597656">
        <ele>1111.1</ele>
    </trkpt>
    <trkpt lat="-13.871033668518066" lon="33.081691741943359">
        <ele>1112.0</ele>
    </trkpt>
    <trkpt lat="-13.869702339172363" lon="33.081073760986328">
        <ele>1110.7</ele>
    </trkpt>
    <trkpt lat="-13.868449211120605" lon="33.080486297607422">
        <ele>1111.6</ele>
    </trkpt>
    <trkpt lat="-13.867350578308105" lon="33.079914093017578">
        <ele>1113.1</ele>
    </trkpt>
    <trkpt lat="-13.866393089294434" lon="33.079357147216797">
        <ele>1113.7</ele>
    </trkpt>
    <trkpt lat="-13.865401268005371" lon="33.07879638671875">
        <ele>1114.2</ele>
    </trkpt>
    <trkpt lat="-13.864359855651855" lon="33.07806396484375">
        <ele>1113.0</ele>
    </trkpt>
    <trkpt lat="-13.863297462463379" lon="33.077274322509766">
        <ele>1112.2</ele>
    </trkpt>
    <trkpt lat="-13.86225700378418" lon="33.076427459716797">
        <ele>1111.6</ele>
    </trkpt>
    <trkpt lat="-13.861191749572754" lon="33.075542449951172">
        <ele>1110.6</ele>
    </trkpt>
    <trkpt lat="-13.86008358001709" lon="33.074626922607422">
        <ele>1109.9</ele>
    </trkpt>
    <trkpt lat="-13.85894775390625" lon="33.073703765869141">
        <ele>1110.7</ele>
    </trkpt>
    <trkpt lat="-13.857814788818359" lon="33.072795867919922">
        <ele>1111.4</ele>
    </trkpt>
    <trkpt lat="-13.856667518615723" lon="33.071857452392578">
        <ele>1114.4</ele>
    </trkpt>
    <trkpt lat="-13.855565071105957" lon="33.070858001708984">
        <ele>1116.9</ele>
    </trkpt>
    <trkpt lat="-13.85453987121582" lon="33.069782257080078">
        <ele>1119.4</ele>
    </trkpt>
    <trkpt lat="-13.853608131408691" lon="33.068641662597656">
        <ele>1121.6</ele>
    </trkpt>
    <trkpt lat="-13.852816581726074" lon="33.067447662353516">
        <ele>1122.9</ele>
    </trkpt>
    <trkpt lat="-13.852163314819336" lon="33.066287994384766">
        <ele>1122.6</ele>
    </trkpt>
    <trkpt lat="-13.85151195526123" lon="33.065128326416016">
        <ele>1122.5</ele>
    </trkpt>
    <trkpt lat="-13.850832939147949" lon="33.063934326171875">
        <ele>1122.6</ele>
    </trkpt>
    <trkpt lat="-13.850112915039062" lon="33.062690734863281">
        <ele>1123.1</ele>
    </trkpt>
    <trkpt lat="-13.849410057067871" lon="33.061431884765625">
        <ele>1123.1</ele>
    </trkpt>
    <trkpt lat="-13.848719596862793" lon="33.060214996337891">
        <ele>1123.5</ele>
    </trkpt>
    <trkpt lat="-13.848163604736328" lon="33.059242248535156">
        <ele>1124.3</ele>
    </trkpt>
    <trkpt lat="-13.847518920898438" lon="33.058250427246094">
        <ele>1124.5</ele>
    </trkpt>
    <trkpt lat="-13.846774101257324" lon="33.057292938232422">
        <ele>1126.3</ele>
    </trkpt>
    <trkpt lat="-13.845999717712402" lon="33.056400299072266">
        <ele>1128.2</ele>
    </trkpt>
    <trkpt lat="-13.845198631286621" lon="33.055641174316406">
        <ele>1128.3</ele>
    </trkpt>
    <trkpt lat="-13.844315528869629" lon="33.054832458496094">
        <ele>1128.3</ele>
    </trkpt>
    <trkpt lat="-13.843426704406738" lon="33.053997039794922">
        <ele>1129.7</ele>
    </trkpt>
    <trkpt lat="-13.842522621154785" lon="33.053165435791016">
        <ele>1131.5</ele>
    </trkpt>
    <trkpt lat="-13.841640472412109" lon="33.052356719970703">
        <ele>1132.5</ele>
    </trkpt>
    <trkpt lat="-13.840851783752441" lon="33.051605224609375">
        <ele>1133.1</ele>
    </trkpt>
    <trkpt lat="-13.840085983276367" lon="33.050907135009766">
        <ele>1132.6</ele>
    </trkpt>
    <trkpt lat="-13.839337348937988" lon="33.050189971923828">
        <ele>1133.6</ele>
    </trkpt>
    <trkpt lat="-13.838605880737305" lon="33.049491882324219">
        <ele>1131.6</ele>
    </trkpt>
    <trkpt lat="-13.837863922119141" lon="33.048786163330078">
        <ele>1131.8</ele>
    </trkpt>
    <trkpt lat="-13.837114334106445" lon="33.048049926757812">
        <ele>1131.1</ele>
    </trkpt>
    <trkpt lat="-13.836347579956055" lon="33.047298431396484">
        <ele>1130.9</ele>
    </trkpt>
    <trkpt lat="-13.835623741149902" lon="33.046546936035156">
        <ele>1132.4</ele>
    </trkpt>
    <trkpt lat="-13.83497428894043" lon="33.045913696289062">
        <ele>1128.6</ele>
    </trkpt>
    <trkpt lat="-13.834412574768066" lon="33.04534912109375">
        <ele>1127.3</ele>
    </trkpt>
    <trkpt lat="-13.833841323852539" lon="33.04473876953125">
        <ele>1127.4</ele>
    </trkpt>
    <trkpt lat="-13.833231925964355" lon="33.044116973876953">
        <ele>1126.2</ele>
    </trkpt>
    <trkpt lat="-13.832638740539551" lon="33.043521881103516">
        <ele>1126.6</ele>
    </trkpt>
    <trkpt lat="-13.832156181335449" lon="33.043033599853516">
        <ele>1128.0</ele>
    </trkpt>
    <trkpt lat="-13.831616401672363" lon="33.042488098144531">
        <ele>1129.7</ele>
    </trkpt>
    <trkpt lat="-13.831149101257324" lon="33.042018890380859">
        <ele>1128.5</ele>
    </trkpt>
    <trkpt lat="-13.830904006958008" lon="33.041801452636719">
        <ele>1127.0</ele>
    </trkpt>
    <trkpt lat="-13.830440521240234" lon="33.041355133056641">
        <ele>1127.3</ele>
    </trkpt>
    <trkpt lat="-13.829856872558594" lon="33.040706634521484">
        <ele>1128.2</ele>
    </trkpt>
    <trkpt lat="-13.829154014587402" lon="33.039962768554688">
        <ele>1128.4</ele>
    </trkpt>
    <trkpt lat="-13.828384399414062" lon="33.039154052734375">
        <ele>1129.1</ele>
    </trkpt>
    <trkpt lat="-13.827590942382812" lon="33.038337707519531">
        <ele>1130.0</ele>
    </trkpt>
    <trkpt lat="-13.826762199401855" lon="33.037464141845703">
        <ele>1131.5</ele>
    </trkpt>
    <trkpt lat="-13.825937271118164" lon="33.036590576171875">
        <ele>1130.5</ele>
    </trkpt>
    <trkpt lat="-13.825093269348145" lon="33.035701751708984">
        <ele>1131.6</ele>
    </trkpt>
    <trkpt lat="-13.824239730834961" lon="33.034843444824219">
        <ele>1133.2</ele>
    </trkpt>
    <trkpt lat="-13.823419570922852" lon="33.034000396728516">
        <ele>1134.4</ele>
    </trkpt>
    <trkpt lat="-13.822628021240234" lon="33.033115386962891">
        <ele>1136.1</ele>
    </trkpt>
    <trkpt lat="-13.821913719177246" lon="33.032127380371094">
        <ele>1136.0</ele>
    </trkpt>
    <trkpt lat="-13.821310997009277" lon="33.031055450439453">
        <ele>1136.3</ele>
    </trkpt>
    <trkpt lat="-13.82081413269043" lon="33.029975891113281">
        <ele>1135.7</ele>
    </trkpt>
    <trkpt lat="-13.820412635803223" lon="33.028949737548828">
        <ele>1134.6</ele>
    </trkpt>
    <trkpt lat="-13.820082664489746" lon="33.02789306640625">
        <ele>1134.8</ele>
    </trkpt>
    <trkpt lat="-13.819769859313965" lon="33.026824951171875">
        <ele>1136.0</ele>
    </trkpt>
    <trkpt lat="-13.819458961486816" lon="33.025592803955078">
        <ele>1136.4</ele>
    </trkpt>
    <trkpt lat="-13.819149017333984" lon="33.024402618408203">
        <ele>1135.2</ele>
    </trkpt>
    <trkpt lat="-13.818864822387695" lon="33.023349761962891">
        <ele>1135.2</ele>
    </trkpt>
    <trkpt lat="-13.818562507629395" lon="33.022354125976562">
        <ele>1134.8</ele>
    </trkpt>
    <trkpt lat="-13.81824779510498" lon="33.021198272705078">
        <ele>1135.2</ele>
    </trkpt>
    <trkpt lat="-13.817933082580566" lon="33.020042419433594">
        <ele>1133.8</ele>
    </trkpt>
    <trkpt lat="-13.817597389221191" lon="33.018955230712891">
        <ele>1134.2</ele>
    </trkpt>
    <trkpt lat="-13.817234992980957" lon="33.017799377441406">
        <ele>1135.3</ele>
    </trkpt>
    <trkpt lat="-13.816844940185547" lon="33.016548156738281">
        <ele>1135.4</ele>
    </trkpt>
    <trkpt lat="-13.816437721252441" lon="33.015293121337891">
        <ele>1135.2</ele>
    </trkpt>
    <trkpt lat="-13.816061973571777" lon="33.014053344726562">
        <ele>1134.5</ele>
    </trkpt>
    <trkpt lat="-13.815708160400391" lon="33.012897491455078">
        <ele>1134.7</ele>
    </trkpt>
    <trkpt lat="-13.815320014953613" lon="33.011661529541016">
        <ele>1134.9</ele>
    </trkpt>
    <trkpt lat="-13.814902305603027" lon="33.010337829589844">
        <ele>1136.6</ele>
    </trkpt>
    <trkpt lat="-13.814485549926758" lon="33.008991241455078">
        <ele>1138.9</ele>
    </trkpt>
    <trkpt lat="-13.814064025878906" lon="33.007652282714844">
        <ele>1138.4</ele>
    </trkpt>
    <trkpt lat="-13.813566207885742" lon="33.006343841552734">
        <ele>1137.6</ele>
    </trkpt>
    <trkpt lat="-13.813039779663086" lon="33.005031585693359">
        <ele>1139.0</ele>
    </trkpt>
    <trkpt lat="-13.812440872192383" lon="33.003730773925781">
        <ele>1139.1</ele>
    </trkpt>
    <trkpt lat="-13.811820030212402" lon="33.002449035644531">
        <ele>1139.8</ele>
    </trkpt>
    <trkpt lat="-13.811182975769043" lon="33.001171112060547">
        <ele>1140.5</ele>
    </trkpt>
    <trkpt lat="-13.810572624206543" lon="32.999961853027344">
        <ele>1140.1</ele>
    </trkpt>
    <trkpt lat="-13.809978485107422" lon="32.998817443847656">
        <ele>1138.7</ele>
    </trkpt>
    <trkpt lat="-13.809374809265137" lon="32.997570037841797">
        <ele>1138.4</ele>
    </trkpt>
    <trkpt lat="-13.808796882629395" lon="32.996383666992188">
        <ele>1137.3</ele>
    </trkpt>
    <trkpt lat="-13.808199882507324" lon="32.995204925537109">
        <ele>1138.7</ele>
    </trkpt>
    <trkpt lat="-13.807651519775391" lon="32.994026184082031">
        <ele>1140.3</ele>
    </trkpt>
    <trkpt lat="-13.807165145874023" lon="32.993007659912109">
        <ele>1141.2</ele>
    </trkpt>
    <trkpt lat="-13.806793212890625" lon="32.992267608642578">
        <ele>1140.1</ele>
    </trkpt>
    <trkpt lat="-13.806466102600098" lon="32.991615295410156">
        <ele>1138.4</ele>
    </trkpt>
    <trkpt lat="-13.806136131286621" lon="32.990947723388672">
        <ele>1135.5</ele>
    </trkpt>
    <trkpt lat="-13.805648803710938" lon="32.990005493164062">
        <ele>1134.5</ele>
    </trkpt>
    <trkpt lat="-13.805136680603027" lon="32.988918304443359">
        <ele>1135.2</ele>
    </trkpt>
    <trkpt lat="-13.804729461669922" lon="32.987758636474609">
        <ele>1137.8</ele>
    </trkpt>
    <trkpt lat="-13.804466247558594" lon="32.986576080322266">
        <ele>1136.0</ele>
    </trkpt>
    <trkpt lat="-13.804291725158691" lon="32.985317230224609">
        <ele>1140.7</ele>
    </trkpt>
    <trkpt lat="-13.804214477539062" lon="32.984107971191406">
        <ele>1142.0</ele>
    </trkpt>
    <trkpt lat="-13.80426025390625" lon="32.982921600341797">
        <ele>1140.0</ele>
    </trkpt>
    <trkpt lat="-13.804370880126953" lon="32.981685638427734">
        <ele>1141.0</ele>
    </trkpt>
    <trkpt lat="-13.804490089416504" lon="32.980503082275391">
        <ele>1142.0</ele>
    </trkpt>
    <trkpt lat="-13.804620742797852" lon="32.979328155517578">
        <ele>1144.7</ele>
    </trkpt>
    <trkpt lat="-13.804677963256836" lon="32.978164672851562">
        <ele>1146.1</ele>
    </trkpt>
    <trkpt lat="-13.804701805114746" lon="32.977134704589844">
        <ele>1145.4</ele>
    </trkpt>
    <trkpt lat="-13.80467700958252" lon="32.976184844970703">
        <ele>1144.7</ele>
    </trkpt>
    <trkpt lat="-13.804653167724609" lon="32.975120544433594">
        <ele>1144.3</ele>
    </trkpt>
    <trkpt lat="-13.804586410522461" lon="32.97393798828125">
        <ele>1144.5</ele>
    </trkpt>
    <trkpt lat="-13.804478645324707" lon="32.97265625">
        <ele>1149.7</ele>
    </trkpt>
    <trkpt lat="-13.804349899291992" lon="32.971351623535156">
        <ele>1153.0</ele>
    </trkpt>
    <trkpt lat="-13.804226875305176" lon="32.970111846923828">
        <ele>1157.2</ele>
    </trkpt>
    <trkpt lat="-13.804028511047363" lon="32.968807220458984">
        <ele>1155.4</ele>
    </trkpt>
    <trkpt lat="-13.803756713867188" lon="32.967472076416016">
        <ele>1153.9</ele>
    </trkpt>
    <trkpt lat="-13.803394317626953" lon="32.966159820556641">
        <ele>1153.9</ele>
    </trkpt>
    <trkpt lat="-13.802987098693848" lon="32.964889526367188">
        <ele>1151.7</ele>
    </trkpt>
    <trkpt lat="-13.80256462097168" lon="32.963672637939453">
        <ele>1152.0</ele>
    </trkpt>
    <trkpt lat="-13.80211067199707" lon="32.962387084960938">
        <ele>1151.8</ele>
    </trkpt>
    <trkpt lat="-13.801643371582031" lon="32.961147308349609">
        <ele>1154.7</ele>
    </trkpt>
    <trkpt lat="-13.801200866699219" lon="32.959892272949219">
        <ele>1152.7</ele>
    </trkpt>
    <trkpt lat="-13.800735473632812" lon="32.958644866943359">
        <ele>1154.6</ele>
    </trkpt>
    <trkpt lat="-13.800295829772949" lon="32.957386016845703">
        <ele>1156.4</ele>
    </trkpt>
    <trkpt lat="-13.799890518188477" lon="32.956241607666016">
        <ele>1156.5</ele>
    </trkpt>
    <trkpt lat="-13.799515724182129" lon="32.955146789550781">
        <ele>1154.5</ele>
    </trkpt>
    <trkpt lat="-13.799154281616211" lon="32.954181671142578">
        <ele>1155.2</ele>
    </trkpt>
    <trkpt lat="-13.798823356628418" lon="32.9532470703125">
        <ele>1155.8</ele>
    </trkpt>
    <trkpt lat="-13.79853343963623" lon="32.952423095703125">
        <ele>1157.3</ele>
    </trkpt>
    <trkpt lat="-13.798253059387207" lon="32.951675415039062">
        <ele>1159.3</ele>
    </trkpt>
    <trkpt lat="-13.798005104064941" lon="32.950916290283203">
        <ele>1158.8</ele>
    </trkpt>
    <trkpt lat="-13.797685623168945" lon="32.950035095214844">
        <ele>1158.1</ele>
    </trkpt>
    <trkpt lat="-13.797314643859863" lon="32.948997497558594">
        <ele>1157.6</ele>
    </trkpt>
    <trkpt lat="-13.796892166137695" lon="32.947837829589844">
        <ele>1158.3</ele>
    </trkpt>
    <trkpt lat="-13.796445846557617" lon="32.946605682373047">
        <ele>1163.4</ele>
    </trkpt>
    <trkpt lat="-13.795984268188477" lon="32.945335388183594">
        <ele>1165.1</ele>
    </trkpt>
    <trkpt lat="-13.795523643493652" lon="32.944065093994141">
        <ele>1168.5</ele>
    </trkpt>
    <trkpt lat="-13.795053482055664" lon="32.942752838134766">
        <ele>1169.7</ele>
    </trkpt>
    <trkpt lat="-13.794576644897461" lon="32.941413879394531">
        <ele>1171.8</ele>
    </trkpt>
    <trkpt lat="-13.794099807739258" lon="32.940097808837891">
        <ele>1174.9</ele>
    </trkpt>
    <trkpt lat="-13.793692588806152" lon="32.938934326171875">
        <ele>1178.1</ele>
    </trkpt>
    <trkpt lat="-13.7933349609375" lon="32.9378662109375">
        <ele>1177.6</ele>
    </trkpt>
    <trkpt lat="-13.792981147766113" lon="32.936721801757812">
        <ele>1180.4</ele>
    </trkpt>
    <trkpt lat="-13.792675018310547" lon="32.935626983642578">
        <ele>1181.6</ele>
    </trkpt>
    <trkpt lat="-13.7923583984375" lon="32.93450927734375">
        <ele>1181.7</ele>
    </trkpt>
    <trkpt lat="-13.792014122009277" lon="32.933349609375">
        <ele>1182.5</ele>
    </trkpt>
    <trkpt lat="-13.791678428649902" lon="32.932159423828125">
        <ele>1183.1</ele>
    </trkpt>
    <trkpt lat="-13.791340827941895" lon="32.930961608886719">
        <ele>1184.9</ele>
    </trkpt>
    <trkpt lat="-13.791070938110352" lon="32.929763793945312">
        <ele>1186.0</ele>
    </trkpt>
    <trkpt lat="-13.790862083435059" lon="32.928695678710938">
        <ele>1185.8</ele>
    </trkpt>
    <trkpt lat="-13.790670394897461" lon="32.927574157714844">
        <ele>1186.1</ele>
    </trkpt>
    <trkpt lat="-13.790559768676758" lon="32.926471710205078">
        <ele>1185.0</ele>
    </trkpt>
    <trkpt lat="-13.790505409240723" lon="32.925327301025391">
        <ele>1184.8</ele>
    </trkpt>
    <trkpt lat="-13.790449142456055" lon="32.924270629882812">
        <ele>1182.6</ele>
    </trkpt>
    <trkpt lat="-13.790422439575195" lon="32.923255920410156">
        <ele>1178.3</ele>
    </trkpt>
    <trkpt lat="-13.790372848510742" lon="32.922313690185547">
        <ele>1177.1</ele>
    </trkpt>
    <trkpt lat="-13.790350914001465" lon="32.921329498291016">
        <ele>1175.1</ele>
    </trkpt>
    <trkpt lat="-13.790287017822266" lon="32.920234680175781">
        <ele>1171.3</ele>
    </trkpt>
    <trkpt lat="-13.790225982666016" lon="32.919055938720703">
        <ele>1170.5</ele>
    </trkpt>
    <trkpt lat="-13.790153503417969" lon="32.917858123779297">
        <ele>1173.0</ele>
    </trkpt>
    <trkpt lat="-13.790093421936035" lon="32.916675567626953">
        <ele>1172.7</ele>
    </trkpt>
    <trkpt lat="-13.790069580078125" lon="32.915477752685547">
        <ele>1174.0</ele>
    </trkpt>
    <trkpt lat="-13.790020942687988" lon="32.914264678955078">
        <ele>1180.0</ele>
    </trkpt>
    <trkpt lat="-13.789952278137207" lon="32.913116455078125">
        <ele>1183.8</ele>
    </trkpt>
    <trkpt lat="-13.78990650177002" lon="32.911983489990234">
        <ele>1186.2</ele>
    </trkpt>
    <trkpt lat="-13.789848327636719" lon="32.910938262939453">
        <ele>1189.2</ele>
    </trkpt>
    <trkpt lat="-13.789774894714355" lon="32.909881591796875">
        <ele>1189.9</ele>
    </trkpt>
    <trkpt lat="-13.789730072021484" lon="32.908798217773438">
        <ele>1192.5</ele>
    </trkpt>
    <trkpt lat="-13.789690017700195" lon="32.907707214355469">
        <ele>1193.5</ele>
    </trkpt>
    <trkpt lat="-13.789623260498047" lon="32.906612396240234">
        <ele>1195.5</ele>
    </trkpt>
    <trkpt lat="-13.789591789245605" lon="32.905517578125">
        <ele>1194.4</ele>
    </trkpt>
    <trkpt lat="-13.789544105529785" lon="32.904499053955078">
        <ele>1193.7</ele>
    </trkpt>
    <trkpt lat="-13.789484024047852" lon="32.903514862060547">
        <ele>1193.2</ele>
    </trkpt>
    <trkpt lat="-13.789492607116699" lon="32.902576446533203">
        <ele>1193.0</ele>
    </trkpt>
    <trkpt lat="-13.789577484130859" lon="32.901729583740234">
        <ele>1193.9</ele>
    </trkpt>
    <trkpt lat="-13.789760589599609" lon="32.90087890625">
        <ele>1193.8</ele>
    </trkpt>
    <trkpt lat="-13.789994239807129" lon="32.900009155273438">
        <ele>1195.5</ele>
    </trkpt>
    <trkpt lat="-13.790305137634277" lon="32.899158477783203">
        <ele>1195.2</ele>
    </trkpt>
    <trkpt lat="-13.790656089782715" lon="32.898422241210938">
        <ele>1193.4</ele>
    </trkpt>
    <trkpt lat="-13.791118621826172" lon="32.897613525390625">
        <ele>1194.0</ele>
    </trkpt>
    <trkpt lat="-13.79167652130127" lon="32.896793365478516">
        <ele>1194.8</ele>
    </trkpt>
    <trkpt lat="-13.792221069335938" lon="32.89599609375">
        <ele>1197.4</ele>
    </trkpt>
    <trkpt lat="-13.792695045471191" lon="32.895282745361328">
        <ele>1198.3</ele>
    </trkpt>
    <trkpt lat="-13.793180465698242" lon="32.894603729248047">
        <ele>1200.5</ele>
    </trkpt>
    <trkpt lat="-13.793529510498047" lon="32.894069671630859">
        <ele>1202.2</ele>
    </trkpt>
    <trkpt lat="-13.793661117553711" lon="32.893867492675781">
        <ele>1203.6</ele>
    </trkpt>
    <trkpt lat="-13.793912887573242" lon="32.89349365234375">
        <ele>1204.9</ele>
    </trkpt>
    <trkpt lat="-13.794323921203613" lon="32.892902374267578">
        <ele>1205.9</ele>
    </trkpt>
    <trkpt lat="-13.794723510742188" lon="32.892318725585938">
        <ele>1206.7</ele>
    </trkpt>
    <trkpt lat="-13.795108795166016" lon="32.891765594482422">
        <ele>1205.9</ele>
    </trkpt>
    <trkpt lat="-13.795466423034668" lon="32.891239166259766">
        <ele>1205.8</ele>
    </trkpt>
    <trkpt lat="-13.795753479003906" lon="32.890819549560547">
        <ele>1205.8</ele>
    </trkpt>
    <trkpt lat="-13.79582691192627" lon="32.890659332275391">
        <ele>1206.7</ele>
    </trkpt>
    <trkpt lat="-13.79593563079834" lon="32.890529632568359">
        <ele>1206.4</ele>
    </trkpt>
    <trkpt lat="-13.796022415161133" lon="32.890430450439453">
        <ele>1205.5</ele>
    </trkpt>
    <trkpt lat="-13.796294212341309" lon="32.890010833740234">
        <ele>1206.6</ele>
    </trkpt>
    <trkpt lat="-13.79655647277832" lon="32.889617919921875">
        <ele>1208.4</ele>
    </trkpt>
    <trkpt lat="-13.796832084655762" lon="32.88922119140625">
        <ele>1208.0</ele>
    </trkpt>
    <trkpt lat="-13.797236442565918" lon="32.888832092285156">
        <ele>1208.5</ele>
    </trkpt>
    <trkpt lat="-13.797698020935059" lon="32.888591766357422">
        <ele>1209.6</ele>
    </trkpt>
    <trkpt lat="-13.798331260681152" lon="32.888381958007812">
        <ele>1208.9</ele>
    </trkpt>
    <trkpt lat="-13.799017906188965" lon="32.888172149658203">
        <ele>1210.0</ele>
    </trkpt>
    <trkpt lat="-13.799587249755859" lon="32.887992858886719">
        <ele>1210.0</ele>
    </trkpt>
    <trkpt lat="-13.800079345703125" lon="32.887844085693359">
        <ele>1209.8</ele>
    </trkpt>
    <trkpt lat="-13.800538063049316" lon="32.887699127197266">
        <ele>1207.0</ele>
    </trkpt>
    <trkpt lat="-13.801081657409668" lon="32.887519836425781">
        <ele>1207.5</ele>
    </trkpt>
    <trkpt lat="-13.801616668701172" lon="32.887321472167969">
        <ele>1206.7</ele>
    </trkpt>
    <trkpt lat="-13.802126884460449" lon="32.886878967285156">
        <ele>1204.7</ele>
    </trkpt>
    <trkpt lat="-13.80250072479248" lon="32.886207580566406">
        <ele>1200.2</ele>
    </trkpt>
    <trkpt lat="-13.802623748779297" lon="32.885459899902344">
        <ele>1194.6</ele>
    </trkpt>
    <trkpt lat="-13.802550315856934" lon="32.885028839111328">
        <ele>1191.0</ele>
    </trkpt>
    <trkpt lat="-13.802384376525879" lon="32.884262084960938">
        <ele>1185.8</ele>
    </trkpt>
    <trkpt lat="-13.802209854125977" lon="32.883419036865234">
        <ele>1182.3</ele>
    </trkpt>
    <trkpt lat="-13.802087783813477" lon="32.882808685302734">
        <ele>1181.7</ele>
    </trkpt>
    <trkpt lat="-13.801943778991699" lon="32.882106781005859">
        <ele>1181.9</ele>
    </trkpt>
    <trkpt lat="-13.801752090454102" lon="32.881214141845703">
        <ele>1186.4</ele>
    </trkpt>
    <trkpt lat="-13.801540374755859" lon="32.880199432373047">
        <ele>1190.8</ele>
    </trkpt>
    <trkpt lat="-13.801313400268555" lon="32.879135131835938">
        <ele>1196.0</ele>
    </trkpt>
    <trkpt lat="-13.801068305969238" lon="32.878288269042969">
        <ele>1199.7</ele>
    </trkpt>
    <trkpt lat="-13.800761222839355" lon="32.877639770507812">
        <ele>1200.2</ele>
    </trkpt>
    <trkpt lat="-13.800371170043945" lon="32.876861572265625">
        <ele>1201.5</ele>
    </trkpt>
    <trkpt lat="-13.799891471862793" lon="32.875999450683594">
        <ele>1203.8</ele>
    </trkpt>
    <trkpt lat="-13.799394607543945" lon="32.875095367431641">
        <ele>1205.3</ele>
    </trkpt>
    <trkpt lat="-13.798877716064453" lon="32.874187469482422">
        <ele>1207.1</ele>
    </trkpt>
    <trkpt lat="-13.79839038848877" lon="32.873237609863281">
        <ele>1208.1</ele>
    </trkpt>
    <trkpt lat="-13.798002243041992" lon="32.872341156005859">
        <ele>1211.6</ele>
    </trkpt>
    <trkpt lat="-13.797764778137207" lon="32.871536254882812">
        <ele>1213.8</ele>
    </trkpt>
    <trkpt lat="-13.797601699829102" lon="32.870956420898438">
        <ele>1213.6</ele>
    </trkpt>
    <trkpt lat="-13.797464370727539" lon="32.870567321777344">
        <ele>1214.2</ele>
    </trkpt>
    <trkpt lat="-13.797295570373535" lon="32.870002746582031">
        <ele>1216.1</ele>
    </trkpt>
    <trkpt lat="-13.797120094299316" lon="32.869453430175781">
        <ele>1215.9</ele>
    </trkpt>
    <trkpt lat="-13.796931266784668" lon="32.868812561035156">
        <ele>1216.2</ele>
    </trkpt>
    <trkpt lat="-13.796684265136719" lon="32.867992401123047">
        <ele>1216.9</ele>
    </trkpt>
    <trkpt lat="-13.796381950378418" lon="32.867061614990234">
        <ele>1219.3</ele>
    </trkpt>
    <trkpt lat="-13.796053886413574" lon="32.866016387939453">
        <ele>1221.1</ele>
    </trkpt>
    <trkpt lat="-13.79572868347168" lon="32.864936828613281">
        <ele>1220.6</ele>
    </trkpt>
    <trkpt lat="-13.795392036437988" lon="32.863872528076172">
        <ele>1220.5</ele>
    </trkpt>
    <trkpt lat="-13.79509162902832" lon="32.862895965576172">
        <ele>1220.8</ele>
    </trkpt>
    <trkpt lat="-13.794802665710449" lon="32.861980438232422">
        <ele>1218.9</ele>
    </trkpt>
    <trkpt lat="-13.794553756713867" lon="32.861213684082031">
        <ele>1217.0</ele>
    </trkpt>
    <trkpt lat="-13.794381141662598" lon="32.860664367675781">
        <ele>1216.1</ele>
    </trkpt>
    <trkpt lat="-13.794282913208008" lon="32.860324859619141">
        <ele>1215.5</ele>
    </trkpt>
    <trkpt lat="-13.794227600097656" lon="32.860145568847656">
        <ele>1215.2</ele>
    </trkpt>
    <trkpt lat="-13.794139862060547" lon="32.859920501708984">
        <ele>1214.2</ele>
    </trkpt>
    <trkpt lat="-13.794000625610352" lon="32.859424591064453">
        <ele>1212.5</ele>
    </trkpt>
    <trkpt lat="-13.793757438659668" lon="32.858680725097656">
        <ele>1212.8</ele>
    </trkpt>
    <trkpt lat="-13.793422698974609" lon="32.857669830322266">
        <ele>1211.6</ele>
    </trkpt>
    <trkpt lat="-13.793075561523438" lon="32.856475830078125">
        <ele>1211.0</ele>
    </trkpt>
    <trkpt lat="-13.79268741607666" lon="32.855216979980469">
        <ele>1210.7</ele>
    </trkpt>
    <trkpt lat="-13.792312622070312" lon="32.853973388671875">
        <ele>1210.0</ele>
    </trkpt>
    <trkpt lat="-13.791934013366699" lon="32.852752685546875">
        <ele>1211.1</ele>
    </trkpt>
    <trkpt lat="-13.791526794433594" lon="32.851490020751953">
        <ele>1215.0</ele>
    </trkpt>
    <trkpt lat="-13.79112720489502" lon="32.850185394287109">
        <ele>1217.1</ele>
    </trkpt>
    <trkpt lat="-13.790718078613281" lon="32.848880767822266">
        <ele>1221.0</ele>
    </trkpt>
    <trkpt lat="-13.79032039642334" lon="32.847602844238281">
        <ele>1224.7</ele>
    </trkpt>
    <trkpt lat="-13.7899169921875" lon="32.8463134765625">
        <ele>1225.5</ele>
    </trkpt>
    <trkpt lat="-13.789515495300293" lon="32.844989776611328">
        <ele>1225.1</ele>
    </trkpt>
    <trkpt lat="-13.789092063903809" lon="32.843650817871094">
        <ele>1227.0</ele>
    </trkpt>
    <trkpt lat="-13.788673400878906" lon="32.84234619140625">
        <ele>1228.2</ele>
    </trkpt>
    <trkpt lat="-13.788269996643066" lon="32.841060638427734">
        <ele>1230.7</ele>
    </trkpt>
    <trkpt lat="-13.787888526916504" lon="32.839763641357422">
        <ele>1231.3</ele>
    </trkpt>
    <trkpt lat="-13.78746223449707" lon="32.838504791259766">
        <ele>1233.4</ele>
    </trkpt>
    <trkpt lat="-13.787088394165039" lon="32.837226867675781">
        <ele>1234.5</ele>
    </trkpt>
    <trkpt lat="-13.786684036254883" lon="32.835975646972656">
        <ele>1236.4</ele>
    </trkpt>
    <trkpt lat="-13.78632926940918" lon="32.83477783203125">
        <ele>1238.4</ele>
    </trkpt>
    <trkpt lat="-13.78596305847168" lon="32.833602905273438">
        <ele>1242.0</ele>
    </trkpt>
    <trkpt lat="-13.785589218139648" lon="32.832466125488281">
        <ele>1245.2</ele>
    </trkpt>
    <trkpt lat="-13.785133361816406" lon="32.831386566162109">
        <ele>1244.5</ele>
    </trkpt>
    <trkpt lat="-13.784482955932617" lon="32.830410003662109">
        <ele>1244.7</ele>
    </trkpt>
    <trkpt lat="-13.783617973327637" lon="32.829608917236328">
        <ele>1243.2</ele>
    </trkpt>
    <trkpt lat="-13.782611846923828" lon="32.829021453857422">
        <ele>1242.6</ele>
    </trkpt>
    <trkpt lat="-13.781682968139648" lon="32.828609466552734">
        <ele>1243.6</ele>
    </trkpt>
    <trkpt lat="-13.780811309814453" lon="32.828193664550781">
        <ele>1243.4</ele>
    </trkpt>
    <trkpt lat="-13.779848098754883" lon="32.827743530273438">
        <ele>1246.0</ele>
    </trkpt>
    <trkpt lat="-13.778902053833008" lon="32.827308654785156">
        <ele>1248.5</ele>
    </trkpt>
    <trkpt lat="-13.777915000915527" lon="32.826847076416016">
        <ele>1248.7</ele>
    </trkpt>
    <trkpt lat="-13.776925086975098" lon="32.826412200927734">
        <ele>1251.4</ele>
    </trkpt>
    <trkpt lat="-13.775907516479492" lon="32.825958251953125">
        <ele>1251.8</ele>
    </trkpt>
    <trkpt lat="-13.774874687194824" lon="32.825496673583984">
        <ele>1252.2</ele>
    </trkpt>
    <trkpt lat="-13.77387809753418" lon="32.825027465820312">
        <ele>1252.4</ele>
    </trkpt>
    <trkpt lat="-13.772879600524902" lon="32.824501037597656">
        <ele>1253.3</ele>
    </trkpt>
    <trkpt lat="-13.771977424621582" lon="32.823707580566406">
        <ele>1252.2</ele>
    </trkpt>
    <trkpt lat="-13.771249771118164" lon="32.822715759277344">
        <ele>1255.7</ele>
    </trkpt>
    <trkpt lat="-13.770635604858398" lon="32.821617126464844">
        <ele>1259.2</ele>
    </trkpt>
    <trkpt lat="-13.770015716552734" lon="32.82049560546875">
        <ele>1264.7</ele>
    </trkpt>
    <trkpt lat="-13.769420623779297" lon="32.819454193115234">
        <ele>1268.1</ele>
    </trkpt>
    <trkpt lat="-13.768871307373047" lon="32.818473815917969">
        <ele>1272.5</ele>
    </trkpt>
    <trkpt lat="-13.768333435058594" lon="32.817497253417969">
        <ele>1275.9</ele>
    </trkpt>
    <trkpt lat="-13.767894744873047" lon="32.816780090332031">
        <ele>1278.2</ele>
    </trkpt>
    <trkpt lat="-13.767475128173828" lon="32.816181182861328">
        <ele>1277.9</ele>
    </trkpt>
    <trkpt lat="-13.766857147216797" lon="32.815471649169922">
        <ele>1279.6</ele>
    </trkpt>
    <trkpt lat="-13.766158103942871" lon="32.814830780029297">
        <ele>1279.4</ele>
    </trkpt>
    <trkpt lat="-13.765475273132324" lon="32.814338684082031">
        <ele>1280.6</ele>
    </trkpt>
    <trkpt lat="-13.764687538146973" lon="32.813747406005859">
        <ele>1282.4</ele>
    </trkpt>
    <trkpt lat="-13.76384449005127" lon="32.813114166259766">
        <ele>1285.8</ele>
    </trkpt>
    <trkpt lat="-13.763036727905273" lon="32.812511444091797">
        <ele>1290.2</ele>
    </trkpt>
    <trkpt lat="-13.762223243713379" lon="32.811901092529297">
        <ele>1292.6</ele>
    </trkpt>
    <trkpt lat="-13.761415481567383" lon="32.811290740966797">
        <ele>1294.5</ele>
    </trkpt>
    <trkpt lat="-13.760629653930664" lon="32.810703277587891">
        <ele>1297.0</ele>
    </trkpt>
    <trkpt lat="-13.759873390197754" lon="32.81011962890625">
        <ele>1297.6</ele>
    </trkpt>
    <trkpt lat="-13.759169578552246" lon="32.809444427490234">
        <ele>1298.5</ele>
    </trkpt>
    <trkpt lat="-13.758504867553711" lon="32.808708190917969">
        <ele>1298.5</ele>
    </trkpt>
    <trkpt lat="-13.757798194885254" lon="32.807918548583984">
        <ele>1296.4</ele>
    </trkpt>
    <trkpt lat="-13.757108688354492" lon="32.807144165039062">
        <ele>1294.5</ele>
    </trkpt>
    <trkpt lat="-13.756446838378906" lon="32.806365966796875">
        <ele>1292.2</ele>
    </trkpt>
    <trkpt lat="-13.75596809387207" lon="32.805561065673828">
        <ele>1290.3</ele>
    </trkpt>
    <trkpt lat="-13.755768775939941" lon="32.804813385009766">
        <ele>1288.6</ele>
    </trkpt>
    <trkpt lat="-13.755681037902832" lon="32.804039001464844">
        <ele>1289.5</ele>
    </trkpt>
    <trkpt lat="-13.755605697631836" lon="32.803264617919922">
        <ele>1288.9</ele>
    </trkpt>
    <trkpt lat="-13.75553035736084" lon="32.802597045898438">
        <ele>1291.8</ele>
    </trkpt>
    <trkpt lat="-13.755365371704102" lon="32.801998138427734">
        <ele>1293.9</ele>
    </trkpt>
    <trkpt lat="-13.755133628845215" lon="32.801414489746094">
        <ele>1295.6</ele>
    </trkpt>
    <trkpt lat="-13.755014419555664" lon="32.8011474609375">
        <ele>1295.6</ele>
    </trkpt>
    <trkpt lat="-13.754831314086914" lon="32.800754547119141">
        <ele>1296.9</ele>
    </trkpt>
    <trkpt lat="-13.754619598388672" lon="32.800308227539062">
        <ele>1299.3</ele>
    </trkpt>
    <trkpt lat="-13.754422187805176" lon="32.799877166748047">
        <ele>1299.7</ele>
    </trkpt>
    <trkpt lat="-13.754326820373535" lon="32.799686431884766">
        <ele>1299.2</ele>
    </trkpt>
    <trkpt lat="-13.754237174987793" lon="32.799514770507812">
        <ele>1298.8</ele>
    </trkpt>
    <trkpt lat="-13.754103660583496" lon="32.799247741699219">
        <ele>1299.6</ele>
    </trkpt>
    <trkpt lat="-13.753931999206543" lon="32.798828125">
        <ele>1302.3</ele>
    </trkpt>
    <trkpt lat="-13.753767967224121" lon="32.798408508300781">
        <ele>1304.7</ele>
    </trkpt>
    <trkpt lat="-13.753558158874512" lon="32.798030853271484">
        <ele>1304.5</ele>
    </trkpt>
    <trkpt lat="-13.753389358520508" lon="32.797710418701172">
        <ele>1305.8</ele>
    </trkpt>
    <trkpt lat="-13.753291130065918" lon="32.797542572021484">
        <ele>1307.4</ele>
    </trkpt>
    <trkpt lat="-13.753246307373047" lon="32.797508239746094">
        <ele>1307.7</ele>
    </trkpt>
    <trkpt lat="-13.75302791595459" lon="32.797271728515625">
        <ele>1307.3</ele>
    </trkpt>
    <trkpt lat="-13.752712249755859" lon="32.79693603515625">
        <ele>1307.8</ele>
    </trkpt>
    <trkpt lat="-13.752482414245605" lon="32.796741485595703">
        <ele>1308.1</ele>
    </trkpt>
    <trkpt lat="-13.752286055781305" lon="32.79663094305284">
        <ele>1307.566193551318065</ele>
    </trkpt>
    <trkpt lat="-13.751915034177859" lon="32.796399577040731">
        <ele>0.0</ele>
    </trkpt>
    <trkpt lat="-13.750841044470242" lon="32.795959163995164">
        <ele>0.0</ele>
    </trkpt>
    <trkpt lat="-13.749452198067763" lon="32.79545307531999">
        <ele>0.0</ele>
    </trkpt>
    <trkpt lat="-13.74895383593725" lon="32.795250253522696">
        <ele>0.0</ele>
    </trkpt>
    <trkpt lat="-13.748371407176929" lon="32.795011185003261">
        <ele>1299.227793</ele>
    </trkpt>
    <trkpt lat="-13.74825382232666" lon="32.794952392578125">
        <ele>1298.5</ele>
    </trkpt>
    <trkpt lat="-13.747868537902832" lon="32.794780731201172">
        <ele>1301.5</ele>
    </trkpt>
    <trkpt lat="-13.747505187988281" lon="32.794643402099609">
        <ele>1301.2</ele>
    </trkpt>
    <trkpt lat="-13.747100830078125" lon="32.79449462890625">
        <ele>1300.8</ele>
    </trkpt>
    <trkpt lat="-13.746622085571289" lon="32.794296264648438">
        <ele>1299.6</ele>
    </trkpt>
    <trkpt lat="-13.746062278747559" lon="32.794082641601562">
        <ele>1299.1</ele>
    </trkpt>
    <trkpt lat="-13.745467185974121" lon="32.793846130371094">
        <ele>1296.8</ele>
    </trkpt>
    <trkpt lat="-13.744844436645508" lon="32.793594360351562">
        <ele>1295.2</ele>
    </trkpt>
    <trkpt lat="-13.744195938110352" lon="32.793338775634766">
        <ele>1292.8</ele>
    </trkpt>
    <trkpt lat="-13.743581771850586" lon="32.792972564697266">
        <ele>1289.5</ele>
    </trkpt>
    <trkpt lat="-13.743026733398438" lon="32.792503356933594">
        <ele>1287.7</ele>
    </trkpt>
    <trkpt lat="-13.742473602294922" lon="32.791969299316406">
        <ele>1284.8</ele>
    </trkpt>
    <trkpt lat="-13.741880416870117" lon="32.791400909423828">
        <ele>1281.5</ele>
    </trkpt>
    <trkpt lat="-13.741239547729492" lon="32.790802001953125">
        <ele>1278.3</ele>
    </trkpt>
    <trkpt lat="-13.740579605102539" lon="32.790199279785156">
        <ele>1276.7</ele>
    </trkpt>
    <trkpt lat="-13.739932060241699" lon="32.789596557617188">
        <ele>1275.5</ele>
    </trkpt>
    <trkpt lat="-13.739304542541504" lon="32.789009094238281">
        <ele>1273.5</ele>
    </trkpt>
    <trkpt lat="-13.738677024841309" lon="32.788436889648438">
        <ele>1273.0</ele>
    </trkpt>
    <trkpt lat="-13.738055229187012" lon="32.787860870361328">
        <ele>1271.7</ele>
    </trkpt>
    <trkpt lat="-13.737428665161133" lon="32.787281036376953">
        <ele>1271.5</ele>
    </trkpt>
    <trkpt lat="-13.736843109130859" lon="32.786724090576172">
        <ele>1270.4</ele>
    </trkpt>
    <trkpt lat="-13.736303329467773" lon="32.786220550537109">
        <ele>1270.6</ele>
    </trkpt>
    <trkpt lat="-13.735836982727051" lon="32.785667419433594">
        <ele>1271.0</ele>
    </trkpt>
    <trkpt lat="-13.735451698303223" lon="32.784946441650391">
        <ele>1271.0</ele>
    </trkpt>
    <trkpt lat="-13.735237121582031" lon="32.784294128417969">
        <ele>1272.0</ele>
    </trkpt>
    <trkpt lat="-13.735098838806152" lon="32.783649444580078">
        <ele>1273.9</ele>
    </trkpt>
    <trkpt lat="-13.735012054443359" lon="32.783206939697266">
        <ele>1274.9</ele>
    </trkpt>
    <trkpt lat="-13.734949111938477" lon="32.782871246337891">
        <ele>1274.8</ele>
    </trkpt>
    <trkpt lat="-13.73482608795166" lon="32.78228759765625">
        <ele>1274.4</ele>
    </trkpt>
    <trkpt lat="-13.734776496887207" lon="32.782077789306641">
        <ele>1273.5</ele>
    </trkpt>
    <trkpt lat="-13.734697341918945" lon="32.781715393066406">
        <ele>1272.9</ele>
    </trkpt>
    <trkpt lat="-13.734628677368164" lon="32.781330108642578">
        <ele>1272.8</ele>
    </trkpt>
    <trkpt lat="-13.734553337097168" lon="32.780979156494141">
        <ele>1273.3</ele>
    </trkpt>
    <trkpt lat="-13.734445571899414" lon="32.780483245849609">
        <ele>1272.2</ele>
    </trkpt>
    <trkpt lat="-13.73430347442627" lon="32.77978515625">
        <ele>1270.3</ele>
    </trkpt>
    <trkpt lat="-13.734161376953125" lon="32.779056549072266">
        <ele>1267.8</ele>
    </trkpt>
    <trkpt lat="-13.733999252319336" lon="32.778274536132812">
        <ele>1265.2</ele>
    </trkpt>
    <trkpt lat="-13.733827590942383" lon="32.777427673339844">
        <ele>1262.8</ele>
    </trkpt>
    <trkpt lat="-13.733652114868164" lon="32.776519775390625">
        <ele>1260.5</ele>
    </trkpt>
    <trkpt lat="-13.733463287353516" lon="32.775588989257812">
        <ele>1258.1</ele>
    </trkpt>
    <trkpt lat="-13.733274459838867" lon="32.774650573730469">
        <ele>1255.9</ele>
    </trkpt>
    <trkpt lat="-13.733081817626953" lon="32.773696899414062">
        <ele>1254.2</ele>
    </trkpt>
    <trkpt lat="-13.732892036437988" lon="32.772739410400391">
        <ele>1252.1</ele>
    </trkpt>
    <trkpt lat="-13.732697486877441" lon="32.771793365478516">
        <ele>1250.2</ele>
    </trkpt>
    <trkpt lat="-13.732504844665527" lon="32.770851135253906">
        <ele>1247.0</ele>
    </trkpt>
    <trkpt lat="-13.732314109802246" lon="32.769893646240234">
        <ele>1242.5</ele>
    </trkpt>
    <trkpt lat="-13.732142448425293" lon="32.769062042236328">
        <ele>1238.4</ele>
    </trkpt>
    <trkpt lat="-13.731992721557617" lon="32.768306732177734">
        <ele>1233.2</ele>
    </trkpt>
    <trkpt lat="-13.731840133666992" lon="32.767555236816406">
        <ele>1229.6</ele>
    </trkpt>
    <trkpt lat="-13.731697082519531" lon="32.766876220703125">
        <ele>1227.5</ele>
    </trkpt>
    <trkpt lat="-13.731610298156738" lon="32.766426086425781">
        <ele>1226.0</ele>
    </trkpt>
    <trkpt lat="-13.731533050537109" lon="32.766036987304688">
        <ele>1225.0</ele>
    </trkpt>
    <trkpt lat="-13.731424331665039" lon="32.765483856201172">
        <ele>1223.8</ele>
    </trkpt>
    <trkpt lat="-13.731244087219238" lon="32.764827728271484">
        <ele>1223.3</ele>
    </trkpt>
    <trkpt lat="-13.730989456176758" lon="32.764083862304688">
        <ele>1223.2</ele>
    </trkpt>
    <trkpt lat="-13.730647087097168" lon="32.763332366943359">
        <ele>1223.3</ele>
    </trkpt>
    <trkpt lat="-13.730212211608887" lon="32.762596130371094">
        <ele>1221.0</ele>
    </trkpt>
    <trkpt lat="-13.72976016998291" lon="32.761856079101562">
        <ele>1219.5</ele>
    </trkpt>
    <trkpt lat="-13.729279518127441" lon="32.761062622070312">
        <ele>1219.1</ele>
    </trkpt>
    <trkpt lat="-13.728775978088379" lon="32.760219573974609">
        <ele>1218.9</ele>
    </trkpt>
    <trkpt lat="-13.728249549865723" lon="32.759365081787109">
        <ele>1218.8</ele>
    </trkpt>
    <trkpt lat="-13.72773265838623" lon="32.758514404296875">
        <ele>1218.0</ele>
    </trkpt>
    <trkpt lat="-13.727207183837891" lon="32.757705688476562">
        <ele>1212.1</ele>
    </trkpt>
    <trkpt lat="-13.726600646972656" lon="32.756965637207031">
        <ele>1212.4</ele>
    </trkpt>
    <trkpt lat="-13.72591495513916" lon="32.756332397460938">
        <ele>1209.8</ele>
    </trkpt>
    <trkpt lat="-13.725159645080566" lon="32.755764007568359">
        <ele>1207.8</ele>
    </trkpt>
    <trkpt lat="-13.724371910095215" lon="32.755233764648438">
        <ele>1205.3</ele>
    </trkpt>
    <trkpt lat="-13.723583221435547" lon="32.754692077636719">
        <ele>1203.0</ele>
    </trkpt>
    <trkpt lat="-13.722795486450195" lon="32.754177093505859">
        <ele>1201.0</ele>
    </trkpt>
    <trkpt lat="-13.721978187561035" lon="32.753749847412109">
        <ele>1199.0</ele>
    </trkpt>
    <trkpt lat="-13.721146583557129" lon="32.753383636474609">
        <ele>1196.3</ele>
    </trkpt>
    <trkpt lat="-13.720340728759766" lon="32.753032684326172">
        <ele>1195.0</ele>
    </trkpt>
    <trkpt lat="-13.719533920288086" lon="32.752674102783203">
        <ele>1195.4</ele>
    </trkpt>
    <trkpt lat="-13.718788146972656" lon="32.752346038818359">
        <ele>1196.0</ele>
    </trkpt>
    <trkpt lat="-13.717976570129395" lon="32.751998901367188">
        <ele>1196.2</ele>
    </trkpt>
    <trkpt lat="-13.717205047607422" lon="32.751659393310547">
        <ele>1196.2</ele>
    </trkpt>
    <trkpt lat="-13.716730117797852" lon="32.751441955566406">
        <ele>1195.3</ele>
    </trkpt>
    <trkpt lat="-13.716034889221191" lon="32.751136779785156">
        <ele>1194.4</ele>
    </trkpt>
    <trkpt lat="-13.715249061584473" lon="32.75067138671875">
        <ele>1193.5</ele>
    </trkpt>
    <trkpt lat="-13.714512825012207" lon="32.750030517578125">
        <ele>1192.6</ele>
    </trkpt>
    <trkpt lat="-13.713794708251953" lon="32.749340057373047">
        <ele>1191.8</ele>
    </trkpt>
    <trkpt lat="-13.713257789611816" lon="32.748821258544922">
        <ele>1190.9</ele>
    </trkpt>
    <trkpt lat="-13.712808609008789" lon="32.748397827148438">
        <ele>1189.8</ele>
    </trkpt>
    <trkpt lat="-13.712150573730469" lon="32.747768402099609">
        <ele>1189.7</ele>
    </trkpt>
    <trkpt lat="-13.711453437805176" lon="32.747100830078125">
        <ele>1187.9</ele>
    </trkpt>
    <trkpt lat="-13.710755348205566" lon="32.746429443359375">
        <ele>1187.7</ele>
    </trkpt>
    <trkpt lat="-13.710005760192871" lon="32.745712280273438">
        <ele>1188.7</ele>
    </trkpt>
    <trkpt lat="-13.709271430969238" lon="32.745010375976562">
        <ele>1189.5</ele>
    </trkpt>
    <trkpt lat="-13.708587646484375" lon="32.744361877441406">
        <ele>1191.2</ele>
    </trkpt>
    <trkpt lat="-13.707891464233398" lon="32.743690490722656">
        <ele>1191.9</ele>
    </trkpt>
    <trkpt lat="-13.707148551940918" lon="32.742977142333984">
        <ele>1190.8</ele>
    </trkpt>
    <trkpt lat="-13.706486701965332" lon="32.742267608642578">
        <ele>1189.9</ele>
    </trkpt>
    <trkpt lat="-13.705997467041016" lon="32.741420745849609">
        <ele>1186.0</ele>
    </trkpt>
    <trkpt lat="-13.705604553222656" lon="32.740512847900391">
        <ele>1183.0</ele>
    </trkpt>
    <trkpt lat="-13.705185890197754" lon="32.739547729492188">
        <ele>1178.5</ele>
    </trkpt>
    <trkpt lat="-13.704726219177246" lon="32.738521575927734">
        <ele>1177.9</ele>
    </trkpt>
    <trkpt lat="-13.704262733459473" lon="32.737503051757812">
        <ele>1182.5</ele>
    </trkpt>
    <trkpt lat="-13.703813552856445" lon="32.736495971679688">
        <ele>1186.7</ele>
    </trkpt>
    <trkpt lat="-13.703350067138672" lon="32.735469818115234">
        <ele>1193.1</ele>
    </trkpt>
    <trkpt lat="-13.702903747558594" lon="32.734466552734375">
        <ele>1198.3</ele>
    </trkpt>
    <trkpt lat="-13.702488899230957" lon="32.733551025390625">
        <ele>1200.6</ele>
    </trkpt>
    <trkpt lat="-13.702139854431152" lon="32.732757568359375">
        <ele>1201.3</ele>
    </trkpt>
    <trkpt lat="-13.70196533203125" lon="32.732303619384766">
        <ele>1201.8</ele>
    </trkpt>
    <trkpt lat="-13.702035903930664" lon="32.732120513916016">
        <ele>1200.8</ele>
    </trkpt>
    <trkpt lat="-13.702076798594556" lon="32.732076179514038">
        <ele>1200.958280657393061</ele>
    </trkpt>
  </trkseg>
</trk>
</gpx>
