{
"type": "FeatureCollection",
"name": "route4",
"crs": { "type": "name", "properties": { "name": "urn:ogc:def:crs:OGC:1.3:CRS84" } },
"features": [
{ "type": "Feature", "properties": { "name": "Lilongwe-RobinsHouse", "cmt": null, "desc": null, "src": null, "link1_href": null, "link1_text": null, "link1_type": null, "link2_href": null, "link2_text": null, "link2_type": null, "number": null, "type": null }, "geometry": { "type": "MultiLineString", "coordinates": [ [ [ 32.732076179514038, -13.702076798594556, 1200.958280657393061 ], [ 32.732109069824219, -13.701956748962402, 1201.0 ], [ 32.732044219970703, -13.701839447021484, 1200.7 ], [ 32.731849670410156, -13.701723098754883, 1202.0 ], [ 32.731502532958984, -13.701577186584473, 1201.7 ], [ 32.731319427490234, -13.701494216918945, 1200.7 ], [ 32.731258392333984, -13.701471328735352, 1199.3 ], [ 32.731197357177734, -13.70143985748291, 1198.3 ], [ 32.731105804443359, -13.701389312744141, 1198.4 ], [ 32.731044769287109, -13.701352119445801, 1198.2 ], [ 32.730770111083984, -13.701237678527832, 1198.4 ], [ 32.730300903320312, -13.701019287109375, 1198.8 ], [ 32.729640960693359, -13.700726509094238, 1197.7 ], [ 32.728858947753906, -13.700380325317383, 1197.7 ], [ 32.72796630859375, -13.699984550476074, 1197.9 ], [ 32.727062225341797, -13.699572563171387, 1197.9 ], [ 32.726173400878906, -13.699176788330078, 1198.5 ], [ 32.725223541259766, -13.698748588562012, 1197.0 ], [ 32.724216461181641, -13.698296546936035, 1192.8 ], [ 32.723155975341797, -13.697818756103516, 1189.1 ], [ 32.722091674804688, -13.697338104248047, 1185.3 ], [ 32.721054077148438, -13.696876525878906, 1181.0 ], [ 32.719985961914062, -13.696395874023438, 1177.0 ], [ 32.718856811523438, -13.695883750915527, 1172.1 ], [ 32.717723846435547, -13.69536304473877, 1167.3 ], [ 32.716583251953125, -13.694863319396973, 1162.3 ], [ 32.715461730957031, -13.694337844848633, 1158.8 ], [ 32.714443206787109, -13.693608283996582, 1158.9 ], [ 32.713558197021484, -13.692696571350098, 1161.0 ], [ 32.712677001953125, -13.691814422607422, 1160.1 ], [ 32.711803436279297, -13.69092845916748, 1158.0 ], [ 32.710849761962891, -13.690102577209473, 1158.1 ], [ 32.709640502929688, -13.689532279968262, 1160.8 ], [ 32.708415985107422, -13.689013481140137, 1162.9 ], [ 32.70721435546875, -13.688495635986328, 1166.0 ], [ 32.706062316894531, -13.688004493713379, 1167.8 ], [ 32.704963684082031, -13.687538146972656, 1169.9 ], [ 32.703868865966797, -13.687074661254883, 1169.2 ], [ 32.702735900878906, -13.686593055725098, 1166.7 ], [ 32.701568603515625, -13.686101913452148, 1163.2 ], [ 32.700355529785156, -13.685593605041504, 1158.9 ], [ 32.699066162109375, -13.68503475189209, 1154.7 ], [ 32.697780609130859, -13.684490203857422, 1151.8 ], [ 32.696567535400391, -13.683979034423828, 1149.7 ], [ 32.695457458496094, -13.683503150939941, 1146.6 ], [ 32.694385528564453, -13.683004379272461, 1144.7 ], [ 32.693462371826172, -13.682332992553711, 1140.8 ], [ 32.692562103271484, -13.681637763977051, 1136.9 ], [ 32.691581726074219, -13.681086540222168, 1132.8 ], [ 32.690448760986328, -13.680806159973145, 1133.3 ], [ 32.689346313476562, -13.680593490600586, 1136.5 ], [ 32.688278198242188, -13.680377006530762, 1138.0 ], [ 32.687252044677734, -13.680174827575684, 1136.8 ], [ 32.686214447021484, -13.679964065551758, 1134.1 ], [ 32.685192108154297, -13.679774284362793, 1130.3 ], [ 32.684608459472656, -13.679656982421875, 1127.9 ], [ 32.683906555175781, -13.679520606994629, 1126.6 ], [ 32.683300018310547, -13.67937183380127, 1124.5 ], [ 32.682582855224609, -13.679062843322754, 1120.2 ], [ 32.6820068359375, -13.678641319274902, 1115.4 ], [ 32.681468963623047, -13.678069114685059, 1110.4 ], [ 32.681018829345703, -13.677365303039551, 1106.8 ], [ 32.6805419921875, -13.676594734191895, 1106.2 ], [ 32.680004119873047, -13.675845146179199, 1108.3 ], [ 32.679275512695312, -13.675262451171875, 1113.4 ], [ 32.678524017333984, -13.674755096435547, 1117.9 ], [ 32.678024291992188, -13.674418449401855, 1121.1 ], [ 32.677375793457031, -13.673974990844727, 1124.0 ], [ 32.676597595214844, -13.673439025878906, 1127.0 ], [ 32.675716400146484, -13.672842025756836, 1128.8 ], [ 32.6748046875, -13.672221183776855, 1130.6 ], [ 32.673904418945312, -13.671606063842773, 1132.2 ], [ 32.673122406005859, -13.671072006225586, 1134.2 ], [ 32.672416687011719, -13.670595169067383, 1135.6 ], [ 32.671726226806641, -13.670168876647949, 1135.9 ], [ 32.6710205078125, -13.669754028320312, 1135.5 ], [ 32.670307159423828, -13.669373512268066, 1133.9 ], [ 32.669536590576172, -13.668997764587402, 1131.4 ], [ 32.668708801269531, -13.668609619140625, 1128.9 ], [ 32.667861938476562, -13.668210029602051, 1129.9 ], [ 32.667057037353516, -13.667835235595703, 1132.0 ], [ 32.666213989257812, -13.667430877685547, 1133.5 ], [ 32.665351867675781, -13.666950225830078, 1135.1 ], [ 32.664588928222656, -13.666475296020508, 1136.9 ], [ 32.663856506347656, -13.666019439697266, 1139.3 ], [ 32.663211822509766, -13.665615081787109, 1140.5 ], [ 32.662651062011719, -13.665260314941406, 1142.0 ], [ 32.662017822265625, -13.664864540100098, 1143.0 ], [ 32.661483764648438, -13.664545059204102, 1142.8 ], [ 32.660877227783203, -13.664163589477539, 1142.1 ], [ 32.660366058349609, -13.663827896118164, 1142.3 ], [ 32.659881591796875, -13.663455963134766, 1142.8 ], [ 32.659439086914062, -13.663067817687988, 1144.2 ], [ 32.659019470214844, -13.662628173828125, 1145.2 ], [ 32.658584594726562, -13.662150382995605, 1146.7 ], [ 32.658061981201172, -13.661576271057129, 1147.6 ], [ 32.657649993896484, -13.6611328125, 1147.8 ], [ 32.657260894775391, -13.660713195800781, 1147.7 ], [ 32.656879425048828, -13.660300254821777, 1147.8 ], [ 32.656394958496094, -13.659746170043945, 1148.2 ], [ 32.655818939208984, -13.659150123596191, 1148.8 ], [ 32.6552734375, -13.658553123474121, 1147.9 ], [ 32.654750823974609, -13.657988548278809, 1146.3 ], [ 32.654247283935547, -13.657422065734863, 1146.9 ], [ 32.653835296630859, -13.656802177429199, 1150.0 ], [ 32.653568267822266, -13.656185150146484, 1152.3 ], [ 32.653385162353516, -13.65565299987793, 1154.6 ], [ 32.653152465820312, -13.654941558837891, 1157.9 ], [ 32.652820587158203, -13.654118537902832, 1160.4 ], [ 32.652458190917969, -13.653273582458496, 1161.3 ], [ 32.652076721191406, -13.652412414550781, 1162.7 ], [ 32.651653289794922, -13.651598930358887, 1164.0 ], [ 32.651165008544922, -13.650861740112305, 1163.7 ], [ 32.65057373046875, -13.650168418884277, 1161.1 ], [ 32.65008544921875, -13.64970874786377, 1158.6 ], [ 32.649555206298828, -13.649276733398438, 1155.8 ], [ 32.648929595947266, -13.648815155029297, 1152.3 ], [ 32.648468017578125, -13.648397445678711, 1149.4 ], [ 32.648162841796875, -13.647933006286621, 1147.6 ], [ 32.647975921630859, -13.64737606048584, 1146.2 ], [ 32.647769927978516, -13.646702766418457, 1145.4 ], [ 32.647567749023438, -13.646004676818848, 1144.6 ], [ 32.647403717041016, -13.645402908325195, 1144.0 ], [ 32.647281646728516, -13.644949913024902, 1142.8 ], [ 32.647159576416016, -13.644519805908203, 1142.6 ], [ 32.647026062011719, -13.64403247833252, 1142.5 ], [ 32.646877288818359, -13.643503189086914, 1142.2 ], [ 32.646736145019531, -13.643011093139648, 1143.1 ], [ 32.6466064453125, -13.642548561096191, 1143.9 ], [ 32.646492004394531, -13.642157554626465, 1144.0 ], [ 32.646408081054688, -13.641833305358887, 1145.0 ], [ 32.64630126953125, -13.64145565032959, 1145.9 ], [ 32.646236419677734, -13.641225814819336, 1146.6 ], [ 32.646194458007812, -13.64107608795166, 1147.2 ], [ 32.646183013916016, -13.641033172607422, 1147.2 ], [ 32.646144866943359, -13.640911102294922, 1147.7 ], [ 32.646068572998047, -13.640695571899414, 1147.7 ], [ 32.645992279052734, -13.640460968017578, 1147.3 ], [ 32.645961761474609, -13.640393257141113, 1147.5 ], [ 32.645889282226562, -13.64008903503418, 1147.7 ], [ 32.645816802978516, -13.639817237854004, 1148.4 ], [ 32.645771026611328, -13.639636993408203, 1148.4 ], [ 32.64569091796875, -13.639340400695801, 1149.3 ], [ 32.645561218261719, -13.639063835144043, 1150.4 ], [ 32.645416259765625, -13.638857841491699, 1149.6 ], [ 32.645099639892578, -13.63853645324707, 1148.5 ], [ 32.644596099853516, -13.638285636901855, 1146.3 ], [ 32.643966674804688, -13.638088226318359, 1144.6 ], [ 32.643299102783203, -13.637887954711914, 1143.5 ], [ 32.642604827880859, -13.637750625610352, 1141.1 ], [ 32.642032623291016, -13.63764762878418, 1139.1 ], [ 32.641551971435547, -13.637487411499023, 1135.6 ], [ 32.641105651855469, -13.637260437011719, 1132.7 ], [ 32.640735626220703, -13.637029647827148, 1130.9 ], [ 32.640682220458984, -13.637004852294922, 1130.1 ], [ 32.640369415283203, -13.636820793151855, 1130.8 ], [ 32.639915466308594, -13.636544227600098, 1129.2 ], [ 32.639476776123047, -13.636277198791504, 1127.7 ], [ 32.639194488525391, -13.636114120483398, 1127.6 ], [ 32.638797760009766, -13.635880470275879, 1127.4 ], [ 32.638370513916016, -13.635622024536133, 1128.9 ], [ 32.63787841796875, -13.635322570800781, 1129.9 ], [ 32.637367248535156, -13.635044097900391, 1129.6 ], [ 32.636825561523438, -13.634792327880859, 1129.6 ], [ 32.636249542236328, -13.634565353393555, 1129.4 ], [ 32.635746002197266, -13.634369850158691, 1128.3 ], [ 32.635280609130859, -13.634200096130371, 1128.5 ], [ 32.634742736816406, -13.633997917175293, 1127.3 ], [ 32.634170532226562, -13.633773803710938, 1128.5 ], [ 32.633598327636719, -13.633564949035645, 1129.5 ], [ 32.633056640625, -13.633382797241211, 1129.8 ], [ 32.632640838623047, -13.633241653442383, 1129.6 ], [ 32.632240295410156, -13.633096694946289, 1128.7 ], [ 32.63177490234375, -13.63294506072998, 1126.8 ], [ 32.63128662109375, -13.632782936096191, 1125.1 ], [ 32.630767822265625, -13.632598876953125, 1123.0 ], [ 32.630218505859375, -13.632417678833008, 1121.4 ], [ 32.629680633544922, -13.632240295410156, 1120.5 ], [ 32.629234313964844, -13.632086753845215, 1119.9 ], [ 32.6287841796875, -13.631937026977539, 1120.6 ], [ 32.628326416015625, -13.631796836853027, 1120.5 ], [ 32.627815246582031, -13.631609916687012, 1120.5 ], [ 32.627178192138672, -13.631402969360352, 1119.9 ], [ 32.626560211181641, -13.631194114685059, 1118.7 ], [ 32.626033782958984, -13.631014823913574, 1116.5 ], [ 32.625789642333984, -13.630922317504883, 1115.2 ], [ 32.625724792480469, -13.630752563476562, 1116.1 ], [ 32.625804901123047, -13.630411148071289, 1114.8 ], [ 32.625762939453125, -13.630025863647461, 1113.2 ], [ 32.625728607177734, -13.629733085632324, 1112.6 ], [ 32.625682830810547, -13.629482269287109, 1112.0 ], [ 32.625637054443359, -13.629287719726562, 1111.6 ], [ 32.625480651855469, -13.628860473632812, 1109.5 ], [ 32.625186920166016, -13.628288269042969, 1107.9 ], [ 32.62481689453125, -13.627686500549316, 1105.9 ], [ 32.624416351318359, -13.627038955688477, 1104.1 ], [ 32.623996734619141, -13.626363754272461, 1101.1 ], [ 32.623584747314453, -13.625674247741699, 1098.5 ], [ 32.623142242431641, -13.624984741210938, 1097.7 ], [ 32.622673034667969, -13.624241828918457, 1095.3 ], [ 32.622165679931641, -13.623451232910156, 1092.7 ], [ 32.621658325195312, -13.622660636901855, 1090.2 ], [ 32.621150970458984, -13.621883392333984, 1087.5 ], [ 32.620639801025391, -13.621084213256836, 1086.4 ], [ 32.620124816894531, -13.620280265808105, 1086.2 ], [ 32.619602203369141, -13.61943244934082, 1086.2 ], [ 32.619056701660156, -13.618623733520508, 1086.4 ], [ 32.618503570556641, -13.617907524108887, 1086.9 ], [ 32.61798095703125, -13.617247581481934, 1087.2 ], [ 32.617462158203125, -13.616615295410156, 1087.1 ], [ 32.616928100585938, -13.615967750549316, 1085.2 ], [ 32.616378784179688, -13.615299224853516, 1084.3 ], [ 32.615840911865234, -13.614618301391602, 1083.7 ], [ 32.615303039550781, -13.613959312438965, 1081.7 ], [ 32.614742279052734, -13.613272666931152, 1081.1 ], [ 32.614151000976562, -13.61257266998291, 1078.7 ], [ 32.613574981689453, -13.611813545227051, 1077.0 ], [ 32.613010406494141, -13.611043930053711, 1075.5 ], [ 32.612472534179688, -13.610259056091309, 1075.0 ], [ 32.611942291259766, -13.609457969665527, 1074.6 ], [ 32.611427307128906, -13.608664512634277, 1074.4 ], [ 32.610832214355469, -13.607778549194336, 1073.5 ], [ 32.610233306884766, -13.606890678405762, 1073.7 ], [ 32.609661102294922, -13.60608959197998, 1075.4 ], [ 32.609100341796875, -13.605373382568359, 1078.8 ], [ 32.608482360839844, -13.604757308959961, 1079.8 ], [ 32.607772827148438, -13.60417366027832, 1078.4 ], [ 32.607124328613281, -13.603672981262207, 1074.9 ], [ 32.606632232666016, -13.603048324584961, 1071.0 ], [ 32.606300354003906, -13.602351188659668, 1067.1 ], [ 32.60595703125, -13.601593017578125, 1066.0 ], [ 32.605583190917969, -13.600785255432129, 1065.7 ], [ 32.605255126953125, -13.600069999694824, 1064.5 ], [ 32.604923248291016, -13.599345207214355, 1062.3 ], [ 32.604572296142578, -13.598625183105469, 1061.2 ], [ 32.604106903076172, -13.597942352294922, 1058.9 ], [ 32.603435516357422, -13.597292900085449, 1058.4 ], [ 32.602787017822266, -13.596607208251953, 1056.8 ], [ 32.602260589599609, -13.595833778381348, 1054.2 ], [ 32.601734161376953, -13.595047950744629, 1051.9 ], [ 32.601276397705078, -13.594235420227051, 1050.7 ], [ 32.601116180419922, -13.593386650085449, 1050.9 ], [ 32.601230621337891, -13.592473030090332, 1050.9 ], [ 32.601421356201172, -13.591554641723633, 1048.7 ], [ 32.601425170898438, -13.590630531311035, 1049.0 ], [ 32.601276397705078, -13.589691162109375, 1048.2 ], [ 32.601108551025391, -13.588778495788574, 1046.4 ], [ 32.600898742675781, -13.587903022766113, 1045.3 ], [ 32.60064697265625, -13.587143898010254, 1044.6 ], [ 32.600414276123047, -13.586483955383301, 1042.9 ], [ 32.600177764892578, -13.585811614990234, 1040.1 ], [ 32.599929809570312, -13.585136413574219, 1038.5 ], [ 32.599700927734375, -13.58449649810791, 1038.6 ], [ 32.599491119384766, -13.583885192871094, 1039.8 ], [ 32.599308013916016, -13.583272933959961, 1040.4 ], [ 32.599174499511719, -13.582603454589844, 1038.3 ], [ 32.599052429199219, -13.581704139709473, 1036.5 ], [ 32.598926544189453, -13.580948829650879, 1037.3 ], [ 32.598838806152344, -13.580265045166016, 1036.9 ], [ 32.598747253417969, -13.579581260681152, 1038.9 ], [ 32.598655700683594, -13.578886032104492, 1038.7 ], [ 32.598583221435547, -13.578218460083008, 1039.5 ], [ 32.598476409912109, -13.577539443969727, 1040.3 ], [ 32.598400115966797, -13.576812744140625, 1038.9 ], [ 32.598239898681641, -13.575674057006836, 1036.1 ], [ 32.598045349121094, -13.57441520690918, 1033.9 ], [ 32.597553253173828, -13.573370933532715, 1032.3 ], [ 32.596767425537109, -13.572660446166992, 1028.2 ], [ 32.595867156982422, -13.572175025939941, 1024.5 ], [ 32.594985961914062, -13.571688652038574, 1019.4 ], [ 32.594284057617188, -13.57097053527832, 1016.3 ], [ 32.593875885009766, -13.57009220123291, 1015.9 ], [ 32.593784332275391, -13.569191932678223, 1016.3 ], [ 32.593986511230469, -13.568202018737793, 1013.1 ], [ 32.594234466552734, -13.56706428527832, 1012.0 ], [ 32.594337463378906, -13.565924644470215, 1012.1 ], [ 32.594245910644531, -13.564849853515625, 1012.0 ], [ 32.5941162109375, -13.56383228302002, 1012.3 ], [ 32.593994140625, -13.562771797180176, 1012.6 ], [ 32.593891143798828, -13.561653137207031, 1012.8 ], [ 32.593845367431641, -13.560558319091797, 1012.8 ], [ 32.593818664550781, -13.559521675109863, 1012.5 ], [ 32.593780517578125, -13.558576583862305, 1011.1 ], [ 32.593509674072266, -13.557765007019043, 1011.1 ], [ 32.593051910400391, -13.557126998901367, 1011.5 ], [ 32.592441558837891, -13.55665111541748, 1010.1 ], [ 32.591838836669922, -13.556211471557617, 1010.5 ], [ 32.591205596923828, -13.55574893951416, 1011.5 ], [ 32.590629577636719, -13.555144309997559, 1012.7 ], [ 32.590240478515625, -13.55443000793457, 1013.6 ], [ 32.590034484863281, -13.553774833679199, 1013.7 ], [ 32.589946746826172, -13.553347587585449, 1014.1 ], [ 32.589893341064453, -13.553153038024902, 1013.4 ], [ 32.589862823486328, -13.553018569946289, 1012.4 ], [ 32.589813232421875, -13.552792549133301, 1011.1 ], [ 32.589710235595703, -13.552332878112793, 1010.1 ], [ 32.589542388916016, -13.551860809326172, 1010.9 ], [ 32.58929443359375, -13.551459312438965, 1012.1 ], [ 32.589115142822266, -13.551254272460938, 1011.7 ], [ 32.588886260986328, -13.551060676574707, 1010.2 ], [ 32.588611602783203, -13.550858497619629, 1008.6 ], [ 32.588226318359375, -13.550624847412109, 1007.3 ], [ 32.587505340576172, -13.55018138885498, 1005.5 ], [ 32.586654663085938, -13.549657821655273, 1003.7 ], [ 32.585723876953125, -13.549089431762695, 1001.5 ], [ 32.584747314453125, -13.548495292663574, 1000.6 ], [ 32.583766937255859, -13.54789924621582, 998.9 ], [ 32.582828521728516, -13.54718017578125, 996.6 ], [ 32.581977844238281, -13.546392440795898, 995.4 ], [ 32.581150054931641, -13.545610427856445, 993.8 ], [ 32.580402374267578, -13.544915199279785, 992.1 ], [ 32.579662322998047, -13.544218063354492, 991.0 ], [ 32.578884124755859, -13.543483734130859, 990.7 ], [ 32.578029632568359, -13.542733192443848, 989.8 ], [ 32.577114105224609, -13.541964530944824, 988.2 ], [ 32.576313018798828, -13.541290283203125, 985.8 ], [ 32.575656890869141, -13.540728569030762, 983.3 ], [ 32.574863433837891, -13.540012359619141, 980.4 ], [ 32.574111938476562, -13.539312362670898, 977.8 ], [ 32.573440551757812, -13.538628578186035, 976.5 ], [ 32.572914123535156, -13.538116455078125, 974.6 ], [ 32.572635650634766, -13.537867546081543, 974.7 ], [ 32.572410583496094, -13.537606239318848, 974.0 ], [ 32.571811676025391, -13.537215232849121, 971.9 ], [ 32.570987701416016, -13.537166595458984, 968.6 ], [ 32.570400238037109, -13.537478446960449, 964.6 ], [ 32.569995880126953, -13.537694931030273, 963.8 ], [ 32.569377899169922, -13.53804874420166, 965.2 ], [ 32.568668365478516, -13.538196563720703, 971.4 ], [ 32.568073272705078, -13.538113594055176, 975.1 ], [ 32.567428588867188, -13.53770637512207, 975.8 ], [ 32.566993713378906, -13.537293434143066, 976.0 ], [ 32.566791534423828, -13.537095069885254, 976.6 ], [ 32.566394805908203, -13.536750793457031, 977.4 ], [ 32.565853118896484, -13.536218643188477, 978.1 ], [ 32.565353393554688, -13.535765647888184, 978.6 ], [ 32.565093994140625, -13.535470962524414, 979.3 ], [ 32.564662933349609, -13.535037994384766, 978.4 ], [ 32.564083099365234, -13.534448623657227, 977.1 ], [ 32.563510894775391, -13.533832550048828, 974.5 ], [ 32.562942504882812, -13.533249855041504, 972.3 ], [ 32.562496185302734, -13.532815933227539, 968.7 ], [ 32.562141418457031, -13.532402992248535, 966.6 ], [ 32.561725616455078, -13.532011032104492, 965.5 ], [ 32.561000823974609, -13.531564712524414, 965.6 ], [ 32.560203552246094, -13.531332969665527, 968.2 ], [ 32.559394836425781, -13.531299591064453, 971.9 ], [ 32.558567047119141, -13.53134822845459, 975.0 ], [ 32.557743072509766, -13.531408309936523, 976.1 ], [ 32.556877136230469, -13.531453132629395, 977.1 ], [ 32.556037902832031, -13.53148365020752, 978.8 ], [ 32.555515289306641, -13.531521797180176, 979.1 ], [ 32.555191040039062, -13.531514167785645, 980.6 ], [ 32.554801940917969, -13.531540870666504, 981.8 ], [ 32.554481506347656, -13.531571388244629, 981.8 ], [ 32.554164886474609, -13.531583786010742, 982.3 ], [ 32.553699493408203, -13.531607627868652, 980.8 ], [ 32.553237915039062, -13.531639099121094, 980.6 ], [ 32.552879333496094, -13.531651496887207, 980.8 ], [ 32.552623748779297, -13.531665802001953, 980.8 ], [ 32.552230834960938, -13.531698226928711, 980.7 ], [ 32.551868438720703, -13.531722068786621, 982.1 ], [ 32.551174163818359, -13.531758308410645, 981.3 ], [ 32.550510406494141, -13.531807899475098, 980.8 ], [ 32.549850463867188, -13.531833648681641, 979.1 ], [ 32.549369812011719, -13.531864166259766, 979.0 ], [ 32.548980712890625, -13.531871795654297, 978.1 ], [ 32.548355102539062, -13.531911849975586, 978.4 ], [ 32.547615051269531, -13.53194522857666, 977.6 ], [ 32.546817779541016, -13.531888961791992, 974.3 ], [ 32.545963287353516, -13.531783103942871, 971.3 ], [ 32.545276641845703, -13.531679153442383, 971.4 ], [ 32.544761657714844, -13.531591415405273, 972.8 ], [ 32.544208526611328, -13.531528472900391, 975.8 ], [ 32.543453216552734, -13.531420707702637, 980.6 ], [ 32.542556762695312, -13.531299591064453, 984.4 ], [ 32.541778564453125, -13.531190872192383, 986.6 ], [ 32.540904998779297, -13.53105640411377, 988.9 ], [ 32.539981842041016, -13.530943870544434, 991.9 ], [ 32.539039611816406, -13.53079891204834, 994.6 ], [ 32.538074493408203, -13.530618667602539, 997.5 ], [ 32.537086486816406, -13.530418395996094, 998.4 ], [ 32.536090850830078, -13.53022575378418, 996.1 ], [ 32.535114288330078, -13.530025482177734, 994.4 ], [ 32.534038543701172, -13.529792785644531, 993.3 ], [ 32.532947540283203, -13.529555320739746, 993.7 ], [ 32.531826019287109, -13.529214859008789, 993.4 ], [ 32.530723571777344, -13.528830528259277, 992.6 ], [ 32.529659271240234, -13.528449058532715, 988.7 ], [ 32.528652191162109, -13.528117179870605, 985.2 ], [ 32.527687072753906, -13.527914047241211, 984.3 ], [ 32.526695251464844, -13.52790641784668, 977.8 ], [ 32.525608062744141, -13.527980804443359, 969.4 ], [ 32.524494171142578, -13.527958869934082, 962.8 ], [ 32.523471832275391, -13.527854919433594, 955.9 ], [ 32.522705078125, -13.527795791625977, 951.7 ], [ 32.521968841552734, -13.527748107910156, 950.5 ], [ 32.521408081054688, -13.527697563171387, 951.4 ], [ 32.520641326904297, -13.527628898620605, 952.0 ], [ 32.519668579101562, -13.527533531188965, 955.8 ], [ 32.518669128417969, -13.527449607849121, 956.6 ], [ 32.517692565917969, -13.52735710144043, 954.2 ], [ 32.516761779785156, -13.527135848999023, 948.6 ], [ 32.515895843505859, -13.526766777038574, 945.7 ], [ 32.515552520751953, -13.526547431945801, 946.5 ], [ 32.515140533447266, -13.526350021362305, 948.4 ], [ 32.514350891113281, -13.525934219360352, 951.8 ], [ 32.513500213623047, -13.525453567504883, 955.3 ], [ 32.512653350830078, -13.524972915649414, 957.8 ], [ 32.511863708496094, -13.524301528930664, 959.4 ], [ 32.511222839355469, -13.523446083068848, 960.3 ], [ 32.510746002197266, -13.522509574890137, 957.4 ], [ 32.510246276855469, -13.521484375, 954.6 ], [ 32.509754180908203, -13.520454406738281, 951.2 ], [ 32.509288787841797, -13.519487380981445, 949.3 ], [ 32.508869171142578, -13.518604278564453, 948.9 ], [ 32.508548736572266, -13.517758369445801, 946.5 ], [ 32.508369445800781, -13.516788482666016, 944.9 ], [ 32.508224487304688, -13.515748023986816, 943.2 ], [ 32.508155822753906, -13.514843940734863, 941.6 ], [ 32.508037567138672, -13.514155387878418, 939.6 ], [ 32.507957458496094, -13.51349925994873, 939.4 ], [ 32.507659912109375, -13.512625694274902, 939.1 ], [ 32.507167816162109, -13.511857986450195, 937.5 ], [ 32.506549835205078, -13.511255264282227, 937.7 ], [ 32.50567626953125, -13.51075267791748, 936.0 ], [ 32.504592895507812, -13.51047420501709, 934.5 ], [ 32.503456115722656, -13.510477066040039, 933.3 ], [ 32.502288818359375, -13.510513305664062, 930.6 ], [ 32.501220703125, -13.510567665100098, 927.2 ], [ 32.500118255615234, -13.510592460632324, 925.4 ], [ 32.498943328857422, -13.510643005371094, 926.3 ], [ 32.497882843017578, -13.510673522949219, 927.2 ], [ 32.497051239013672, -13.51070499420166, 928.2 ], [ 32.496288299560547, -13.510730743408203, 927.9 ], [ 32.495429992675781, -13.510756492614746, 927.9 ], [ 32.494636535644531, -13.510769844055176, 928.6 ], [ 32.493793487548828, -13.510820388793945, 930.2 ], [ 32.492664337158203, -13.5108642578125, 932.2 ], [ 32.491573333740234, -13.510904312133789, 932.5 ], [ 32.490684509277344, -13.510939598083496, 932.5 ], [ 32.489795684814453, -13.510932922363281, 933.0 ], [ 32.488975524902344, -13.510968208312988, 934.3 ], [ 32.488265991210938, -13.511006355285645, 933.8 ], [ 32.487617492675781, -13.511066436767578, 932.6 ], [ 32.486885070800781, -13.511155128479004, 931.7 ], [ 32.485893249511719, -13.511270523071289, 930.1 ], [ 32.484821319580078, -13.511401176452637, 927.3 ], [ 32.483795166015625, -13.511513710021973, 925.3 ], [ 32.48297119140625, -13.511598587036133, 925.4 ], [ 32.481975555419922, -13.511534690856934, 924.2 ], [ 32.481006622314453, -13.511189460754395, 924.2 ], [ 32.480045318603516, -13.510845184326172, 922.1 ], [ 32.479057312011719, -13.510461807250977, 920.5 ], [ 32.478107452392578, -13.510062217712402, 917.6 ], [ 32.477241516113281, -13.509747505187988, 915.8 ], [ 32.476711273193359, -13.509557723999023, 915.9 ], [ 32.475940704345703, -13.509233474731445, 917.2 ], [ 32.475074768066406, -13.508899688720703, 918.2 ], [ 32.474281311035156, -13.508631706237793, 919.0 ], [ 32.473487854003906, -13.508331298828125, 920.4 ], [ 32.472888946533203, -13.508137702941895, 920.4 ], [ 32.472286224365234, -13.507984161376953, 920.1 ], [ 32.471794128417969, -13.507844924926758, 920.0 ], [ 32.471160888671875, -13.507693290710449, 919.4 ], [ 32.470355987548828, -13.507515907287598, 919.7 ], [ 32.469593048095703, -13.507415771484375, 918.4 ], [ 32.468677520751953, -13.50732421875, 916.6 ], [ 32.467655181884766, -13.507221221923828, 913.7 ], [ 32.466606140136719, -13.507122993469238, 911.8 ], [ 32.465587615966797, -13.507149696350098, 913.4 ], [ 32.464633941650391, -13.507275581359863, 911.3 ], [ 32.463611602783203, -13.507469177246094, 907.3 ], [ 32.46270751953125, -13.507659912109375, 908.9 ], [ 32.461906433105469, -13.507814407348633, 911.7 ], [ 32.460945129394531, -13.508002281188965, 915.6 ], [ 32.459980010986328, -13.508209228515625, 918.9 ], [ 32.458976745605469, -13.508573532104492, 918.6 ], [ 32.457901000976562, -13.508893013000488, 918.8 ], [ 32.456813812255859, -13.509033203125, 917.6 ], [ 32.4556884765625, -13.508954048156738, 915.8 ], [ 32.454765319824219, -13.508719444274902, 913.7 ], [ 32.454280853271484, -13.508517265319824, 914.9 ], [ 32.453678131103516, -13.508296966552734, 913.6 ], [ 32.452983856201172, -13.508052825927734, 915.5 ], [ 32.452262878417969, -13.507768630981445, 919.8 ], [ 32.451545715332031, -13.507468223571777, 923.0 ], [ 32.450839996337891, -13.507106781005859, 925.2 ], [ 32.450267791748047, -13.506824493408203, 926.1 ], [ 32.449867248535156, -13.506611824035645, 927.6 ], [ 32.449531555175781, -13.50642204284668, 928.7 ], [ 32.449302673339844, -13.506290435791016, 929.6 ], [ 32.449054718017578, -13.506153106689453, 929.9 ], [ 32.448764801025391, -13.505987167358398, 929.3 ], [ 32.448524475097656, -13.505849838256836, 930.5 ], [ 32.44818115234375, -13.505661010742188, 930.2 ], [ 32.447841644287109, -13.505490303039551, 930.6 ], [ 32.447517395019531, -13.505341529846191, 930.1 ], [ 32.447231292724609, -13.505203247070312, 930.9 ], [ 32.447025299072266, -13.505108833312988, 929.7 ], [ 32.446754455566406, -13.504975318908691, 928.1 ], [ 32.446369171142578, -13.50483226776123, 928.3 ], [ 32.445949554443359, -13.504627227783203, 930.0 ], [ 32.44537353515625, -13.504382133483887, 932.7 ], [ 32.444721221923828, -13.504085540771484, 934.1 ], [ 32.443935394287109, -13.503735542297363, 936.7 ], [ 32.443164825439453, -13.503379821777344, 936.8 ], [ 32.442558288574219, -13.503032684326172, 936.7 ], [ 32.441886901855469, -13.502633094787598, 937.9 ], [ 32.441120147705078, -13.502123832702637, 937.4 ], [ 32.440330505371094, -13.50153923034668, 933.5 ], [ 32.439559936523438, -13.500896453857422, 930.1 ], [ 32.438945770263672, -13.500103950500488, 925.7 ], [ 32.438446044921875, -13.499231338500977, 921.2 ], [ 32.437973022460938, -13.498388290405273, 917.4 ], [ 32.437629699707031, -13.497798919677734, 915.5 ], [ 32.437324523925781, -13.497287750244141, 912.3 ], [ 32.437080383300781, -13.496902465820312, 909.2 ], [ 32.436641693115234, -13.49642276763916, 905.6 ], [ 32.436119079589844, -13.495969772338867, 904.9 ], [ 32.435836791992188, -13.495675086975098, 903.7 ], [ 32.435317993164062, -13.495271682739258, 901.9 ], [ 32.434673309326172, -13.49471378326416, 902.3 ], [ 32.434005737304688, -13.494089126586914, 907.7 ], [ 32.433315277099609, -13.493526458740234, 914.5 ], [ 32.432594299316406, -13.493154525756836, 918.1 ], [ 32.431846618652344, -13.492942810058594, 918.7 ], [ 32.431278228759766, -13.492883682250977, 918.2 ], [ 32.430572509765625, -13.492891311645508, 914.2 ], [ 32.42974853515625, -13.492924690246582, 910.5 ], [ 32.428901672363281, -13.492924690246582, 908.0 ], [ 32.428245544433594, -13.492959022521973, 906.0 ], [ 32.427600860595703, -13.492934226989746, 904.4 ], [ 32.427135467529297, -13.492843627929688, 903.2 ], [ 32.426753997802734, -13.492798805236816, 903.4 ], [ 32.426361083984375, -13.492718696594238, 904.0 ], [ 32.425922393798828, -13.492538452148438, 905.0 ], [ 32.42535400390625, -13.492459297180176, 907.1 ], [ 32.424674987792969, -13.492315292358398, 909.5 ], [ 32.424053192138672, -13.492221832275391, 912.9 ], [ 32.423503875732422, -13.49210262298584, 914.2 ], [ 32.422733306884766, -13.491935729980469, 914.6 ], [ 32.421920776367188, -13.491751670837402, 920.4 ], [ 32.421092987060547, -13.491593360900879, 927.1 ], [ 32.4202880859375, -13.491459846496582, 933.9 ], [ 32.419368743896484, -13.491339683532715, 937.1 ], [ 32.418357849121094, -13.491225242614746, 934.8 ], [ 32.417366027832031, -13.491182327270508, 931.6 ], [ 32.416374206542969, -13.491138458251953, 929.6 ], [ 32.415336608886719, -13.491103172302246, 929.8 ], [ 32.414325714111328, -13.491107940673828, 929.6 ], [ 32.413307189941406, -13.491087913513184, 928.5 ], [ 32.412540435791016, -13.491045951843262, 927.5 ], [ 32.411994934082031, -13.491076469421387, 926.4 ], [ 32.411323547363281, -13.491044044494629, 924.0 ], [ 32.410591125488281, -13.491028785705566, 921.9 ], [ 32.410129547119141, -13.491030693054199, 921.8 ], [ 32.40966796875, -13.491013526916504, 921.7 ], [ 32.408985137939453, -13.491055488586426, 922.2 ], [ 32.408176422119141, -13.491025924682617, 922.2 ], [ 32.407421112060547, -13.490946769714355, 921.4 ], [ 32.406955718994141, -13.490843772888184, 920.7 ], [ 32.406520843505859, -13.490756034851074, 921.1 ], [ 32.405662536621094, -13.490565299987793, 921.2 ], [ 32.404853820800781, -13.490384101867676, 922.9 ], [ 32.403980255126953, -13.490191459655762, 921.9 ], [ 32.402999877929688, -13.489962577819824, 920.0 ], [ 32.4019775390625, -13.489727020263672, 918.8 ], [ 32.400867462158203, -13.489483833312988, 919.4 ], [ 32.399772644042969, -13.489231109619141, 920.1 ], [ 32.399005889892578, -13.489079475402832, 921.9 ], [ 32.398555755615234, -13.488965034484863, 922.4 ], [ 32.397758483886719, -13.488772392272949, 921.2 ], [ 32.396724700927734, -13.488516807556152, 920.5 ], [ 32.395660400390625, -13.488208770751953, 918.8 ], [ 32.394596099853516, -13.487945556640625, 916.9 ], [ 32.393653869628906, -13.487696647644043, 915.8 ], [ 32.392601013183594, -13.487607002258301, 917.0 ], [ 32.391551971435547, -13.487887382507324, 917.1 ], [ 32.390609741210938, -13.488540649414062, 913.7 ], [ 32.389751434326172, -13.489286422729492, 914.1 ], [ 32.388858795166016, -13.489995956420898, 914.2 ], [ 32.387802124023438, -13.490448951721191, 914.6 ], [ 32.386631011962891, -13.490527153015137, 916.9 ], [ 32.385383605957031, -13.490431785583496, 918.9 ], [ 32.384178161621094, -13.490317344665527, 919.4 ], [ 32.383014678955078, -13.490212440490723, 916.4 ], [ 32.381813049316406, -13.490097045898438, 915.9 ], [ 32.380729675292969, -13.490011215209961, 915.5 ], [ 32.379829406738281, -13.489608764648438, 914.3 ], [ 32.379230499267578, -13.488778114318848, 914.4 ], [ 32.378883361816406, -13.487787246704102, 914.2 ], [ 32.378562927246094, -13.486756324768066, 915.7 ], [ 32.378250122070312, -13.485767364501953, 915.6 ], [ 32.377906799316406, -13.484869003295898, 915.9 ], [ 32.377296447753906, -13.484052658081055, 915.0 ], [ 32.376407623291016, -13.483455657958984, 914.6 ], [ 32.375453948974609, -13.48320484161377, 915.5 ], [ 32.374557495117188, -13.483077049255371, 915.1 ], [ 32.373580932617188, -13.482966423034668, 916.9 ], [ 32.372539520263672, -13.482952117919922, 917.5 ], [ 32.371562957763672, -13.483226776123047, 919.5 ], [ 32.370811462402344, -13.483614921569824, 919.2 ], [ 32.369956970214844, -13.484050750732422, 920.1 ], [ 32.368919372558594, -13.484243392944336, 920.8 ], [ 32.367805480957031, -13.484009742736816, 922.1 ], [ 32.366939544677734, -13.48360538482666, 922.8 ], [ 32.366092681884766, -13.483205795288086, 923.6 ], [ 32.365314483642578, -13.482595443725586, 924.0 ], [ 32.364990234375, -13.48206901550293, 923.4 ], [ 32.364570617675781, -13.481476783752441, 922.5 ], [ 32.364089965820312, -13.480815887451172, 919.9 ], [ 32.363548278808594, -13.480042457580566, 918.8 ], [ 32.362884521484375, -13.479405403137207, 917.7 ], [ 32.361930847167969, -13.479043960571289, 916.2 ], [ 32.360916137695312, -13.478764533996582, 916.3 ], [ 32.359958648681641, -13.478235244750977, 914.7 ], [ 32.359317779541016, -13.477418899536133, 914.4 ], [ 32.359012603759766, -13.476494789123535, 911.1 ], [ 32.358863830566406, -13.475766181945801, 909.0 ], [ 32.358654022216797, -13.474971771240234, 907.3 ], [ 32.358428955078125, -13.474010467529297, 902.8 ], [ 32.358184814453125, -13.47300910949707, 903.1 ], [ 32.357967376708984, -13.472030639648438, 904.2 ], [ 32.357711791992188, -13.471016883850098, 906.1 ], [ 32.357147216796875, -13.47012996673584, 906.4 ], [ 32.356224060058594, -13.469386100769043, 909.9 ], [ 32.355205535888672, -13.468731880187988, 911.4 ], [ 32.354015350341797, -13.468324661254883, 911.2 ], [ 32.353000640869141, -13.467599868774414, 911.6 ], [ 32.352359771728516, -13.466503143310547, 908.4 ], [ 32.352210998535156, -13.465238571166992, 905.2 ], [ 32.352657318115234, -13.464038848876953, 900.1 ], [ 32.353160858154297, -13.462942123413086, 896.8 ], [ 32.35369873046875, -13.46173095703125, 897.7 ], [ 32.353893280029297, -13.460488319396973, 897.4 ], [ 32.353263854980469, -13.459434509277344, 891.5 ], [ 32.352344512939453, -13.458465576171875, 892.4 ], [ 32.351360321044922, -13.457456588745117, 898.7 ], [ 32.350517272949219, -13.456413269042969, 901.2 ], [ 32.349845886230469, -13.455118179321289, 903.5 ], [ 32.349174499511719, -13.45389461517334, 912.4 ], [ 32.348350524902344, -13.452947616577148, 913.9 ], [ 32.347507476806641, -13.451973915100098, 906.3 ], [ 32.346782684326172, -13.451013565063477, 900.9 ], [ 32.346096038818359, -13.450092315673828, 904.2 ], [ 32.345443725585938, -13.449214935302734, 907.2 ], [ 32.344680786132812, -13.448382377624512, 900.3 ], [ 32.343799591064453, -13.447858810424805, 900.5 ], [ 32.342853546142578, -13.44736385345459, 906.4 ], [ 32.341953277587891, -13.446514129638672, 913.3 ], [ 32.341461181640625, -13.445542335510254, 922.6 ], [ 32.340961456298828, -13.444669723510742, 917.6 ], [ 32.340301513671875, -13.443638801574707, 904.2 ], [ 32.339591979980469, -13.442496299743652, 894.7 ], [ 32.339073181152344, -13.441465377807617, 891.6 ], [ 32.338584899902344, -13.440293312072754, 887.5 ], [ 32.3382568359375, -13.439221382141113, 884.6 ], [ 32.337963104248047, -13.438320159912109, 882.5 ], [ 32.337711334228516, -13.437504768371582, 878.8 ], [ 32.337471008300781, -13.436748504638672, 875.9 ], [ 32.337230682373047, -13.435956954956055, 873.0 ], [ 32.336933135986328, -13.434962272644043, 871.9 ], [ 32.336578369140625, -13.433938980102539, 871.1 ], [ 32.336048126220703, -13.433140754699707, 871.4 ], [ 32.335365295410156, -13.43254566192627, 871.9 ], [ 32.334491729736328, -13.432155609130859, 868.7 ], [ 32.333641052246094, -13.431878089904785, 863.5 ], [ 32.332759857177734, -13.43156909942627, 860.6 ], [ 32.331794738769531, -13.431234359741211, 857.3 ], [ 32.330879211425781, -13.430676460266113, 856.0 ], [ 32.330207824707031, -13.43007755279541, 855.1 ], [ 32.329780578613281, -13.429635047912598, 853.5 ], [ 32.329280853271484, -13.429208755493164, 852.0 ], [ 32.328647613525391, -13.428707122802734, 849.1 ], [ 32.327796936035156, -13.428363800048828, 844.6 ], [ 32.326793670654297, -13.428295135498047, 842.6 ], [ 32.325790405273438, -13.427918434143066, 839.6 ], [ 32.325168609619141, -13.427498817443848, 837.1 ], [ 32.324596405029297, -13.427056312561035, 837.2 ], [ 32.323787689208984, -13.42646598815918, 836.3 ], [ 32.322967529296875, -13.425851821899414, 836.2 ], [ 32.322460174560547, -13.425509452819824, 838.1 ], [ 32.321792602539062, -13.425004005432129, 835.6 ], [ 32.320991516113281, -13.42442798614502, 832.9 ], [ 32.320121765136719, -13.423809051513672, 828.8 ], [ 32.319244384765625, -13.423151969909668, 829.0 ], [ 32.318382263183594, -13.422508239746094, 829.5 ], [ 32.317710876464844, -13.422018051147461, 829.7 ], [ 32.317012786865234, -13.421496391296387, 830.3 ], [ 32.316646575927734, -13.421206474304199, 830.8 ], [ 32.316104888916016, -13.42083740234375, 829.8 ], [ 32.315521240234375, -13.420320510864258, 828.0 ], [ 32.315078735351562, -13.419500350952148, 827.0 ], [ 32.315021514892578, -13.418483734130859, 825.2 ], [ 32.315326690673828, -13.417476654052734, 822.9 ], [ 32.315391540527344, -13.416366577148438, 821.6 ], [ 32.315071105957031, -13.415244102478027, 820.5 ], [ 32.314792633056641, -13.414081573486328, 819.2 ], [ 32.314903259277344, -13.412896156311035, 817.8 ], [ 32.315105438232422, -13.411767959594727, 817.4 ], [ 32.315292358398438, -13.410731315612793, 816.9 ], [ 32.315410614013672, -13.40986442565918, 818.2 ], [ 32.31561279296875, -13.40886116027832, 820.5 ], [ 32.316032409667969, -13.407848358154297, 819.0 ], [ 32.316520690917969, -13.406804084777832, 817.1 ], [ 32.316940307617188, -13.405732154846191, 819.2 ], [ 32.317100524902344, -13.404658317565918, 820.4 ], [ 32.317180633544922, -13.403392791748047, 814.7 ], [ 32.317249298095703, -13.40208625793457, 811.9 ], [ 32.317333221435547, -13.400781631469727, 812.1 ], [ 32.317405700683594, -13.399514198303223, 811.8 ], [ 32.317272186279297, -13.3983154296875, 808.2 ], [ 32.316761016845703, -13.397222518920898, 805.4 ], [ 32.316112518310547, -13.396121978759766, 804.7 ], [ 32.315456390380859, -13.395014762878418, 806.4 ], [ 32.314861297607422, -13.393970489501953, 807.2 ], [ 32.314247131347656, -13.392956733703613, 805.6 ], [ 32.313640594482422, -13.391845703125, 802.4 ], [ 32.313362121582031, -13.39048957824707, 800.0 ], [ 32.313255310058594, -13.389059066772461, 799.3 ], [ 32.313148498535156, -13.387740135192871, 801.0 ], [ 32.313034057617188, -13.386482238769531, 800.7 ], [ 32.31292724609375, -13.385221481323242, 803.4 ], [ 32.312644958496094, -13.384213447570801, 806.8 ], [ 32.312187194824219, -13.383237838745117, 804.7 ], [ 32.311458587646484, -13.382318496704102, 803.5 ], [ 32.310604095458984, -13.381343841552734, 806.5 ], [ 32.309917449951172, -13.380282402038574, 807.0 ], [ 32.309242248535156, -13.379215240478516, 804.6 ], [ 32.308734893798828, -13.378032684326172, 800.4 ], [ 32.308258056640625, -13.376876831054688, 798.7 ], [ 32.307651519775391, -13.37593936920166, 799.6 ], [ 32.306873321533203, -13.375032424926758, 796.9 ], [ 32.306026458740234, -13.374074935913086, 793.7 ], [ 32.305156707763672, -13.373103141784668, 793.8 ], [ 32.304317474365234, -13.372188568115234, 795.7 ], [ 32.303520202636719, -13.371488571166992, 794.2 ], [ 32.302814483642578, -13.370905876159668, 791.5 ], [ 32.302005767822266, -13.370238304138184, 789.1 ], [ 32.301067352294922, -13.369467735290527, 786.9 ], [ 32.300148010253906, -13.368696212768555, 787.3 ], [ 32.299362182617188, -13.367745399475098, 789.7 ], [ 32.298797607421875, -13.366654396057129, 793.5 ], [ 32.298442840576172, -13.365559577941895, 796.4 ], [ 32.298107147216797, -13.364446640014648, 796.8 ], [ 32.297946929931641, -13.363259315490723, 793.9 ], [ 32.297920227050781, -13.362154006958008, 792.0 ], [ 32.297863006591797, -13.361262321472168, 792.6 ], [ 32.2977294921875, -13.360264778137207, 792.4 ], [ 32.297523498535156, -13.359133720397949, 788.7 ], [ 32.297321319580078, -13.357936859130859, 783.8 ], [ 32.296859741210938, -13.356801986694336, 781.7 ], [ 32.295825958251953, -13.35604190826416, 784.1 ], [ 32.294624328613281, -13.355921745300293, 785.1 ], [ 32.293319702148438, -13.35605525970459, 783.2 ], [ 32.291999816894531, -13.356246948242188, 779.9 ], [ 32.290813446044922, -13.356655120849609, 777.4 ], [ 32.289630889892578, -13.356797218322754, 775.7 ], [ 32.288490295410156, -13.356351852416992, 773.4 ], [ 32.28765869140625, -13.355417251586914, 770.3 ], [ 32.286857604980469, -13.354351043701172, 767.7 ], [ 32.286128997802734, -13.353352546691895, 766.2 ], [ 32.285610198974609, -13.352526664733887, 764.0 ], [ 32.285198211669922, -13.35185432434082, 763.5 ], [ 32.28485107421875, -13.351265907287598, 762.1 ], [ 32.284622192382812, -13.350832939147949, 761.6 ], [ 32.2843017578125, -13.350273132324219, 761.0 ], [ 32.283981323242188, -13.349433898925781, 760.4 ], [ 32.283775329589844, -13.348567008972168, 760.7 ], [ 32.283576965332031, -13.347603797912598, 762.3 ], [ 32.283222198486328, -13.346828460693359, 764.0 ], [ 32.282741546630859, -13.34614086151123, 761.7 ], [ 32.28240966796875, -13.345241546630859, 758.7 ], [ 32.282199859619141, -13.344241142272949, 757.6 ], [ 32.282012939453125, -13.343339920043945, 758.6 ], [ 32.281818389892578, -13.342474937438965, 757.2 ], [ 32.281459808349609, -13.341616630554199, 757.1 ], [ 32.280826568603516, -13.340795516967773, 758.4 ], [ 32.279956817626953, -13.340167045593262, 759.1 ], [ 32.278934478759766, -13.339642524719238, 757.9 ], [ 32.277885437011719, -13.339098930358887, 754.3 ], [ 32.276744842529297, -13.33852481842041, 751.2 ], [ 32.275669097900391, -13.337980270385742, 751.2 ], [ 32.274742126464844, -13.337225914001465, 752.6 ], [ 32.273918151855469, -13.336248397827148, 752.2 ], [ 32.273109436035156, -13.335294723510742, 750.5 ], [ 32.272529602050781, -13.334458351135254, 747.5 ], [ 32.272090911865234, -13.333565711975098, 743.7 ], [ 32.27154541015625, -13.332630157470703, 740.3 ], [ 32.270835876464844, -13.331955909729004, 738.9 ], [ 32.269832611083984, -13.331540107727051, 739.8 ], [ 32.268680572509766, -13.331258773803711, 739.4 ], [ 32.267490386962891, -13.330953598022461, 739.6 ], [ 32.266407012939453, -13.330602645874023, 739.0 ], [ 32.265296936035156, -13.330190658569336, 739.9 ], [ 32.264190673828125, -13.32978343963623, 738.1 ], [ 32.263092041015625, -13.329216957092285, 733.2 ], [ 32.262077331542969, -13.328423500061035, 730.6 ], [ 32.260890960693359, -13.328045845031738, 729.9 ], [ 32.259708404541016, -13.327535629272461, 727.9 ], [ 32.258716583251953, -13.326942443847656, 728.8 ], [ 32.257778167724609, -13.32630729675293, 731.6 ], [ 32.257099151611328, -13.325373649597168, 733.1 ], [ 32.256477355957031, -13.324427604675293, 731.7 ], [ 32.256069183349609, -13.323266983032227, 727.9 ], [ 32.255508422851562, -13.322100639343262, 727.0 ], [ 32.254501342773438, -13.321335792541504, 725.5 ], [ 32.253318786621094, -13.321069717407227, 724.6 ], [ 32.252071380615234, -13.320978164672852, 724.0 ], [ 32.250988006591797, -13.320334434509277, 721.9 ], [ 32.250049591064453, -13.319433212280273, 719.1 ], [ 32.249076843261719, -13.318488121032715, 724.4 ], [ 32.248199462890625, -13.317649841308594, 726.7 ], [ 32.247196197509766, -13.31700325012207, 724.6 ], [ 32.246047973632812, -13.316644668579102, 722.2 ], [ 32.244892120361328, -13.316271781921387, 720.3 ], [ 32.243831634521484, -13.315708160400391, 714.9 ], [ 32.242706298828125, -13.315092086791992, 713.5 ], [ 32.2415771484375, -13.314468383789062, 712.8 ], [ 32.240505218505859, -13.313911437988281, 713.5 ], [ 32.23944091796875, -13.313333511352539, 715.6 ], [ 32.238418579101562, -13.312795639038086, 715.2 ], [ 32.237415313720703, -13.312249183654785, 713.9 ], [ 32.236473083496094, -13.311455726623535, 712.8 ], [ 32.235671997070312, -13.310466766357422, 711.4 ], [ 32.234848022460938, -13.309447288513184, 708.8 ], [ 32.233779907226562, -13.308757781982422, 709.5 ], [ 32.232501983642578, -13.30848503112793, 710.1 ], [ 32.231189727783203, -13.308304786682129, 709.6 ], [ 32.229854583740234, -13.308340072631836, 710.1 ], [ 32.228500366210938, -13.308370590209961, 705.4 ], [ 32.227027893066406, -13.308411598205566, 702.2 ], [ 32.225528717041016, -13.308455467224121, 701.4 ], [ 32.224166870117188, -13.308431625366211, 705.7 ], [ 32.223030090332031, -13.307994842529297, 710.5 ], [ 32.222248077392578, -13.307224273681641, 711.8 ], [ 32.221790313720703, -13.306257247924805, 713.0 ], [ 32.221534729003906, -13.305315971374512, 712.9 ], [ 32.221225738525391, -13.304579734802246, 711.9 ], [ 32.220916748046875, -13.303902626037598, 708.0 ], [ 32.220630645751953, -13.303030014038086, 706.4 ], [ 32.220508575439453, -13.302148818969727, 705.7 ], [ 32.220405578613281, -13.301844596862793, 705.5 ], [ 32.219875335693359, -13.301810264587402, 705.8 ], [ 32.219142913818359, -13.301799774169922, 702.8 ], [ 32.218242645263672, -13.301931381225586, 697.6 ], [ 32.21734619140625, -13.302102088928223, 691.7 ], [ 32.216533660888672, -13.302266120910645, 688.9 ], [ 32.21563720703125, -13.30255126953125, 686.5 ], [ 32.2147216796875, -13.303092002868652, 688.7 ], [ 32.213817596435547, -13.30367374420166, 694.4 ], [ 32.212738037109375, -13.303853034973145, 696.7 ], [ 32.211700439453125, -13.303619384765625, 693.9 ], [ 32.210800170898438, -13.303009033203125, 688.8 ], [ 32.210121154785156, -13.302495002746582, 686.5 ], [ 32.209213256835938, -13.301916122436523, 684.8 ], [ 32.208084106445312, -13.301445007324219, 684.5 ], [ 32.206871032714844, -13.301204681396484, 682.3 ], [ 32.205596923828125, -13.301204681396484, 679.0 ], [ 32.204395294189453, -13.301371574401855, 677.9 ], [ 32.203243255615234, -13.301126480102539, 677.0 ], [ 32.202041625976562, -13.300846099853516, 674.3 ], [ 32.200721740722656, -13.300962448120117, 672.4 ], [ 32.199478149414062, -13.301315307617188, 670.9 ], [ 32.198192596435547, -13.301214218139648, 674.2 ], [ 32.196983337402344, -13.300786018371582, 674.6 ], [ 32.195854187011719, -13.30025577545166, 674.3 ], [ 32.194984436035156, -13.29998779296875, 673.1 ], [ 32.194110870361328, -13.29971981048584, 671.4 ], [ 32.193145751953125, -13.299424171447754, 669.9 ], [ 32.192058563232422, -13.299108505249023, 665.4 ], [ 32.191169738769531, -13.298831939697266, 663.6 ], [ 32.190105438232422, -13.29852294921875, 660.0 ], [ 32.188911437988281, -13.298157691955566, 657.0 ], [ 32.187778472900391, -13.297844886779785, 657.2 ], [ 32.186714172363281, -13.297938346862793, 655.3 ], [ 32.185783386230469, -13.298510551452637, 651.9 ], [ 32.184764862060547, -13.299036026000977, 649.9 ], [ 32.183506011962891, -13.29905891418457, 649.0 ], [ 32.182254791259766, -13.298967361450195, 648.6 ], [ 32.181140899658203, -13.298707008361816, 646.8 ], [ 32.179954528808594, -13.298457145690918, 643.9 ], [ 32.178672790527344, -13.298352241516113, 640.8 ], [ 32.177341461181641, -13.29831600189209, 639.1 ], [ 32.176132202148438, -13.29825496673584, 638.3 ], [ 32.175346374511719, -13.298227310180664, 637.8 ], [ 32.174472808837891, -13.298283576965332, 637.6 ], [ 32.173419952392578, -13.298358917236328, 636.3 ], [ 32.172439575195312, -13.298408508300781, 636.1 ], [ 32.171794891357422, -13.298441886901855, 636.4 ], [ 32.170913696289062, -13.298572540283203, 635.5 ], [ 32.169879913330078, -13.29879093170166, 633.4 ], [ 32.168743133544922, -13.299131393432617, 631.8 ], [ 32.167556762695312, -13.299502372741699, 630.6 ], [ 32.166378021240234, -13.299930572509766, 629.5 ], [ 32.165260314941406, -13.300383567810059, 628.9 ], [ 32.164207458496094, -13.300849914550781, 627.5 ], [ 32.163215637207031, -13.301591873168945, 625.6 ], [ 32.162448883056641, -13.302376747131348, 623.9 ], [ 32.161720275878906, -13.303054809570312, 621.3 ], [ 32.1607666015625, -13.303712844848633, 620.1 ], [ 32.15985107421875, -13.304312705993652, 619.6 ], [ 32.158977508544922, -13.304913520812988, 617.1 ], [ 32.157962799072266, -13.305591583251953, 615.0 ], [ 32.156898498535156, -13.306193351745605, 613.9 ], [ 32.155616760253906, -13.306443214416504, 612.1 ], [ 32.154239654541016, -13.306313514709473, 610.9 ], [ 32.152923583984375, -13.306148529052734, 611.9 ], [ 32.151653289794922, -13.306156158447266, 612.4 ], [ 32.150424957275391, -13.306382179260254, 611.5 ], [ 32.149055480957031, -13.306624412536621, 611.3 ], [ 32.147598266601562, -13.306692123413086, 612.2 ], [ 32.146221160888672, -13.306552886962891, 612.8 ], [ 32.144977569580078, -13.306281089782715, 614.2 ], [ 32.143733978271484, -13.305933952331543, 615.0 ], [ 32.14251708984375, -13.305497169494629, 615.8 ], [ 32.141357421875, -13.304862022399902, 614.5 ], [ 32.140312194824219, -13.304024696350098, 613.9 ], [ 32.139247894287109, -13.303112983703613, 614.2 ], [ 32.138191223144531, -13.302219390869141, 614.4 ], [ 32.137172698974609, -13.301351547241211, 613.9 ], [ 32.136024475097656, -13.300508499145508, 611.8 ], [ 32.13470458984375, -13.299851417541504, 612.1 ], [ 32.133354187011719, -13.299432754516602, 611.2 ], [ 32.132034301757812, -13.299138069152832, 611.1 ], [ 32.130756378173828, -13.298848152160645, 609.1 ], [ 32.129436492919922, -13.298542976379395, 607.3 ], [ 32.128120422363281, -13.298261642456055, 607.4 ], [ 32.126792907714844, -13.297986030578613, 606.7 ], [ 32.125473022460938, -13.297770500183105, 606.7 ], [ 32.124088287353516, -13.297695159912109, 606.3 ], [ 32.122722625732422, -13.297746658325195, 606.5 ], [ 32.121360778808594, -13.297901153564453, 607.0 ], [ 32.120029449462891, -13.298075675964355, 606.8 ], [ 32.118694305419922, -13.298232078552246, 605.1 ], [ 32.117427825927734, -13.298430442810059, 605.0 ], [ 32.116641998291016, -13.298552513122559, 604.2 ], [ 32.115837097167969, -13.298657417297363, 603.7 ], [ 32.1148681640625, -13.298673629760742, 604.1 ], [ 32.113887786865234, -13.298545837402344, 603.6 ], [ 32.112949371337891, -13.298252105712891, 604.4 ], [ 32.111957550048828, -13.297884941101074, 603.3 ], [ 32.110919952392578, -13.297514915466309, 603.4 ], [ 32.110000610351562, -13.297207832336426, 605.2 ], [ 32.109001159667969, -13.296937942504883, 604.4 ], [ 32.107826232910156, -13.296708106994629, 602.7 ], [ 32.106525421142578, -13.296442985534668, 600.4 ], [ 32.105236053466797, -13.296165466308594, 601.5 ], [ 32.103981018066406, -13.295890808105469, 600.9 ], [ 32.102718353271484, -13.295622825622559, 600.6 ], [ 32.101451873779297, -13.29533863067627, 598.8 ], [ 32.100231170654297, -13.295092582702637, 596.9 ], [ 32.099117279052734, -13.294875144958496, 596.3 ], [ 32.097991943359375, -13.294661521911621, 596.9 ], [ 32.096870422363281, -13.294477462768555, 595.7 ], [ 32.095718383789062, -13.294297218322754, 595.0 ], [ 32.094482421875, -13.294109344482422, 596.3 ], [ 32.093235015869141, -13.293906211853027, 594.2 ], [ 32.092002868652344, -13.29371166229248, 594.3 ], [ 32.090850830078125, -13.293594360351562, 594.4 ], [ 32.089702606201172, -13.293498039245605, 593.4 ], [ 32.088588714599609, -13.293422698974609, 592.4 ], [ 32.087738037109375, -13.293344497680664, 592.4 ], [ 32.086841583251953, -13.293279647827148, 590.6 ], [ 32.085849761962891, -13.293205261230469, 590.3 ], [ 32.0848388671875, -13.293159484863281, 589.8 ], [ 32.083854675292969, -13.293169021606445, 589.5 ], [ 32.082843780517578, -13.293538093566895, 590.0 ], [ 32.081939697265625, -13.294300079345703, 591.0 ], [ 32.081058502197266, -13.295200347900391, 592.0 ], [ 32.080211639404297, -13.296077728271484, 592.6 ], [ 32.079395294189453, -13.296911239624023, 592.3 ], [ 32.078670501708984, -13.297748565673828, 591.8 ], [ 32.078029632568359, -13.298491477966309, 591.7 ], [ 32.077602386474609, -13.298890113830566, 592.4 ], [ 32.077468872070312, -13.299030303955078, 591.2 ], [ 32.077125549316406, -13.299386024475098, 589.7 ], [ 32.076663970947266, -13.299880981445312, 588.9 ], [ 32.075954437255859, -13.300483703613281, 588.5 ], [ 32.075126647949219, -13.301006317138672, 588.2 ], [ 32.074222564697266, -13.301481246948242, 588.9 ], [ 32.073253631591797, -13.301772117614746, 588.5 ], [ 32.072513580322266, -13.301774978637695, 587.5 ], [ 32.072185516357422, -13.301803588867188, 587.6 ], [ 32.07171630859375, -13.301815032958984, 587.2 ], [ 32.070842742919922, -13.301822662353516, 587.0 ], [ 32.069816589355469, -13.301839828491211, 587.7 ], [ 32.068775177001953, -13.301845550537109, 587.1 ], [ 32.067741394042969, -13.301875114440918, 586.3 ], [ 32.066936492919922, -13.30186939239502, 585.6 ], [ 32.066165924072266, -13.301862716674805, 583.4 ], [ 32.065277099609375, -13.301612854003906, 582.9 ], [ 32.064510345458984, -13.301227569580078, 583.4 ], [ 32.063827514648438, -13.300676345825195, 582.3 ], [ 32.063304901123047, -13.300018310546875, 582.7 ], [ 32.063026428222656, -13.29961109161377, 585.6 ], [ 32.06268310546875, -13.299115180969238, 589.7 ], [ 32.062274932861328, -13.298540115356445, 593.0 ], [ 32.0616455078125, -13.297943115234375, 593.5 ], [ 32.060825347900391, -13.297420501708984, 593.5 ], [ 32.060035705566406, -13.29692268371582, 594.1 ], [ 32.059329986572266, -13.296536445617676, 593.3 ], [ 32.058681488037109, -13.29610538482666, 593.9 ], [ 32.058147430419922, -13.295758247375488, 594.5 ], [ 32.057613372802734, -13.295458793640137, 594.4 ], [ 32.056987762451172, -13.295161247253418, 594.4 ], [ 32.056163787841797, -13.294926643371582, 592.3 ], [ 32.055263519287109, -13.29481315612793, 588.8 ], [ 32.054332733154297, -13.294837951660156, 587.4 ], [ 32.053501129150391, -13.294882774353027, 587.7 ], [ 32.052925109863281, -13.294907569885254, 587.5 ], [ 32.052169799804688, -13.29505443572998, 586.9 ], [ 32.051292419433594, -13.295290946960449, 587.6 ], [ 32.050548553466797, -13.295668601989746, 588.6 ], [ 32.049934387207031, -13.296009063720703, 588.2 ], [ 32.049308776855469, -13.296293258666992, 588.9 ], [ 32.048992156982422, -13.296474456787109, 587.6 ], [ 32.048568725585938, -13.296707153320312, 587.5 ], [ 32.048000335693359, -13.296950340270996, 587.6 ], [ 32.047351837158203, -13.297309875488281, 587.1 ], [ 32.046695709228516, -13.297633171081543, 587.8 ], [ 32.046062469482422, -13.297945022583008, 588.0 ], [ 32.045448303222656, -13.298290252685547, 587.7 ], [ 32.044784545898438, -13.298583030700684, 586.6 ], [ 32.044284820556641, -13.298880577087402, 585.6 ], [ 32.043560028076172, -13.299134254455566, 584.6 ], [ 32.042743682861328, -13.299258232116699, 584.4 ], [ 32.041999816894531, -13.299346923828125, 585.3 ], [ 32.041309356689453, -13.299406051635742, 584.6 ], [ 32.040409088134766, -13.299627304077148, 585.0 ], [ 32.039443969726562, -13.300007820129395, 587.4 ], [ 32.038566589355469, -13.300525665283203, 588.0 ], [ 32.037696838378906, -13.301068305969238, 585.1 ], [ 32.036960601806641, -13.30183219909668, 582.7 ], [ 32.036365509033203, -13.302762031555176, 583.6 ], [ 32.035804748535156, -13.303713798522949, 584.7 ], [ 32.035053253173828, -13.3045654296875, 585.0 ], [ 32.034023284912109, -13.305146217346191, 586.3 ], [ 32.032810211181641, -13.305339813232422, 589.7 ], [ 32.031547546386719, -13.305261611938477, 597.6 ], [ 32.030349731445312, -13.305200576782227, 610.0 ], [ 32.029312133789062, -13.30543041229248, 622.5 ], [ 32.028564453125, -13.305870056152344, 629.3 ], [ 32.027858734130859, -13.306540489196777, 634.8 ], [ 32.027027130126953, -13.307226181030273, 641.9 ], [ 32.026115417480469, -13.30784797668457, 649.8 ], [ 32.025196075439453, -13.308348655700684, 657.9 ], [ 32.024265289306641, -13.30821704864502, 666.9 ], [ 32.023715972900391, -13.307579040527344, 670.6 ], [ 32.023696899414062, -13.306696891784668, 666.3 ], [ 32.023777008056641, -13.305739402770996, 657.9 ], [ 32.023632049560547, -13.304836273193359, 650.0 ], [ 32.023674011230469, -13.303915977478027, 641.3 ], [ 32.023681640625, -13.302894592285156, 631.3 ], [ 32.023685455322266, -13.301828384399414, 623.1 ], [ 32.023658752441406, -13.300815582275391, 613.6 ], [ 32.023612976074219, -13.299732208251953, 604.6 ], [ 32.023517608642578, -13.298616409301758, 597.2 ], [ 32.023040771484375, -13.297534942626953, 590.4 ], [ 32.022445678710938, -13.296360969543457, 588.7 ], [ 32.021999359130859, -13.295166969299316, 588.2 ], [ 32.021678924560547, -13.293904304504395, 584.8 ], [ 32.021343231201172, -13.292649269104004, 582.9 ], [ 32.020755767822266, -13.291546821594238, 584.1 ], [ 32.019802093505859, -13.290761947631836, 583.2 ], [ 32.018817901611328, -13.290130615234375, 582.2 ], [ 32.017799377441406, -13.289475440979004, 580.9 ], [ 32.016765594482422, -13.288815498352051, 580.4 ], [ 32.015777587890625, -13.288139343261719, 580.0 ], [ 32.014751434326172, -13.287415504455566, 580.4 ], [ 32.013721466064453, -13.286739349365234, 582.6 ], [ 32.012664794921875, -13.286196708679199, 583.7 ], [ 32.012027740478516, -13.285955429077148, 583.7 ], [ 32.011909484863281, -13.285894393920898, 582.9 ], [ 32.011558532714844, -13.285804748535156, 582.1 ], [ 32.010910034179688, -13.285600662231445, 581.5 ], [ 32.010028839111328, -13.285317420959473, 580.2 ], [ 32.009014129638672, -13.285258293151855, 578.4 ], [ 32.007858276367188, -13.285476684570312, 576.0 ], [ 32.006633758544922, -13.285734176635742, 576.2 ], [ 32.005519866943359, -13.285853385925293, 575.9 ], [ 32.004501342773438, -13.285645484924316, 576.7 ], [ 32.003425598144531, -13.285212516784668, 576.1 ], [ 32.002365112304688, -13.284952163696289, 575.0 ], [ 32.001712799072266, -13.284900665283203, 573.6 ], [ 32.001106262207031, -13.284746170043945, 573.1 ], [ 32.000324249267578, -13.284462928771973, 572.4 ], [ 31.999517440795898, -13.28415584564209, 573.4 ], [ 31.999235153198242, -13.284032821655273, 573.9 ], [ 31.99885368347168, -13.283900260925293, 573.7 ], [ 31.998214721679688, -13.283576011657715, 574.5 ], [ 31.99742317199707, -13.283056259155273, 575.1 ], [ 31.996612548828125, -13.282327651977539, 575.5 ], [ 31.995906829833984, -13.281407356262207, 575.6 ], [ 31.995393753051758, -13.280422210693359, 575.3 ], [ 31.99506950378418, -13.279717445373535, 574.7 ], [ 31.994861602783203, -13.279184341430664, 575.0 ], [ 31.994596481323242, -13.278573036193848, 574.6 ], [ 31.994230270385742, -13.277750015258789, 573.9 ], [ 31.993797302246094, -13.276768684387207, 573.9 ], [ 31.993326187133789, -13.275833129882812, 573.4 ], [ 31.992801666259766, -13.274985313415527, 572.7 ], [ 31.992300033569336, -13.274249076843262, 572.5 ], [ 31.991785049438477, -13.273584365844727, 572.9 ], [ 31.991138458251953, -13.272830963134766, 572.9 ], [ 31.99029541015625, -13.271976470947266, 573.2 ], [ 31.989557266235352, -13.27119255065918, 573.0 ], [ 31.988992691040039, -13.270506858825684, 572.3 ], [ 31.98851203918457, -13.269824028015137, 571.0 ], [ 31.987936019897461, -13.268978118896484, 569.3 ], [ 31.98735237121582, -13.268088340759277, 569.3 ], [ 31.986732482910156, -13.267221450805664, 569.1 ], [ 31.985963821411133, -13.266415596008301, 569.0 ], [ 31.985092163085938, -13.265790939331055, 569.3 ], [ 31.984165191650391, -13.26520824432373, 568.8 ], [ 31.983257293701172, -13.264530181884766, 569.0 ], [ 31.982492446899414, -13.263613700866699, 568.0 ], [ 31.981773376464844, -13.262688636779785, 568.1 ], [ 31.981054306030273, -13.261750221252441, 568.4 ], [ 31.980329513549805, -13.260785102844238, 568.3 ], [ 31.979606628417969, -13.259794235229492, 567.3 ], [ 31.978870391845703, -13.258766174316406, 566.9 ], [ 31.978187561035156, -13.257780075073242, 566.4 ], [ 31.977684020996094, -13.257041931152344, 566.7 ], [ 31.977148056030273, -13.256228446960449, 566.3 ], [ 31.976552963256836, -13.255312919616699, 565.8 ], [ 31.97590446472168, -13.254317283630371, 565.0 ], [ 31.975238800048828, -13.253284454345703, 564.4 ], [ 31.974515914916992, -13.252232551574707, 564.2 ], [ 31.973884582519531, -13.251503944396973, 565.1 ], [ 31.973480224609375, -13.25107479095459, 565.9 ], [ 31.972925186157227, -13.250493049621582, 566.3 ], [ 31.972368240356445, -13.249692916870117, 565.5 ], [ 31.971809387207031, -13.248738288879395, 563.8 ], [ 31.971170425415039, -13.247713088989258, 563.4 ], [ 31.970462799072266, -13.246678352355957, 563.5 ], [ 31.969730377197266, -13.245656967163086, 564.2 ], [ 31.969036102294922, -13.244686126708984, 563.1 ], [ 31.968400955200195, -13.243772506713867, 564.0 ], [ 31.967761993408203, -13.242873191833496, 563.1 ], [ 31.967134475708008, -13.242000579833984, 563.3 ], [ 31.966495513916016, -13.241101264953613, 563.1 ], [ 31.965822219848633, -13.240178108215332, 563.1 ], [ 31.965124130249023, -13.239240646362305, 562.2 ], [ 31.964317321777344, -13.238346099853516, 562.0 ], [ 31.963407516479492, -13.237540245056152, 562.6 ], [ 31.962429046630859, -13.236818313598633, 561.6 ], [ 31.961450576782227, -13.236048698425293, 561.9 ], [ 31.960721969604492, -13.234982490539551, 561.1 ], [ 31.960393905639648, -13.233736038208008, 560.5 ], [ 31.960245132446289, -13.232448577880859, 559.3 ], [ 31.960121154785156, -13.231244087219238, 558.6 ], [ 31.959993362426758, -13.23005199432373, 558.6 ], [ 31.959873199462891, -13.228858947753906, 559.1 ], [ 31.959722518920898, -13.22763729095459, 558.8 ], [ 31.959493637084961, -13.226395606994629, 557.9 ], [ 31.95909309387207, -13.225205421447754, 557.3 ], [ 31.958499908447266, -13.224080085754395, 557.6 ], [ 31.957757949829102, -13.223075866699219, 556.3 ], [ 31.956893920898438, -13.222160339355469, 557.4 ], [ 31.955902099609375, -13.22138500213623, 557.3 ], [ 31.954877853393555, -13.220620155334473, 557.2 ], [ 31.953836441040039, -13.219823837280273, 556.4 ], [ 31.952951431274414, -13.218928337097168, 556.5 ], [ 31.952217102050781, -13.217896461486816, 556.4 ], [ 31.951637268066406, -13.216752052307129, 556.4 ], [ 31.951118469238281, -13.215599060058594, 556.7 ], [ 31.950473785400391, -13.21453857421875, 555.9 ], [ 31.949562072753906, -13.213687896728516, 555.7 ], [ 31.948600769042969, -13.21291446685791, 556.4 ], [ 31.947660446166992, -13.212159156799316, 556.4 ], [ 31.946760177612305, -13.21143913269043, 556.7 ], [ 31.945911407470703, -13.210734367370605, 555.5 ], [ 31.944999694824219, -13.21001148223877, 554.9 ], [ 31.944135665893555, -13.209294319152832, 555.3 ], [ 31.943264007568359, -13.208617210388184, 555.2 ], [ 31.942407608032227, -13.207949638366699, 554.9 ], [ 31.9415283203125, -13.207275390625, 554.0 ], [ 31.940542221069336, -13.206707954406738, 552.7 ], [ 31.93943977355957, -13.206365585327148, 551.1 ], [ 31.938205718994141, -13.20625114440918, 549.8 ], [ 31.936918258666992, -13.206182479858398, 547.6 ], [ 31.935632705688477, -13.206125259399414, 546.6 ], [ 31.934370040893555, -13.206048965454102, 546.6 ], [ 31.93311882019043, -13.205999374389648, 546.2 ], [ 31.931921005249023, -13.205925941467285, 546.2 ], [ 31.930656433105469, -13.205898284912109, 546.1 ], [ 31.929351806640625, -13.205873489379883, 546.3 ], [ 31.928108215332031, -13.205853462219238, 546.5 ], [ 31.926834106445312, -13.205825805664062, 546.5 ], [ 31.925575256347656, -13.205804824829102, 545.7 ], [ 31.924341201782227, -13.205784797668457, 546.7 ], [ 31.923128128051758, -13.205757141113281, 545.0 ], [ 31.921932220458984, -13.20573616027832, 546.0 ], [ 31.920864105224609, -13.205526351928711, 547.0 ], [ 31.919767379760742, -13.205541610717773, 544.5 ], [ 31.918994903564453, -13.205849647521973, 544.5 ], [ 31.918632507324219, -13.206027030944824, 543.2 ], [ 31.918445587158203, -13.206052780151367, 541.5 ], [ 31.918251037597656, -13.205711364746094, 544.5 ], [ 31.917953491210938, -13.2052001953125, 546.0 ], [ 31.917535781860352, -13.204566955566406, 548.1 ], [ 31.916969299316406, -13.203819274902344, 547.2 ], [ 31.916280746459961, -13.203069686889648, 545.8 ], [ 31.915502548217773, -13.202393531799316, 544.8 ], [ 31.914617538452148, -13.20174503326416, 543.4 ], [ 31.913654327392578, -13.201113700866699, 542.8 ], [ 31.912694931030273, -13.200455665588379, 543.1 ], [ 31.911720275878906, -13.199824333190918, 545.5 ], [ 31.910711288452148, -13.199159622192383, 545.1 ], [ 31.909578323364258, -13.198558807373047, 543.1 ], [ 31.908464431762695, -13.198201179504395, 543.5 ], [ 31.907611846923828, -13.198028564453125, 544.3 ], [ 31.906574249267578, -13.19781494140625, 544.0 ], [ 31.905323028564453, -13.197566032409668, 542.9 ], [ 31.90412712097168, -13.197296142578125, 542.2 ], [ 31.902992248535156, -13.196803092956543, 543.0 ], [ 31.901882171630859, -13.196061134338379, 543.9 ], [ 31.900812149047852, -13.195283889770508, 544.9 ], [ 31.899751663208008, -13.194521903991699, 544.8 ], [ 31.898666381835938, -13.193759918212891, 544.7 ], [ 31.897617340087891, -13.193007469177246, 543.9 ], [ 31.896648406982422, -13.192310333251953, 543.9 ], [ 31.895708084106445, -13.191628456115723, 545.4 ], [ 31.894573211669922, -13.190832138061523, 543.9 ], [ 31.89344596862793, -13.190057754516602, 542.6 ], [ 31.892339706420898, -13.18940258026123, 541.1 ], [ 31.891277313232422, -13.188810348510742, 542.1 ], [ 31.890192031860352, -13.188187599182129, 542.5 ], [ 31.889137268066406, -13.187591552734375, 542.4 ], [ 31.888059616088867, -13.186988830566406, 543.4 ], [ 31.886981964111328, -13.186366081237793, 544.5 ], [ 31.885988235473633, -13.185793876647949, 545.5 ], [ 31.885038375854492, -13.185267448425293, 544.2 ], [ 31.884115219116211, -13.184699058532715, 543.6 ], [ 31.883317947387695, -13.183876037597656, 542.8 ], [ 31.882575988769531, -13.182988166809082, 542.5 ], [ 31.88178825378418, -13.182051658630371, 541.4 ], [ 31.880876541137695, -13.18126106262207, 540.6 ], [ 31.879899978637695, -13.180710792541504, 540.0 ], [ 31.878805160522461, -13.180349349975586, 540.3 ], [ 31.877754211425781, -13.180192947387695, 539.6 ], [ 31.876737594604492, -13.180022239685059, 541.0 ], [ 31.875757217407227, -13.179911613464355, 541.6 ], [ 31.874876022338867, -13.179770469665527, 540.2 ], [ 31.874011993408203, -13.179656028747559, 540.1 ], [ 31.873359680175781, -13.179558753967285, 540.4 ], [ 31.873140335083008, -13.179530143737793, 540.8 ], [ 31.872756958007812, -13.17951774597168, 539.0 ], [ 31.87224006652832, -13.179495811462402, 538.4 ], [ 31.871885299682617, -13.179486274719238, 538.7 ], [ 31.871482849121094, -13.179438591003418, 539.9 ], [ 31.871191024780273, -13.179408073425293, 540.9 ], [ 31.870870590209961, -13.179379463195801, 540.9 ], [ 31.870527267456055, -13.179317474365234, 540.8 ], [ 31.870227813720703, -13.179288864135742, 541.8 ], [ 31.869977951049805, -13.17922306060791, 542.1 ], [ 31.869585037231445, -13.179164886474609, 542.7 ], [ 31.869281768798828, -13.179129600524902, 543.4 ], [ 31.868900299072266, -13.179078102111816, 542.3 ], [ 31.868518829345703, -13.179017066955566, 541.6 ], [ 31.868135452270508, -13.17891788482666, 541.6 ], [ 31.867755889892578, -13.178755760192871, 541.8 ], [ 31.867406845092773, -13.178544044494629, 541.1 ], [ 31.867105484008789, -13.178302764892578, 540.2 ], [ 31.866836547851562, -13.178007125854492, 540.5 ], [ 31.866605758666992, -13.177687644958496, 542.1 ], [ 31.866260528564453, -13.177230834960938, 540.3 ], [ 31.865789413452148, -13.176603317260742, 539.4 ], [ 31.865303039550781, -13.17592716217041, 538.5 ], [ 31.864763259887695, -13.175161361694336, 538.0 ], [ 31.864175796508789, -13.174411773681641, 538.6 ], [ 31.86357307434082, -13.173568725585938, 538.0 ], [ 31.863033294677734, -13.172806739807129, 539.6 ], [ 31.862651824951172, -13.172289848327637, 541.0 ], [ 31.862197875976562, -13.171562194824219, 540.6 ], [ 31.861825942993164, -13.170695304870605, 538.5 ], [ 31.861492156982422, -13.169679641723633, 538.6 ], [ 31.861171722412109, -13.168643951416016, 537.6 ], [ 31.860633850097656, -13.167728424072266, 539.9 ], [ 31.859796524047852, -13.167037963867188, 539.1 ], [ 31.859113693237305, -13.166169166564941, 538.0 ], [ 31.858837127685547, -13.165029525756836, 538.9 ], [ 31.859102249145508, -13.163822174072266, 537.9 ], [ 31.859689712524414, -13.162775993347168, 536.6 ], [ 31.860256195068359, -13.161768913269043, 535.5 ], [ 31.860830307006836, -13.160752296447754, 535.5 ], [ 31.861293792724609, -13.15975284576416, 535.9 ], [ 31.861272811889648, -13.158825874328613, 536.8 ], [ 31.860807418823242, -13.157928466796875, 536.5 ], [ 31.86005973815918, -13.157082557678223, 536.3 ], [ 31.859294891357422, -13.156262397766113, 536.5 ], [ 31.858617782592773, -13.155401229858398, 537.1 ], [ 31.858104705810547, -13.154548645019531, 537.0 ], [ 31.857936859130859, -13.154180526733398, 537.6 ], [ 31.857564926147461, -13.15342903137207, 537.2 ], [ 31.857046127319336, -13.152423858642578, 536.2 ], [ 31.856550216674805, -13.151448249816895, 535.5 ], [ 31.856058120727539, -13.150450706481934, 536.3 ], [ 31.855823516845703, -13.149321556091309, 536.0 ], [ 31.855804443359375, -13.148122787475586, 536.3 ], [ 31.855785369873047, -13.146982192993164, 535.5 ], [ 31.855766296386719, -13.145891189575195, 535.2 ], [ 31.855579376220703, -13.144804954528809, 535.1 ], [ 31.855138778686523, -13.143718719482422, 534.4 ], [ 31.854642868041992, -13.142568588256836, 532.5 ], [ 31.854137420654297, -13.141406059265137, 532.8 ], [ 31.853595733642578, -13.140291213989258, 532.6 ], [ 31.852684020996094, -13.139432907104492, 533.1 ], [ 31.851606369018555, -13.138647079467773, 532.1 ], [ 31.850555419921875, -13.137905120849609, 531.4 ], [ 31.849517822265625, -13.137157440185547, 531.1 ], [ 31.848430633544922, -13.136458396911621, 530.8 ], [ 31.847133636474609, -13.136076927185059, 529.6 ], [ 31.845853805541992, -13.136111259460449, 528.7 ], [ 31.844694137573242, -13.136474609375, 526.6 ], [ 31.843570709228516, -13.136894226074219, 524.8 ], [ 31.842374801635742, -13.137364387512207, 525.1 ], [ 31.841224670410156, -13.137777328491211, 525.1 ], [ 31.840099334716797, -13.137814521789551, 526.7 ], [ 31.838994979858398, -13.137407302856445, 528.1 ], [ 31.837957382202148, -13.13703441619873, 527.8 ], [ 31.836969375610352, -13.136637687683105, 529.1 ], [ 31.836034774780273, -13.136038780212402, 527.8 ], [ 31.835124969482422, -13.135307312011719, 527.7 ], [ 31.834165573120117, -13.134565353393555, 527.9 ], [ 31.833255767822266, -13.133658409118652, 528.3 ], [ 31.832561492919922, -13.132535934448242, 527.7 ], [ 31.83198356628418, -13.131479263305664, 528.7 ], [ 31.831411361694336, -13.130474090576172, 528.9 ], [ 31.830841064453125, -13.129482269287109, 528.5 ], [ 31.830249786376953, -13.128425598144531, 528.4 ], [ 31.829563140869141, -13.127418518066406, 527.8 ], [ 31.828805923461914, -13.126505851745605, 529.2 ], [ 31.82805061340332, -13.125629425048828, 530.3 ], [ 31.827297210693359, -13.124710083007812, 530.8 ], [ 31.826456069946289, -13.123870849609375, 528.9 ], [ 31.825601577758789, -13.123085021972656, 528.1 ], [ 31.824737548828125, -13.122318267822266, 528.3 ], [ 31.824094772338867, -13.121723175048828, 529.0 ], [ 31.823478698730469, -13.121140480041504, 528.7 ], [ 31.822774887084961, -13.120487213134766, 528.5 ], [ 31.822055816650391, -13.119861602783203, 528.1 ], [ 31.821409225463867, -13.1192626953125, 528.1 ], [ 31.820899963378906, -13.11878490447998, 528.2 ], [ 31.820461273193359, -13.118393898010254, 529.1 ], [ 31.820058822631836, -13.118023872375488, 527.9 ], [ 31.819648742675781, -13.117650032043457, 528.4 ], [ 31.819211959838867, -13.117255210876465, 528.2 ], [ 31.81879997253418, -13.116867065429688, 527.3 ], [ 31.818332672119141, -13.11644172668457, 527.4 ], [ 31.817829132080078, -13.115958213806152, 527.4 ], [ 31.817142486572266, -13.115344047546387, 527.6 ], [ 31.816253662109375, -13.114884376525879, 526.3 ], [ 31.815223693847656, -13.114687919616699, 523.9 ], [ 31.814172744750977, -13.11452579498291, 524.2 ], [ 31.813350677490234, -13.114415168762207, 525.8 ], [ 31.812765121459961, -13.114315986633301, 525.7 ], [ 31.812036514282227, -13.11420726776123, 523.5 ], [ 31.811309814453125, -13.114079475402832, 523.6 ], [ 31.810512542724609, -13.113959312438965, 523.6 ], [ 31.809743881225586, -13.113838195800781, 523.6 ], [ 31.809368133544922, -13.113797187805176, 523.6 ], [ 31.808971405029297, -13.113779067993164, 523.9 ], [ 31.808708190917969, -13.113716125488281, 523.7 ], [ 31.808307647705078, -13.113615989685059, 523.4 ], [ 31.807971954345703, -13.113592147827148, 521.1 ], [ 31.807722091674805, -13.113582611083984, 522.0 ], [ 31.807397842407227, -13.113504409790039, 522.0 ], [ 31.807102203369141, -13.113430023193359, 522.1 ], [ 31.80689811706543, -13.113400459289551, 523.4 ], [ 31.806573867797852, -13.11335563659668, 522.9 ], [ 31.806163787841797, -13.113310813903809, 522.7 ], [ 31.805883407592773, -13.113240242004395, 523.5 ], [ 31.805730819702148, -13.113188743591309, 523.4 ], [ 31.805557250976562, -13.113158226013184, 522.1 ], [ 31.805356979370117, -13.113083839416504, 521.4 ], [ 31.805088043212891, -13.112992286682129, 524.8 ], [ 31.804733276367188, -13.112878799438477, 525.7 ], [ 31.804338455200195, -13.112764358520508, 524.3 ], [ 31.803979873657227, -13.112655639648438, 525.0 ], [ 31.803644180297852, -13.112567901611328, 524.8 ], [ 31.803359985351562, -13.112486839294434, 524.6 ], [ 31.803226470947266, -13.112445831298828, 524.0 ], [ 31.803050994873047, -13.112374305725098, 523.0 ], [ 31.802776336669922, -13.112292289733887, 522.2 ], [ 31.802583694458008, -13.112251281738281, 521.4 ], [ 31.802318572998047, -13.112181663513184, 522.1 ], [ 31.802061080932617, -13.112102508544922, 522.7 ], [ 31.801834106445312, -13.111995697021484, 522.9 ], [ 31.80152702331543, -13.111930847167969, 523.5 ], [ 31.8011474609375, -13.111799240112305, 523.3 ], [ 31.80078125, -13.11165714263916, 524.1 ], [ 31.800453186035156, -13.11151123046875, 525.2 ], [ 31.799949645996094, -13.111330986022949, 525.5 ], [ 31.799367904663086, -13.111144065856934, 524.5 ], [ 31.798742294311523, -13.110956192016602, 525.1 ], [ 31.798093795776367, -13.11075496673584, 524.2 ], [ 31.797323226928711, -13.110531806945801, 522.0 ], [ 31.796535491943359, -13.11030387878418, 522.3 ], [ 31.795780181884766, -13.11009407043457, 521.6 ], [ 31.79510498046875, -13.109878540039062, 522.0 ], [ 31.794771194458008, -13.109823226928711, 521.4 ], [ 31.794715881347656, -13.109931945800781, 520.4 ], [ 31.79463005065918, -13.110152244567871, 519.8 ], [ 31.794534683227539, -13.11038875579834, 519.3 ], [ 31.794515609741211, -13.110465049743652, 518.8 ], [ 31.794410705566406, -13.110610961914062, 518.9 ], [ 31.794118881225586, -13.110944747924805, 518.0 ], [ 31.793630599975586, -13.111354827880859, 519.4 ], [ 31.79302978515625, -13.111799240112305, 520.2 ], [ 31.792425155639648, -13.112255096435547, 520.6 ], [ 31.791976928710938, -13.112594604492188, 519.4 ], [ 31.791769027709961, -13.112764358520508, 518.4 ], [ 31.791481018066406, -13.112992286682129, 519.3 ], [ 31.791219711303711, -13.113171577453613, 521.0 ], [ 31.790908813476562, -13.113408088684082, 520.6 ], [ 31.790489196777344, -13.113750457763672, 519.9 ], [ 31.790037155151367, -13.114094734191895, 520.4 ], [ 31.789741516113281, -13.114274978637695, 520.1 ], [ 31.789466857910156, -13.114460945129395, 519.0 ], [ 31.78919792175293, -13.114675521850586, 519.2 ], [ 31.788820266723633, -13.11492919921875, 518.4 ], [ 31.788278579711914, -13.115299224853516, 518.5 ], [ 31.788059234619141, -13.115469932556152, 518.2 ], [ 31.787664413452148, -13.11571216583252, 517.2 ], [ 31.787387847900391, -13.115891456604004, 518.0 ], [ 31.787069320678711, -13.11609935760498, 518.5 ], [ 31.786781311035156, -13.116288185119629, 518.7 ], [ 31.786445617675781, -13.11650562286377, 518.6 ], [ 31.786270141601562, -13.116611480712891, 518.7 ], [ 31.786102294921875, -13.116747856140137, 517.4 ], [ 31.78582763671875, -13.116913795471191, 515.1 ], [ 31.785629272460938, -13.117046356201172, 515.9 ], [ 31.785366058349609, -13.117202758789062, 516.8 ], [ 31.785078048706055, -13.117396354675293, 517.3 ], [ 31.784788131713867, -13.117605209350586, 515.3 ], [ 31.784622192382812, -13.117733001708984, 516.4 ], [ 31.784366607666016, -13.117891311645508, 517.3 ], [ 31.784088134765625, -13.118051528930664, 518.4 ], [ 31.7838134765625, -13.118251800537109, 518.5 ], [ 31.783437728881836, -13.118494987487793, 518.7 ], [ 31.783002853393555, -13.118773460388184, 519.4 ], [ 31.782503128051758, -13.119091033935547, 521.0 ], [ 31.781942367553711, -13.119504928588867, 520.5 ], [ 31.781347274780273, -13.120059967041016, 520.6 ], [ 31.780805587768555, -13.120597839355469, 520.4 ], [ 31.780368804931641, -13.12101936340332, 520.4 ], [ 31.779905319213867, -13.121467590332031, 521.9 ], [ 31.779449462890625, -13.121914863586426, 523.2 ], [ 31.778993606567383, -13.122355461120605, 521.5 ], [ 31.778476715087891, -13.122852325439453, 521.5 ], [ 31.777851104736328, -13.123308181762695, 521.2 ], [ 31.777454376220703, -13.123495101928711, 520.6 ], [ 31.777395248413086, -13.123515129089355, 519.4 ], [ 31.777294158935547, -13.123605728149414, 519.5 ], [ 31.77717399597168, -13.12371826171875, 519.0 ], [ 31.77699089050293, -13.123896598815918, 518.6 ], [ 31.776943206787109, -13.123933792114258, 517.7 ], [ 31.776790618896484, -13.124114990234375, 518.9 ], [ 31.776634216308594, -13.124303817749023, 518.5 ], [ 31.776466369628906, -13.12452220916748, 518.6 ], [ 31.776266098022461, -13.124792098999023, 518.8 ], [ 31.776090621948242, -13.12507152557373, 519.6 ], [ 31.775888442993164, -13.125372886657715, 519.0 ], [ 31.77569580078125, -13.125673294067383, 519.4 ], [ 31.775533676147461, -13.125933647155762, 520.4 ], [ 31.775356292724609, -13.12617301940918, 521.1 ], [ 31.775129318237305, -13.126429557800293, 521.4 ], [ 31.774803161621094, -13.126682281494141, 521.1 ], [ 31.774423599243164, -13.126828193664551, 520.2 ], [ 31.774024963378906, -13.12693977355957, 520.6 ], [ 31.773687362670898, -13.127086639404297, 518.8 ], [ 31.773221969604492, -13.127276420593262, 519.3 ], [ 31.77271842956543, -13.127446174621582, 519.8 ], [ 31.772239685058594, -13.127554893493652, 520.8 ], [ 31.771751403808594, -13.127631187438965, 520.4 ], [ 31.771263122558594, -13.127671241760254, 521.5 ], [ 31.770830154418945, -13.127725601196289, 521.6 ], [ 31.770315170288086, -13.127927780151367, 521.9 ], [ 31.769847869873047, -13.128215789794922, 521.7 ], [ 31.769392013549805, -13.128564834594727, 521.5 ], [ 31.769126892089844, -13.128807067871094, 520.0 ], [ 31.768945693969727, -13.129033088684082, 520.2 ], [ 31.768749237060547, -13.129300117492676, 521.3 ], [ 31.768503189086914, -13.129674911499023, 523.1 ], [ 31.768234252929688, -13.13011646270752, 522.8 ], [ 31.767948150634766, -13.130581855773926, 523.1 ], [ 31.767581939697266, -13.130970001220703, 522.4 ], [ 31.767265319824219, -13.131268501281738, 521.0 ], [ 31.767126083374023, -13.131382942199707, 520.5 ], [ 31.767082214355469, -13.131425857543945, 518.8 ], [ 31.766874313354492, -13.131607055664062, 519.5 ], [ 31.766653060913086, -13.131848335266113, 519.0 ], [ 31.766439437866211, -13.132085800170898, 518.2 ], [ 31.766220092773438, -13.13233470916748, 518.6 ], [ 31.766000747680664, -13.132588386535645, 517.6 ], [ 31.76576042175293, -13.132887840270996, 518.6 ], [ 31.765480041503906, -13.133220672607422, 517.9 ], [ 31.765153884887695, -13.133550643920898, 516.6 ], [ 31.764860153198242, -13.133840560913086, 516.6 ], [ 31.764558792114258, -13.134119987487793, 515.9 ], [ 31.764286041259766, -13.134395599365234, 516.0 ], [ 31.763984680175781, -13.134685516357422, 516.0 ], [ 31.763641357421875, -13.134979248046875, 516.5 ], [ 31.763238906860352, -13.135336875915527, 516.6 ], [ 31.762834548950195, -13.135688781738281, 517.1 ], [ 31.762432098388672, -13.135998725891113, 517.7 ], [ 31.762125015258789, -13.136165618896484, 516.4 ], [ 31.761857986450195, -13.136233329772949, 518.3 ], [ 31.761581420898438, -13.136117935180664, 517.0 ], [ 31.761215209960938, -13.136065483093262, 516.9 ], [ 31.760923385620117, -13.136082649230957, 516.8 ], [ 31.760570526123047, -13.136252403259277, 516.8 ], [ 31.760181427001953, -13.136490821838379, 517.7 ], [ 31.759731292724609, -13.136634826660156, 516.5 ], [ 31.759405136108398, -13.136521339416504, 516.6 ], [ 31.759180068969727, -13.13634204864502, 516.1 ], [ 31.758974075317383, -13.136163711547852, 517.5 ], [ 31.758737564086914, -13.135895729064941, 518.2 ], [ 31.758321762084961, -13.135845184326172, 518.4 ], [ 31.757999420166016, -13.135886192321777, 516.9 ], [ 31.757627487182617, -13.135920524597168, 516.7 ], [ 31.757213592529297, -13.135985374450684, 517.0 ], [ 31.756757736206055, -13.136041641235352, 515.8 ], [ 31.756309509277344, -13.136049270629883, 514.8 ], [ 31.755874633789062, -13.136048316955566, 513.9 ], [ 31.755596160888672, -13.136045455932617, 514.6 ], [ 31.755208969116211, -13.136021614074707, 514.0 ], [ 31.754804611206055, -13.135974884033203, 513.6 ], [ 31.754396438598633, -13.13592529296875, 514.7 ], [ 31.754016876220703, -13.135886192321777, 516.0 ], [ 31.75370979309082, -13.135887145996094, 516.6 ], [ 31.75352668762207, -13.135878562927246, 517.4 ], [ 31.753196716308594, -13.135889053344727, 517.6 ], [ 31.752849578857422, -13.135879516601562, 516.1 ], [ 31.752565383911133, -13.13584041595459, 516.0 ], [ 31.752357482910156, -13.135835647583008, 515.7 ], [ 31.752019882202148, -13.135770797729492, 516.1 ], [ 31.751791000366211, -13.135726928710938, 515.6 ], [ 31.751605987548828, -13.135663032531738, 516.6 ], [ 31.751262664794922, -13.135528564453125, 513.9 ], [ 31.750795364379883, -13.135369300842285, 514.4 ], [ 31.750341415405273, -13.135172843933105, 513.8 ], [ 31.749923706054688, -13.134981155395508, 515.5 ], [ 31.749513626098633, -13.134777069091797, 516.0 ], [ 31.749118804931641, -13.13459587097168, 517.1 ], [ 31.748676300048828, -13.134400367736816, 518.4 ], [ 31.748167037963867, -13.134317398071289, 517.0 ], [ 31.747634887695312, -13.134363174438477, 514.6 ], [ 31.747276306152344, -13.134353637695312, 514.2 ], [ 31.747028350830078, -13.134398460388184, 514.2 ], [ 31.746574401855469, -13.134382247924805, 515.0 ], [ 31.746086120605469, -13.134207725524902, 512.7 ], [ 31.745813369750977, -13.133907318115234, 514.3 ], [ 31.74560546875, -13.133401870727539, 515.6 ], [ 31.745481491088867, -13.132859230041504, 517.0 ], [ 31.745454788208008, -13.132266998291016, 517.3 ], [ 31.745428085327148, -13.131698608398438, 518.4 ], [ 31.745370864868164, -13.131195068359375, 517.5 ], [ 31.745361328125, -13.130820274353027, 517.9 ], [ 31.74537467956543, -13.130285263061523, 518.1 ], [ 31.745389938354492, -13.12968921661377, 516.4 ], [ 31.745388031005859, -13.129088401794434, 516.7 ], [ 31.745367050170898, -13.128534317016602, 517.4 ], [ 31.745328903198242, -13.12813663482666, 517.5 ], [ 31.745267868041992, -13.127846717834473, 517.0 ], [ 31.745174407958984, -13.127604484558105, 513.5 ], [ 31.745248794555664, -13.127249717712402, 513.6 ], [ 31.745330810546875, -13.126995086669922, 514.1 ], [ 31.745426177978516, -13.126679420471191, 514.6 ], [ 31.745529174804688, -13.126296997070312, 514.1 ], [ 31.745595932006836, -13.125876426696777, 514.7 ], [ 31.745611190795898, -13.125347137451172, 514.3 ], [ 31.745571136474609, -13.124788284301758, 514.1 ], [ 31.745542526245117, -13.124356269836426, 515.3 ], [ 31.745487213134766, -13.123859405517578, 517.5 ], [ 31.745441436767578, -13.123337745666504, 518.6 ], [ 31.745349884033203, -13.122821807861328, 520.1 ], [ 31.745355606079102, -13.12227725982666, 519.3 ], [ 31.745336532592773, -13.121777534484863, 518.2 ], [ 31.745153427124023, -13.121267318725586, 515.7 ], [ 31.744813919067383, -13.120794296264648, 514.6 ], [ 31.744573593139648, -13.120508193969727, 514.2 ], [ 31.744386672973633, -13.120280265808105, 514.5 ], [ 31.744194030761719, -13.120058059692383, 516.2 ], [ 31.744058609008789, -13.119931221008301, 516.5 ], [ 31.743764877319336, -13.119762420654297, 515.7 ], [ 31.743467330932617, -13.119535446166992, 515.7 ], [ 31.743307113647461, -13.119438171386719, 516.3 ], [ 31.74315071105957, -13.11931324005127, 516.4 ], [ 31.742897033691406, -13.119112014770508, 514.9 ], [ 31.742610931396484, -13.118842124938965, 513.9 ], [ 31.742366790771484, -13.118577003479004, 514.9 ], [ 31.742176055908203, -13.118388175964355, 513.1 ], [ 31.74195671081543, -13.118204116821289, 513.2 ], [ 31.741907119750977, -13.118139266967773, 514.1 ], [ 31.741884231567383, -13.118097305297852, 515.8 ], [ 31.741697311401367, -13.117955207824707, 513.4 ], [ 31.74146842956543, -13.117777824401855, 513.1 ], [ 31.741365432739258, -13.11747932434082, 513.4 ], [ 31.741231918334961, -13.117185592651367, 512.9 ], [ 31.741094589233398, -13.116934776306152, 514.2 ], [ 31.740978240966797, -13.116650581359863, 513.6 ], [ 31.740964339838179, -13.116507225970997, 513.873307309519987 ] ], [ [ 32.732042964777037, -13.702107436326099, 1200.896280400570959 ], [ 32.732009887695312, -13.70213794708252, 1199.8 ], [ 32.731906890869141, -13.702173233032227, 1200.4 ], [ 32.731882636642922, -13.702183473705519, 1201.302338611449613 ] ], [ [ 32.731882636642922, -13.702183473705519, 1201.302338611449613 ], [ 32.731891632080078, -13.702169418334961, 1202.2 ], [ 32.732042964777037, -13.702107436326099, 1200.896280400570959 ] ], [ [ 32.731882636642922, -13.702183473705519, 1201.302338611449613 ], [ 32.731735229492188, -13.702245712280273, 1200.6 ], [ 32.731704711914062, -13.702291488647461, 1201.3 ], [ 32.731815338134766, -13.702288627624512, 1202.0 ], [ 32.731882636642922, -13.702183473705519, 1201.302338611449613 ] ], [ [ 32.732042964777037, -13.702107436326099, 1200.896280400570959 ], [ 32.732070922851562, -13.702095985412598, 1201.6 ], [ 32.732076179514038, -13.702076798594556, 1200.958280657393061 ] ], [ [ 32.732076179514038, -13.702076798594556, 1200.958280657393061 ], [ 32.732042964777037, -13.702107436326099, 1200.896280400570959 ] ], [ [ 33.756314366934163, -13.973983682389614, 1093.479332676462036 ], [ 33.755718231201172, -13.974050521850586, 1094.9 ], [ 33.754917144775391, -13.974154472351074, 1097.0 ], [ 33.754127502441406, -13.974191665649414, 1098.4 ], [ 33.753623962402344, -13.974208831787109, 1099.6 ], [ 33.753124237060547, -13.974230766296387, 1100.2 ], [ 33.752616882324219, -13.974265098571777, 1099.7 ], [ 33.752117156982422, -13.974285125732422, 1099.5 ], [ 33.751640319824219, -13.974307060241699, 1100.3 ], [ 33.751201629638672, -13.974350929260254, 1099.1 ], [ 33.750736236572266, -13.974360466003418, 1100.1 ], [ 33.750331878662109, -13.974374771118164, 1100.1 ], [ 33.749946594238281, -13.974387168884277, 1100.3 ], [ 33.749526977539062, -13.974427223205566, 1101.5 ], [ 33.749153137207031, -13.974441528320312, 1101.8 ], [ 33.748874664306641, -13.974452972412109, 1102.4 ], [ 33.748538970947266, -13.974477767944336, 1103.2 ], [ 33.748146057128906, -13.974490165710449, 1102.6 ], [ 33.747467041015625, -13.974525451660156, 1102.2 ], [ 33.746845245361328, -13.974562644958496, 1103.5 ], [ 33.746326446533203, -13.974602699279785, 1104.9 ], [ 33.745845794677734, -13.974624633789062, 1108.0 ], [ 33.745445251464844, -13.974658966064453, 1110.0 ], [ 33.745105743408203, -13.974666595458984, 1112.2 ], [ 33.74462890625, -13.974689483642578, 1113.5 ], [ 33.744235992431641, -13.97472095489502, 1115.0 ], [ 33.743843078613281, -13.974751472473145, 1115.4 ], [ 33.743438720703125, -13.974772453308105, 1115.3 ], [ 33.743049621582031, -13.974781036376953, 1113.6 ], [ 33.742630004882812, -13.974810600280762, 1113.3 ], [ 33.742176055908203, -13.974834442138672, 1112.2 ], [ 33.741748809814453, -13.974856376647949, 1111.4 ], [ 33.741554260253906, -13.974867820739746, 1111.7 ], [ 33.741153717041016, -13.974903106689453, 1111.6 ], [ 33.740547180175781, -13.974932670593262, 1109.9 ], [ 33.740085601806641, -13.974983215332031, 1108.6 ], [ 33.739837646484375, -13.975133895874023, 1108.0 ], [ 33.739513397216797, -13.975152969360352, 1107.5 ], [ 33.739143371582031, -13.975022315979004, 1105.9 ], [ 33.738777160644531, -13.975029945373535, 1105.5 ], [ 33.73846435546875, -13.975038528442383, 1104.8 ], [ 33.738231658935547, -13.975062370300293, 1105.2 ], [ 33.738086700439453, -13.97506046295166, 1104.9 ], [ 33.737789154052734, -13.975071907043457, 1105.7 ], [ 33.737503051757812, -13.975091934204102, 1104.8 ], [ 33.737174987792969, -13.975111961364746, 1104.9 ], [ 33.736835479736328, -13.975116729736328, 1103.2 ], [ 33.736351013183594, -13.975139617919922, 1101.7 ], [ 33.735698699951172, -13.975131988525391, 1101.3 ], [ 33.735038757324219, -13.975114822387695, 1099.9 ], [ 33.734577178955078, -13.975130081176758, 1100.5 ], [ 33.734310150146484, -13.97513484954834, 1100.2 ], [ 33.734092712402344, -13.975129127502441, 1100.3 ], [ 33.733844757080078, -13.975126266479492, 1101.5 ], [ 33.733562469482422, -13.975131988525391, 1102.9 ], [ 33.733322143554688, -13.975133895874023, 1103.0 ], [ 33.733013153076172, -13.975119590759277, 1103.0 ], [ 33.732608795166016, -13.975118637084961, 1104.0 ], [ 33.732192993164062, -13.975123405456543, 1104.5 ], [ 33.731822967529297, -13.975131988525391, 1105.1 ], [ 33.731422424316406, -13.975139617919922, 1105.5 ], [ 33.731029510498047, -13.975139617919922, 1107.2 ], [ 33.730728149414062, -13.975136756896973, 1108.4 ], [ 33.730323791503906, -13.975128173828125, 1109.3 ], [ 33.729907989501953, -13.975140571594238, 1110.7 ], [ 33.729503631591797, -13.975139617919922, 1111.4 ], [ 33.729156494140625, -13.97513484954834, 1112.9 ], [ 33.728771209716797, -13.975150108337402, 1112.3 ], [ 33.728366851806641, -13.975137710571289, 1112.9 ], [ 33.727981567382812, -13.975140571594238, 1112.9 ], [ 33.727569580078125, -13.975141525268555, 1113.4 ], [ 33.727169036865234, -13.975142478942871, 1113.5 ], [ 33.726734161376953, -13.975133895874023, 1113.0 ], [ 33.726287841796875, -13.975140571594238, 1113.4 ], [ 33.725875854492188, -13.97514533996582, 1114.4 ], [ 33.725475311279297, -13.97513484954834, 1114.7 ], [ 33.725070953369141, -13.975128173828125, 1116.6 ], [ 33.724716186523438, -13.975138664245605, 1117.3 ], [ 33.724311828613281, -13.975154876708984, 1117.8 ], [ 33.723888397216797, -13.975170135498047, 1117.5 ], [ 33.723583221435547, -13.975157737731934, 1118.3 ], [ 33.723297119140625, -13.975162506103516, 1119.0 ], [ 33.722984313964844, -13.975178718566895, 1119.7 ], [ 33.722682952880859, -13.975179672241211, 1119.3 ], [ 33.722503662109375, -13.975181579589844, 1119.5 ], [ 33.722164154052734, -13.97514820098877, 1120.5 ], [ 33.721649169921875, -13.975162506103516, 1119.7 ], [ 33.721054077148438, -13.975156784057617, 1119.3 ], [ 33.720359802246094, -13.975144386291504, 1118.8 ], [ 33.719589233398438, -13.975144386291504, 1117.3 ], [ 33.718799591064453, -13.975164413452148, 1118.2 ], [ 33.717987060546875, -13.975168228149414, 1116.7 ], [ 33.717220306396484, -13.975160598754883, 1117.4 ], [ 33.71649169921875, -13.975154876708984, 1116.7 ], [ 33.715690612792969, -13.975156784057617, 1117.2 ], [ 33.714851379394531, -13.975160598754883, 1116.5 ], [ 33.71417236328125, -13.975151062011719, 1114.5 ], [ 33.713523864746094, -13.975154876708984, 1113.0 ], [ 33.712917327880859, -13.975140571594238, 1113.8 ], [ 33.712165832519531, -13.975155830383301, 1113.9 ], [ 33.711330413818359, -13.975202560424805, 1113.2 ], [ 33.710548400878906, -13.975317001342773, 1112.7 ], [ 33.709835052490234, -13.975468635559082, 1110.0 ], [ 33.709140777587891, -13.975689888000488, 1108.4 ], [ 33.708465576171875, -13.975961685180664, 1105.9 ], [ 33.707675933837891, -13.976326942443848, 1104.0 ], [ 33.706874847412109, -13.976704597473145, 1102.4 ], [ 33.706199645996094, -13.977010726928711, 1103.7 ], [ 33.705646514892578, -13.977261543273926, 1103.6 ], [ 33.705097198486328, -13.977511405944824, 1104.7 ], [ 33.704509735107422, -13.977768898010254, 1105.2 ], [ 33.703784942626953, -13.978108406066895, 1108.2 ], [ 33.703113555908203, -13.978416442871094, 1108.6 ], [ 33.702503204345703, -13.978708267211914, 1108.3 ], [ 33.701862335205078, -13.978999137878418, 1106.8 ], [ 33.701225280761719, -13.979290008544922, 1108.0 ], [ 33.700603485107422, -13.979591369628906, 1107.8 ], [ 33.699939727783203, -13.979997634887695, 1106.7 ], [ 33.699314117431641, -13.98049259185791, 1108.1 ], [ 33.698806762695312, -13.980975151062012, 1107.8 ], [ 33.698390960693359, -13.981411933898926, 1108.6 ], [ 33.697914123535156, -13.981921195983887, 1107.6 ], [ 33.697406768798828, -13.982502937316895, 1107.7 ], [ 33.696849822998047, -13.983113288879395, 1107.0 ], [ 33.696277618408203, -13.983742713928223, 1106.2 ], [ 33.695728302001953, -13.984352111816406, 1104.7 ], [ 33.695167541503906, -13.984939575195312, 1103.7 ], [ 33.694587707519531, -13.985592842102051, 1103.0 ], [ 33.693992614746094, -13.986247062683105, 1100.0 ], [ 33.693401336669922, -13.986915588378906, 1097.9 ], [ 33.692939758300781, -13.98744010925293, 1097.4 ], [ 33.692600250244141, -13.98780345916748, 1095.9 ], [ 33.692188262939453, -13.988271713256836, 1096.3 ], [ 33.691753387451172, -13.988774299621582, 1096.0 ], [ 33.691352844238281, -13.989211082458496, 1097.0 ], [ 33.69085693359375, -13.989725112915039, 1099.2 ], [ 33.690235137939453, -13.990287780761719, 1104.4 ], [ 33.689529418945312, -13.990810394287109, 1105.4 ], [ 33.688789367675781, -13.991236686706543, 1107.0 ], [ 33.687957763671875, -13.99161434173584, 1108.7 ], [ 33.687046051025391, -13.991918563842773, 1110.8 ], [ 33.686225891113281, -13.992098808288574, 1113.6 ], [ 33.685501098632812, -13.992228507995605, 1114.8 ], [ 33.684818267822266, -13.992365837097168, 1115.7 ], [ 33.684169769287109, -13.992501258850098, 1115.6 ], [ 33.683444976806641, -13.992622375488281, 1116.0 ], [ 33.682704925537109, -13.992769241333008, 1115.6 ], [ 33.681869506835938, -13.99293327331543, 1116.2 ], [ 33.680957794189453, -13.993124008178711, 1116.0 ], [ 33.68017578125, -13.993285179138184, 1115.1 ], [ 33.679466247558594, -13.993438720703125, 1117.0 ], [ 33.678646087646484, -13.993592262268066, 1118.0 ], [ 33.677799224853516, -13.993762969970703, 1118.6 ], [ 33.677021026611328, -13.993926048278809, 1118.9 ], [ 33.676296234130859, -13.994083404541016, 1120.4 ], [ 33.675529479980469, -13.994237899780273, 1119.6 ], [ 33.674716949462891, -13.994414329528809, 1121.8 ], [ 33.673843383789062, -13.994595527648926, 1123.0 ], [ 33.672897338867188, -13.994793891906738, 1123.9 ], [ 33.671981811523438, -13.994993209838867, 1124.9 ], [ 33.671043395996094, -13.995181083679199, 1125.5 ], [ 33.670097351074219, -13.995378494262695, 1125.6 ], [ 33.669197082519531, -13.995565414428711, 1125.4 ], [ 33.668346405029297, -13.995739936828613, 1127.1 ], [ 33.667510986328125, -13.995902061462402, 1127.2 ], [ 33.666736602783203, -13.996028900146484, 1127.1 ], [ 33.665985107421875, -13.996109962463379, 1127.0 ], [ 33.665153503417969, -13.996206283569336, 1129.0 ], [ 33.664180755615234, -13.996303558349609, 1129.4 ], [ 33.663242340087891, -13.996365547180176, 1129.9 ], [ 33.662399291992188, -13.996373176574707, 1130.3 ], [ 33.661617279052734, -13.996353149414062, 1132.3 ], [ 33.660686492919922, -13.996322631835938, 1131.3 ], [ 33.659694671630859, -13.996279716491699, 1131.8 ], [ 33.658782958984375, -13.996212005615234, 1133.2 ], [ 33.657913208007812, -13.996105194091797, 1132.1 ], [ 33.656993865966797, -13.99598503112793, 1131.0 ], [ 33.656078338623047, -13.995807647705078, 1131.2 ], [ 33.655117034912109, -13.995591163635254, 1132.2 ], [ 33.654144287109375, -13.995356559753418, 1133.7 ], [ 33.653240203857422, -13.995114326477051, 1134.9 ], [ 33.652351379394531, -13.994879722595215, 1136.4 ], [ 33.651424407958984, -13.994629859924316, 1137.9 ], [ 33.650459289550781, -13.994332313537598, 1139.0 ], [ 33.649482727050781, -13.994009971618652, 1138.7 ], [ 33.648590087890625, -13.993701934814453, 1139.0 ], [ 33.647724151611328, -13.99336051940918, 1138.3 ], [ 33.646785736083984, -13.993000984191895, 1136.3 ], [ 33.645832061767578, -13.992588996887207, 1136.6 ], [ 33.644901275634766, -13.9921875, 1137.8 ], [ 33.64398193359375, -13.991790771484375, 1140.1 ], [ 33.643081665039062, -13.991392135620117, 1140.4 ], [ 33.642208099365234, -13.991024971008301, 1143.1 ], [ 33.641338348388672, -13.990647315979004, 1144.2 ], [ 33.640434265136719, -13.990261077880859, 1143.3 ], [ 33.639572143554688, -13.989875793457031, 1144.5 ], [ 33.638660430908203, -13.989482879638672, 1145.9 ], [ 33.637729644775391, -13.98908805847168, 1147.0 ], [ 33.636825561523438, -13.988726615905762, 1149.2 ], [ 33.635917663574219, -13.988396644592285, 1150.4 ], [ 33.634994506835938, -13.988077163696289, 1151.5 ], [ 33.634052276611328, -13.98778247833252, 1151.2 ], [ 33.633071899414062, -13.987513542175293, 1150.1 ], [ 33.632057189941406, -13.987264633178711, 1150.7 ], [ 33.631061553955078, -13.987042427062988, 1149.6 ], [ 33.630111694335938, -13.986851692199707, 1149.9 ], [ 33.629169464111328, -13.986678123474121, 1149.6 ], [ 33.628204345703125, -13.98654842376709, 1151.3 ], [ 33.6273193359375, -13.986449241638184, 1153.1 ], [ 33.626483917236328, -13.986380577087402, 1153.2 ], [ 33.6256103515625, -13.986310958862305, 1154.3 ], [ 33.624675750732422, -13.986224174499512, 1154.1 ], [ 33.623664855957031, -13.986143112182617, 1154.8 ], [ 33.622653961181641, -13.986054420471191, 1153.0 ], [ 33.62158203125, -13.985967636108398, 1154.0 ], [ 33.620502471923828, -13.985883712768555, 1154.5 ], [ 33.619407653808594, -13.985795974731445, 1152.3 ], [ 33.618366241455078, -13.985678672790527, 1153.7 ], [ 33.617328643798828, -13.985563278198242, 1154.0 ], [ 33.616287231445312, -13.985439300537109, 1154.2 ], [ 33.615249633789062, -13.98529052734375, 1155.0 ], [ 33.614234924316406, -13.985167503356934, 1156.1 ], [ 33.613201141357422, -13.985039710998535, 1158.8 ], [ 33.612163543701172, -13.984889984130859, 1158.8 ], [ 33.611042022705078, -13.984698295593262, 1158.7 ], [ 33.609912872314453, -13.984477043151855, 1155.7 ], [ 33.608810424804688, -13.984248161315918, 1153.8 ], [ 33.607795715332031, -13.984034538269043, 1154.4 ], [ 33.606838226318359, -13.983834266662598, 1152.1 ], [ 33.605812072753906, -13.983646392822266, 1151.1 ], [ 33.604740142822266, -13.983553886413574, 1150.0 ], [ 33.603694915771484, -13.983551979064941, 1151.4 ], [ 33.602668762207031, -13.983644485473633, 1150.9 ], [ 33.601596832275391, -13.983863830566406, 1150.9 ], [ 33.600521087646484, -13.984157562255859, 1149.9 ], [ 33.599521636962891, -13.98457145690918, 1149.5 ], [ 33.598621368408203, -13.985005378723145, 1149.5 ], [ 33.597763061523438, -13.985551834106445, 1150.3 ], [ 33.597007751464844, -13.986111640930176, 1150.9 ], [ 33.596328735351562, -13.986691474914551, 1149.9 ], [ 33.595718383789062, -13.987178802490234, 1149.0 ], [ 33.595218658447266, -13.987575531005859, 1149.0 ], [ 33.594951629638672, -13.987813949584961, 1150.5 ], [ 33.594856262207031, -13.987889289855957, 1150.5 ], [ 33.594749450683594, -13.987966537475586, 1150.6 ], [ 33.594356536865234, -13.988288879394531, 1151.0 ], [ 33.593772888183594, -13.988720893859863, 1151.2 ], [ 33.593128204345703, -13.989102363586426, 1151.0 ], [ 33.592460632324219, -13.989429473876953, 1150.1 ], [ 33.591892242431641, -13.98966121673584, 1150.2 ], [ 33.591400146484375, -13.98981761932373, 1149.6 ], [ 33.591098785400391, -13.989892959594727, 1150.1 ], [ 33.590862274169922, -13.989960670471191, 1151.5 ], [ 33.590423583984375, -13.990095138549805, 1151.2 ], [ 33.590000152587891, -13.990216255187988, 1151.9 ], [ 33.58953857421875, -13.990344047546387, 1152.9 ], [ 33.589076995849609, -13.99048900604248, 1153.9 ], [ 33.588443756103516, -13.990656852722168, 1154.4 ], [ 33.587692260742188, -13.990876197814941, 1155.6 ], [ 33.586910247802734, -13.991098403930664, 1156.1 ], [ 33.586132049560547, -13.991306304931641, 1157.7 ], [ 33.585330963134766, -13.991549491882324, 1159.1 ], [ 33.584430694580078, -13.991791725158691, 1159.3 ], [ 33.583541870117188, -13.992057800292969, 1159.7 ], [ 33.582698822021484, -13.992277145385742, 1159.9 ], [ 33.581813812255859, -13.992558479309082, 1160.6 ], [ 33.580894470214844, -13.992877960205078, 1162.3 ], [ 33.579944610595703, -13.993199348449707, 1162.7 ], [ 33.579010009765625, -13.993535995483398, 1165.1 ], [ 33.578067779541016, -13.993908882141113, 1165.6 ], [ 33.577125549316406, -13.994283676147461, 1167.3 ], [ 33.576183319091797, -13.994673728942871, 1167.6 ], [ 33.575260162353516, -13.995091438293457, 1167.9 ], [ 33.574359893798828, -13.995491027832031, 1167.5 ], [ 33.573459625244141, -13.995907783508301, 1168.8 ], [ 33.572505950927734, -13.996328353881836, 1169.2 ], [ 33.571544647216797, -13.99676513671875, 1170.7 ], [ 33.570575714111328, -13.997197151184082, 1171.7 ], [ 33.569606781005859, -13.997632026672363, 1171.7 ], [ 33.568603515625, -13.998076438903809, 1171.6 ], [ 33.567569732666016, -13.99852466583252, 1174.2 ], [ 33.566642761230469, -13.998935699462891, 1176.5 ], [ 33.565792083740234, -13.999305725097656, 1177.7 ], [ 33.565010070800781, -13.99964714050293, 1180.2 ], [ 33.564292907714844, -13.999965667724609, 1181.2 ], [ 33.563617706298828, -14.000263214111328, 1181.5 ], [ 33.562965393066406, -14.00054931640625, 1182.0 ], [ 33.562309265136719, -14.000842094421387, 1182.4 ], [ 33.5616455078125, -14.001134872436523, 1182.7 ], [ 33.56097412109375, -14.001433372497559, 1182.7 ], [ 33.560253143310547, -14.001724243164062, 1182.7 ], [ 33.5595703125, -14.002033233642578, 1183.4 ], [ 33.55889892578125, -14.002346038818359, 1183.9 ], [ 33.558208465576172, -14.00263786315918, 1184.3 ], [ 33.557521820068359, -14.002931594848633, 1184.6 ], [ 33.556827545166016, -14.003226280212402, 1184.9 ], [ 33.556129455566406, -14.003494262695312, 1184.3 ], [ 33.555408477783203, -14.003758430480957, 1185.4 ], [ 33.554683685302734, -14.00400447845459, 1185.9 ], [ 33.553924560546875, -14.00422191619873, 1186.0 ], [ 33.553020477294922, -14.004410743713379, 1186.7 ], [ 33.551849365234375, -14.00468635559082, 1187.6 ], [ 33.550727844238281, -14.004925727844238, 1187.2 ], [ 33.549705505371094, -14.005111694335938, 1186.0 ], [ 33.548667907714844, -14.005317687988281, 1186.8 ], [ 33.547626495361328, -14.005531311035156, 1187.3 ], [ 33.546585083007812, -14.005817413330078, 1186.7 ], [ 33.54559326171875, -14.006135940551758, 1186.0 ], [ 33.544658660888672, -14.006466865539551, 1186.8 ], [ 33.54376220703125, -14.006826400756836, 1187.9 ], [ 33.542900085449219, -14.007175445556641, 1188.9 ], [ 33.542163848876953, -14.007461547851562, 1189.0 ], [ 33.541324615478516, -14.007838249206543, 1189.1 ], [ 33.540416717529297, -14.008218765258789, 1188.4 ], [ 33.539508819580078, -14.008599281311035, 1189.3 ], [ 33.538665771484375, -14.008964538574219, 1189.3 ], [ 33.537845611572266, -14.009299278259277, 1190.4 ], [ 33.537025451660156, -14.009634971618652, 1190.4 ], [ 33.536247253417969, -14.00995922088623, 1190.7 ], [ 33.535469055175781, -14.010266304016113, 1190.4 ], [ 33.534664154052734, -14.010611534118652, 1191.3 ], [ 33.533847808837891, -14.011001586914062, 1191.7 ], [ 33.532997131347656, -14.011411666870117, 1191.4 ], [ 33.532184600830078, -14.011847496032715, 1191.7 ], [ 33.531539916992188, -14.012188911437988, 1191.9 ], [ 33.530746459960938, -14.012655258178711, 1191.6 ], [ 33.529808044433594, -14.013191223144531, 1192.1 ], [ 33.528839111328125, -14.013748168945312, 1192.5 ], [ 33.527885437011719, -14.014293670654297, 1192.7 ], [ 33.526939392089844, -14.014824867248535, 1193.6 ], [ 33.525951385498047, -14.015375137329102, 1195.0 ], [ 33.524971008300781, -14.01590633392334, 1194.4 ], [ 33.524028778076172, -14.016426086425781, 1193.2 ], [ 33.523109436035156, -14.016901016235352, 1193.0 ], [ 33.522220611572266, -14.017367362976074, 1195.2 ], [ 33.521320343017578, -14.017822265625, 1196.2 ], [ 33.520408630371094, -14.018296241760254, 1197.6 ], [ 33.519489288330078, -14.018771171569824, 1199.6 ], [ 33.518539428710938, -14.019259452819824, 1201.2 ], [ 33.517612457275391, -14.019725799560547, 1201.2 ], [ 33.516666412353516, -14.02021312713623, 1201.4 ], [ 33.515712738037109, -14.020705223083496, 1203.1 ], [ 33.514682769775391, -14.021171569824219, 1205.1 ], [ 33.513656616210938, -14.021631240844727, 1207.3 ], [ 33.512725830078125, -14.022068977355957, 1208.7 ], [ 33.511772155761719, -14.022492408752441, 1210.1 ], [ 33.510829925537109, -14.022920608520508, 1211.5 ], [ 33.50994873046875, -14.023322105407715, 1213.9 ], [ 33.509044647216797, -14.02372932434082, 1215.4 ], [ 33.508358001708984, -14.024030685424805, 1216.8 ], [ 33.508045196533203, -14.024163246154785, 1216.9 ], [ 33.507892608642578, -14.024221420288086, 1216.2 ], [ 33.507427215576172, -14.024435997009277, 1214.5 ], [ 33.506759643554688, -14.024711608886719, 1214.1 ], [ 33.506008148193359, -14.025001525878906, 1214.7 ], [ 33.50518798828125, -14.025348663330078, 1213.2 ], [ 33.504371643066406, -14.025674819946289, 1213.5 ], [ 33.503440856933594, -14.026058197021484, 1213.6 ], [ 33.502460479736328, -14.02645206451416, 1212.7 ], [ 33.501483917236328, -14.026847839355469, 1214.3 ], [ 33.500450134277344, -14.02724552154541, 1213.8 ], [ 33.499378204345703, -14.027536392211914, 1214.3 ], [ 33.498279571533203, -14.027770042419434, 1215.5 ], [ 33.497165679931641, -14.027918815612793, 1217.4 ], [ 33.496074676513672, -14.027999877929688, 1219.0 ], [ 33.495231628417969, -14.027989387512207, 1220.2 ], [ 33.494495391845703, -14.027917861938477, 1218.4 ], [ 33.493534088134766, -14.027861595153809, 1217.8 ], [ 33.492565155029297, -14.027764320373535, 1219.1 ], [ 33.49151611328125, -14.027661323547363, 1218.0 ], [ 33.490364074707031, -14.027555465698242, 1218.2 ], [ 33.489177703857422, -14.027413368225098, 1219.5 ], [ 33.488067626953125, -14.027194023132324, 1217.9 ], [ 33.487003326416016, -14.026943206787109, 1218.3 ], [ 33.486076354980469, -14.026712417602539, 1219.8 ], [ 33.485244750976562, -14.026487350463867, 1220.8 ], [ 33.484413146972656, -14.026271820068359, 1220.0 ], [ 33.483619689941406, -14.026071548461914, 1220.7 ], [ 33.483078002929688, -14.025920867919922, 1221.1 ], [ 33.482501983642578, -14.025785446166992, 1221.3 ], [ 33.481857299804688, -14.025601387023926, 1220.1 ], [ 33.481166839599609, -14.025444984436035, 1219.7 ], [ 33.480533599853516, -14.025286674499512, 1219.4 ], [ 33.480117797851562, -14.025177955627441, 1218.4 ], [ 33.479743957519531, -14.025063514709473, 1217.8 ], [ 33.479190826416016, -14.024897575378418, 1218.3 ], [ 33.478500366210938, -14.024714469909668, 1219.4 ], [ 33.477729797363281, -14.024494171142578, 1220.0 ], [ 33.476905822753906, -14.02424144744873, 1221.7 ], [ 33.476062774658203, -14.023982048034668, 1223.8 ], [ 33.475135803222656, -14.02372932434082, 1225.9 ], [ 33.474166870117188, -14.023439407348633, 1229.6 ], [ 33.47314453125, -14.023157119750977, 1234.1 ], [ 33.47210693359375, -14.022846221923828, 1236.4 ], [ 33.471065521240234, -14.022542953491211, 1239.1 ], [ 33.470073699951172, -14.022235870361328, 1240.0 ], [ 33.469066619873047, -14.021944999694824, 1240.9 ], [ 33.468025207519531, -14.021676063537598, 1242.5 ], [ 33.466922760009766, -14.021458625793457, 1243.0 ], [ 33.465805053710938, -14.021321296691895, 1243.2 ], [ 33.464653015136719, -14.021278381347656, 1243.8 ], [ 33.463512420654297, -14.021331787109375, 1245.6 ], [ 33.462368011474609, -14.021464347839355, 1248.0 ], [ 33.461223602294922, -14.021681785583496, 1250.5 ], [ 33.460071563720703, -14.021897315979004, 1253.7 ], [ 33.458984375, -14.022128105163574, 1255.7 ], [ 33.457958221435547, -14.022327423095703, 1254.3 ], [ 33.456836700439453, -14.022547721862793, 1251.0 ], [ 33.455650329589844, -14.022778511047363, 1246.9 ], [ 33.454452514648438, -14.023019790649414, 1241.9 ], [ 33.453281402587891, -14.02325439453125, 1238.2 ], [ 33.452083587646484, -14.023495674133301, 1233.7 ], [ 33.450912475585938, -14.023719787597656, 1228.5 ], [ 33.449748992919922, -14.023911476135254, 1225.4 ], [ 33.448646545410156, -14.024099349975586, 1225.3 ], [ 33.447536468505859, -14.024308204650879, 1224.1 ], [ 33.446430206298828, -14.024508476257324, 1223.0 ], [ 33.445323944091797, -14.024691581726074, 1222.3 ], [ 33.444210052490234, -14.024877548217773, 1220.8 ], [ 33.443038940429688, -14.025014877319336, 1218.7 ], [ 33.441822052001953, -14.025094032287598, 1215.6 ], [ 33.440582275390625, -14.025093078613281, 1211.8 ], [ 33.4393310546875, -14.025030136108398, 1209.2 ], [ 33.438060760498047, -14.024908065795898, 1206.6 ], [ 33.436729431152344, -14.024688720703125, 1204.7 ], [ 33.435428619384766, -14.024420738220215, 1205.5 ], [ 33.434165954589844, -14.024125099182129, 1206.4 ], [ 33.43292236328125, -14.02382755279541, 1208.2 ], [ 33.431690216064453, -14.023543357849121, 1209.2 ], [ 33.430507659912109, -14.023270606994629, 1211.2 ], [ 33.429313659667969, -14.022998809814453, 1210.2 ], [ 33.428089141845703, -14.022710800170898, 1208.5 ], [ 33.426841735839844, -14.022440910339355, 1207.0 ], [ 33.425540924072266, -14.022287368774414, 1204.3 ], [ 33.424201965332031, -14.022232055664062, 1203.0 ], [ 33.422893524169922, -14.022309303283691, 1199.9 ], [ 33.421607971191406, -14.022493362426758, 1198.0 ], [ 33.420372009277344, -14.022749900817871, 1196.4 ], [ 33.419178009033203, -14.022971153259277, 1194.5 ], [ 33.417991638183594, -14.02320384979248, 1191.9 ], [ 33.416843414306641, -14.0234375, 1189.5 ], [ 33.415691375732422, -14.023658752441406, 1187.3 ], [ 33.414512634277344, -14.023877143859863, 1185.4 ], [ 33.413295745849609, -14.024114608764648, 1183.9 ], [ 33.412078857421875, -14.024344444274902, 1182.7 ], [ 33.410842895507812, -14.024555206298828, 1180.5 ], [ 33.409599304199219, -14.024680137634277, 1179.0 ], [ 33.408351898193359, -14.02469539642334, 1177.2 ], [ 33.407093048095703, -14.024623870849609, 1175.0 ], [ 33.405838012695312, -14.024491310119629, 1172.5 ], [ 33.404579162597656, -14.024341583251953, 1170.0 ], [ 33.403316497802734, -14.024192810058594, 1168.7 ], [ 33.402042388916016, -14.02402400970459, 1167.6 ], [ 33.4007568359375, -14.023876190185547, 1167.0 ], [ 33.399478912353516, -14.023711204528809, 1166.4 ], [ 33.398250579833984, -14.023574829101562, 1165.6 ], [ 33.397132873535156, -14.02342414855957, 1164.5 ], [ 33.396076202392578, -14.023283004760742, 1163.7 ], [ 33.395126342773438, -14.023137092590332, 1161.1 ], [ 33.394309997558594, -14.023032188415527, 1161.3 ], [ 33.393413543701172, -14.022905349731445, 1157.8 ], [ 33.392581939697266, -14.02280330657959, 1155.1 ], [ 33.391773223876953, -14.022676467895508, 1154.0 ], [ 33.390933990478516, -14.022571563720703, 1154.8 ], [ 33.390125274658203, -14.022466659545898, 1154.3 ], [ 33.389392852783203, -14.022361755371094, 1153.2 ], [ 33.388759613037109, -14.022284507751465, 1152.1 ], [ 33.388160705566406, -14.022150993347168, 1152.0 ], [ 33.387294769287109, -14.022061347961426, 1151.9 ], [ 33.386268615722656, -14.021926879882812, 1149.2 ], [ 33.385219573974609, -14.021787643432617, 1148.3 ], [ 33.384174346923828, -14.021642684936523, 1146.3 ], [ 33.383064270019531, -14.021515846252441, 1142.7 ], [ 33.381954193115234, -14.021371841430664, 1137.8 ], [ 33.380771636962891, -14.021225929260254, 1133.7 ], [ 33.379550933837891, -14.021071434020996, 1132.4 ], [ 33.37841796875, -14.020943641662598, 1135.9 ], [ 33.377410888671875, -14.020831108093262, 1140.8 ], [ 33.37646484375, -14.020745277404785, 1142.6 ], [ 33.375469207763672, -14.020716667175293, 1147.0 ], [ 33.374530792236328, -14.02070426940918, 1149.8 ], [ 33.373508453369141, -14.020727157592773, 1150.2 ], [ 33.372463226318359, -14.020809173583984, 1152.1 ], [ 33.37152099609375, -14.020868301391602, 1153.4 ], [ 33.370574951171875, -14.020965576171875, 1152.2 ], [ 33.369525909423828, -14.021064758300781, 1150.4 ], [ 33.368381500244141, -14.021166801452637, 1148.5 ], [ 33.367256164550781, -14.021255493164062, 1145.5 ], [ 33.366176605224609, -14.021309852600098, 1143.8 ], [ 33.365104675292969, -14.021322250366211, 1142.0 ], [ 33.364051818847656, -14.021309852600098, 1140.8 ], [ 33.363014221191406, -14.021274566650391, 1138.6 ], [ 33.36199951171875, -14.021204948425293, 1136.9 ], [ 33.360946655273438, -14.021105766296387, 1135.7 ], [ 33.359851837158203, -14.021035194396973, 1132.3 ], [ 33.358833312988281, -14.020975112915039, 1130.1 ], [ 33.357963562011719, -14.020923614501953, 1127.7 ], [ 33.357131958007812, -14.020885467529297, 1124.5 ], [ 33.356330871582031, -14.020847320556641, 1121.3 ], [ 33.35552978515625, -14.020811080932617, 1119.0 ], [ 33.354728698730469, -14.020770072937012, 1115.8 ], [ 33.353927612304688, -14.020739555358887, 1113.1 ], [ 33.3531494140625, -14.020695686340332, 1109.9 ], [ 33.352619171142578, -14.02069091796875, 1110.0 ], [ 33.352344512939453, -14.020681381225586, 1109.9 ], [ 33.352039337158203, -14.02068042755127, 1109.5 ], [ 33.351455688476562, -14.020646095275879, 1112.8 ], [ 33.3507080078125, -14.020612716674805, 1115.4 ], [ 33.349910736083984, -14.020565032958984, 1117.4 ], [ 33.349056243896484, -14.020480155944824, 1119.7 ], [ 33.348079681396484, -14.02033519744873, 1121.9 ], [ 33.34698486328125, -14.02015209197998, 1125.1 ], [ 33.345817565917969, -14.019916534423828, 1128.2 ], [ 33.344608306884766, -14.019689559936523, 1130.6 ], [ 33.343372344970703, -14.019432067871094, 1132.6 ], [ 33.342155456542969, -14.019169807434082, 1135.1 ], [ 33.340927124023438, -14.018916130065918, 1136.4 ], [ 33.339675903320312, -14.018647193908691, 1136.9 ], [ 33.338394165039062, -14.018362045288086, 1137.7 ], [ 33.337135314941406, -14.018078804016113, 1139.1 ], [ 33.335865020751953, -14.017824172973633, 1139.9 ], [ 33.334541320800781, -14.017629623413086, 1140.8 ], [ 33.333168029785156, -14.01747989654541, 1141.8 ], [ 33.331813812255859, -14.01738452911377, 1142.4 ], [ 33.330524444580078, -14.017302513122559, 1142.8 ], [ 33.329261779785156, -14.017216682434082, 1142.1 ], [ 33.328037261962891, -14.017139434814453, 1142.4 ], [ 33.326793670654297, -14.017059326171875, 1143.0 ], [ 33.325592041015625, -14.016970634460449, 1142.9 ], [ 33.324382781982422, -14.016865730285645, 1142.3 ], [ 33.323211669921875, -14.016827583312988, 1142.9 ], [ 33.322017669677734, -14.016728401184082, 1142.1 ], [ 33.320766448974609, -14.016562461853027, 1141.5 ], [ 33.319526672363281, -14.016260147094727, 1141.8 ], [ 33.318321228027344, -14.015847206115723, 1144.4 ], [ 33.317192077636719, -14.015397071838379, 1146.8 ], [ 33.316032409667969, -14.014960289001465, 1148.9 ], [ 33.3148193359375, -14.014495849609375, 1151.6 ], [ 33.313571929931641, -14.014006614685059, 1153.5 ], [ 33.312328338623047, -14.013505935668945, 1153.1 ], [ 33.311061859130859, -14.013021469116211, 1153.3 ], [ 33.309738159179688, -14.012516975402832, 1153.9 ], [ 33.308406829833984, -14.011993408203125, 1155.4 ], [ 33.30712890625, -14.011429786682129, 1155.5 ], [ 33.305919647216797, -14.01080322265625, 1158.2 ], [ 33.304756164550781, -14.010130882263184, 1157.9 ], [ 33.303661346435547, -14.009410858154297, 1155.9 ], [ 33.302558898925781, -14.008623123168945, 1154.0 ], [ 33.301406860351562, -14.00782585144043, 1152.2 ], [ 33.300281524658203, -14.007028579711914, 1150.9 ], [ 33.299209594726562, -14.006267547607422, 1149.4 ], [ 33.298160552978516, -14.005489349365234, 1146.8 ], [ 33.297157287597656, -14.004624366760254, 1145.0 ], [ 33.296192169189453, -14.003657341003418, 1142.2 ], [ 33.295310974121094, -14.002612113952637, 1141.8 ], [ 33.294540405273438, -14.00150203704834, 1139.5 ], [ 33.293834686279297, -14.0003662109375, 1137.7 ], [ 33.293136596679688, -13.99924373626709, 1137.0 ], [ 33.292434692382812, -13.998159408569336, 1136.3 ], [ 33.291774749755859, -13.997119903564453, 1135.1 ], [ 33.291091918945312, -13.996057510375977, 1134.3 ], [ 33.290367126464844, -13.994929313659668, 1134.5 ], [ 33.28961181640625, -13.993756294250488, 1135.7 ], [ 33.288833618164062, -13.992571830749512, 1137.1 ], [ 33.288040161132812, -13.991374969482422, 1136.8 ], [ 33.287239074707031, -13.990159034729004, 1137.4 ], [ 33.286449432373047, -13.988962173461914, 1137.7 ], [ 33.285663604736328, -13.987788200378418, 1138.7 ], [ 33.284908294677734, -13.986644744873047, 1136.8 ], [ 33.284168243408203, -13.985537528991699, 1135.6 ], [ 33.283458709716797, -13.984465599060059, 1135.8 ], [ 33.282711029052734, -13.98340892791748, 1136.5 ], [ 33.281852722167969, -13.98240852355957, 1138.1 ], [ 33.280933380126953, -13.981478691101074, 1135.4 ], [ 33.279960632324219, -13.980621337890625, 1133.5 ], [ 33.278945922851562, -13.979880332946777, 1133.3 ], [ 33.278003692626953, -13.979202270507812, 1132.9 ], [ 33.277137756347656, -13.978577613830566, 1132.2 ], [ 33.276355743408203, -13.978031158447266, 1131.6 ], [ 33.275814056396484, -13.977643966674805, 1130.6 ], [ 33.275409698486328, -13.977364540100098, 1130.6 ], [ 33.275314331054688, -13.97728443145752, 1131.2 ], [ 33.274967193603516, -13.977031707763672, 1132.0 ], [ 33.274459838867188, -13.976664543151855, 1130.9 ], [ 33.273933410644531, -13.976289749145508, 1132.3 ], [ 33.273399353027344, -13.975906372070312, 1131.0 ], [ 33.272785186767578, -13.975464820861816, 1130.3 ], [ 33.272071838378906, -13.974953651428223, 1131.5 ], [ 33.271224975585938, -13.97435474395752, 1130.9 ], [ 33.270275115966797, -13.973688125610352, 1131.4 ], [ 33.269252777099609, -13.972955703735352, 1131.7 ], [ 33.268203735351562, -13.972197532653809, 1131.7 ], [ 33.267116546630859, -13.971416473388672, 1130.4 ], [ 33.266010284423828, -13.970590591430664, 1129.4 ], [ 33.264919281005859, -13.969748497009277, 1128.9 ], [ 33.263835906982422, -13.968904495239258, 1128.0 ], [ 33.262771606445312, -13.968058586120605, 1126.1 ], [ 33.261722564697266, -13.967212677001953, 1125.0 ], [ 33.260726928710938, -13.966411590576172, 1122.3 ], [ 33.259777069091797, -13.965641975402832, 1119.9 ], [ 33.258758544921875, -13.96481990814209, 1117.7 ], [ 33.257717132568359, -13.963979721069336, 1118.5 ], [ 33.256782531738281, -13.963232040405273, 1119.1 ], [ 33.2564697265625, -13.963011741638184, 1117.8 ], [ 33.256412506103516, -13.962984085083008, 1118.5 ], [ 33.256389617919922, -13.963030815124512, 1121.0 ], [ 33.25640869140625, -13.962986946105957, 1121.0 ], [ 33.256362915039062, -13.962930679321289, 1121.9 ], [ 33.256046295166016, -13.96265983581543, 1122.7 ], [ 33.255496978759766, -13.962212562561035, 1124.2 ], [ 33.254802703857422, -13.961661338806152, 1124.4 ], [ 33.254055023193359, -13.961043357849121, 1124.6 ], [ 33.253192901611328, -13.96035099029541, 1124.1 ], [ 33.252265930175781, -13.959621429443359, 1123.5 ], [ 33.251285552978516, -13.958882331848145, 1124.5 ], [ 33.250217437744141, -13.95814037322998, 1123.9 ], [ 33.249034881591797, -13.95738410949707, 1123.4 ], [ 33.247791290283203, -13.956606864929199, 1121.4 ], [ 33.246501922607422, -13.955826759338379, 1120.6 ], [ 33.245235443115234, -13.955055236816406, 1119.3 ], [ 33.243980407714844, -13.954290390014648, 1117.9 ], [ 33.242755889892578, -13.953535079956055, 1118.9 ], [ 33.241561889648438, -13.952781677246094, 1117.2 ], [ 33.240467071533203, -13.95195198059082, 1116.2 ], [ 33.239475250244141, -13.951088905334473, 1114.8 ], [ 33.238571166992188, -13.950126647949219, 1115.8 ], [ 33.23773193359375, -13.94910717010498, 1117.4 ], [ 33.236907958984375, -13.948070526123047, 1117.9 ], [ 33.236103057861328, -13.947027206420898, 1118.4 ], [ 33.235294342041016, -13.945986747741699, 1118.4 ], [ 33.234474182128906, -13.944925308227539, 1119.8 ], [ 33.233612060546875, -13.943826675415039, 1120.9 ], [ 33.232784271240234, -13.942788124084473, 1121.1 ], [ 33.232109069824219, -13.941936492919922, 1121.7 ], [ 33.231361389160156, -13.941045761108398, 1122.9 ], [ 33.230518341064453, -13.940123558044434, 1122.5 ], [ 33.229618072509766, -13.939208984375, 1122.4 ], [ 33.228652954101562, -13.938326835632324, 1122.1 ], [ 33.227588653564453, -13.937459945678711, 1121.6 ], [ 33.226444244384766, -13.936582565307617, 1122.3 ], [ 33.225250244140625, -13.935695648193359, 1122.9 ], [ 33.224067687988281, -13.934814453125, 1123.0 ], [ 33.222908020019531, -13.933951377868652, 1123.2 ], [ 33.221820831298828, -13.933140754699707, 1123.7 ], [ 33.220794677734375, -13.932377815246582, 1123.5 ], [ 33.219879150390625, -13.931639671325684, 1122.9 ], [ 33.218902587890625, -13.930835723876953, 1120.5 ], [ 33.217899322509766, -13.929913520812988, 1118.1 ], [ 33.216903686523438, -13.928938865661621, 1115.9 ], [ 33.215915679931641, -13.927924156188965, 1113.7 ], [ 33.214916229248047, -13.926874160766602, 1110.0 ], [ 33.213897705078125, -13.925827026367188, 1107.6 ], [ 33.212905883789062, -13.924770355224609, 1107.1 ], [ 33.211898803710938, -13.923712730407715, 1105.5 ], [ 33.210842132568359, -13.922720909118652, 1106.1 ], [ 33.209701538085938, -13.921860694885254, 1107.2 ], [ 33.208545684814453, -13.921172142028809, 1108.3 ], [ 33.207313537597656, -13.92055606842041, 1109.5 ], [ 33.20599365234375, -13.920070648193359, 1109.4 ], [ 33.204597473144531, -13.919696807861328, 1109.5 ], [ 33.203159332275391, -13.919400215148926, 1106.9 ], [ 33.201709747314453, -13.919101715087891, 1105.4 ], [ 33.200252532958984, -13.918785095214844, 1105.4 ], [ 33.198783874511719, -13.918477058410645, 1104.7 ], [ 33.197303771972656, -13.918262481689453, 1105.2 ], [ 33.195858001708984, -13.918187141418457, 1104.3 ], [ 33.194404602050781, -13.918234825134277, 1103.9 ], [ 33.1929931640625, -13.918388366699219, 1102.9 ], [ 33.19158935546875, -13.918683052062988, 1102.5 ], [ 33.190189361572266, -13.919008255004883, 1102.4 ], [ 33.188800811767578, -13.919325828552246, 1100.4 ], [ 33.187419891357422, -13.919639587402344, 1098.7 ], [ 33.186050415039062, -13.91996955871582, 1097.3 ], [ 33.184684753417969, -13.920278549194336, 1096.8 ], [ 33.183292388916016, -13.920600891113281, 1095.4 ], [ 33.181900024414062, -13.920923233032227, 1092.1 ], [ 33.180515289306641, -13.921243667602539, 1088.5 ], [ 33.179088592529297, -13.921575546264648, 1086.3 ], [ 33.177654266357422, -13.921875953674316, 1085.4 ], [ 33.176570892333984, -13.922063827514648, 1084.7 ], [ 33.175735473632812, -13.922181129455566, 1082.0 ], [ 33.175045013427734, -13.922264099121094, 1080.5 ], [ 33.174564361572266, -13.922307968139648, 1080.2 ], [ 33.174301147460938, -13.922318458557129, 1080.4 ], [ 33.174018859863281, -13.922331809997559, 1080.4 ], [ 33.173240661621094, -13.922381401062012, 1081.1 ], [ 33.172348022460938, -13.92238712310791, 1077.2 ], [ 33.17144775390625, -13.922405242919922, 1073.7 ], [ 33.170566558837891, -13.92241382598877, 1071.2 ], [ 33.169746398925781, -13.922444343566895, 1069.1 ], [ 33.168903350830078, -13.922468185424805, 1068.1 ], [ 33.168128967285156, -13.922473907470703, 1068.2 ], [ 33.167266845703125, -13.92249870300293, 1067.6 ], [ 33.166358947753906, -13.92252254486084, 1070.7 ], [ 33.165500640869141, -13.922544479370117, 1073.8 ], [ 33.164638519287109, -13.922540664672852, 1074.9 ], [ 33.163520812988281, -13.922571182250977, 1076.3 ], [ 33.1622314453125, -13.922589302062988, 1077.6 ], [ 33.160869598388672, -13.922571182250977, 1080.0 ], [ 33.159439086914062, -13.922457695007324, 1082.6 ], [ 33.157981872558594, -13.922307014465332, 1084.6 ], [ 33.156509399414062, -13.922088623046875, 1087.0 ], [ 33.155006408691406, -13.921907424926758, 1088.5 ], [ 33.153472900390625, -13.921690940856934, 1090.0 ], [ 33.151966094970703, -13.921487808227539, 1090.6 ], [ 33.150543212890625, -13.921317100524902, 1088.9 ], [ 33.149139404296875, -13.921114921569824, 1086.2 ], [ 33.147743225097656, -13.920900344848633, 1084.3 ], [ 33.146450042724609, -13.920711517333984, 1082.4 ], [ 33.145282745361328, -13.920475006103516, 1080.7 ], [ 33.144168853759766, -13.920229911804199, 1078.2 ], [ 33.142898559570312, -13.919912338256836, 1074.7 ], [ 33.141571044921875, -13.919559478759766, 1071.5 ], [ 33.140281677246094, -13.919227600097656, 1067.4 ], [ 33.139019012451172, -13.918898582458496, 1063.7 ], [ 33.137825012207031, -13.918581962585449, 1063.1 ], [ 33.136714935302734, -13.918293952941895, 1064.2 ], [ 33.135696411132812, -13.918020248413086, 1065.1 ], [ 33.135139465332031, -13.917876243591309, 1065.2 ], [ 33.135047912597656, -13.917845726013184, 1065.4 ], [ 33.134719848632812, -13.91774845123291, 1066.5 ], [ 33.134021759033203, -13.917574882507324, 1068.7 ], [ 33.133148193359375, -13.917336463928223, 1070.7 ], [ 33.132144927978516, -13.917072296142578, 1072.9 ], [ 33.131061553955078, -13.916793823242188, 1076.5 ], [ 33.129894256591797, -13.916509628295898, 1079.6 ], [ 33.128635406494141, -13.916203498840332, 1082.6 ], [ 33.127368927001953, -13.915914535522461, 1082.4 ], [ 33.126117706298828, -13.915629386901855, 1083.3 ], [ 33.124801635742188, -13.915334701538086, 1083.7 ], [ 33.123447418212891, -13.915030479431152, 1084.3 ], [ 33.12213134765625, -13.914740562438965, 1086.7 ], [ 33.120857238769531, -13.914460182189941, 1086.9 ], [ 33.119586944580078, -13.914130210876465, 1088.0 ], [ 33.118289947509766, -13.913690567016602, 1089.6 ], [ 33.116962432861328, -13.91309642791748, 1089.2 ], [ 33.115676879882812, -13.912385940551758, 1089.4 ], [ 33.114467620849609, -13.911572456359863, 1090.5 ], [ 33.113323211669922, -13.91065788269043, 1089.4 ], [ 33.112201690673828, -13.909722328186035, 1091.3 ], [ 33.111091613769531, -13.908801078796387, 1093.8 ], [ 33.109977722167969, -13.907879829406738, 1095.3 ], [ 33.108856201171875, -13.906955718994141, 1096.3 ], [ 33.107761383056641, -13.906042098999023, 1095.9 ], [ 33.106662750244141, -13.905111312866211, 1095.5 ], [ 33.105537414550781, -13.904183387756348, 1095.2 ], [ 33.104400634765625, -13.90323543548584, 1096.4 ], [ 33.103263854980469, -13.902252197265625, 1097.2 ], [ 33.102134704589844, -13.901237487792969, 1097.3 ], [ 33.101039886474609, -13.900233268737793, 1097.6 ], [ 33.100002288818359, -13.899265289306641, 1096.6 ], [ 33.099002838134766, -13.898344039916992, 1097.2 ], [ 33.098117828369141, -13.89751148223877, 1096.8 ], [ 33.097316741943359, -13.89676570892334, 1096.8 ], [ 33.096572875976562, -13.896089553833008, 1096.1 ], [ 33.095836639404297, -13.895392417907715, 1095.2 ], [ 33.095066070556641, -13.894680023193359, 1095.2 ], [ 33.094245910644531, -13.893893241882324, 1094.4 ], [ 33.093429565429688, -13.893009185791016, 1094.3 ], [ 33.092678070068359, -13.892046928405762, 1094.3 ], [ 33.091995239257812, -13.891036033630371, 1094.2 ], [ 33.091358184814453, -13.889907836914062, 1095.2 ], [ 33.090709686279297, -13.888759613037109, 1095.8 ], [ 33.090080261230469, -13.887569427490234, 1095.5 ], [ 33.089424133300781, -13.886360168457031, 1097.4 ], [ 33.088733673095703, -13.88511848449707, 1099.6 ], [ 33.088005065917969, -13.883817672729492, 1101.0 ], [ 33.087314605712891, -13.882529258728027, 1102.9 ], [ 33.086627960205078, -13.881317138671875, 1105.0 ], [ 33.086021423339844, -13.880182266235352, 1105.4 ], [ 33.085479736328125, -13.879111289978027, 1106.6 ], [ 33.084957122802734, -13.878066062927246, 1106.9 ], [ 33.084426879882812, -13.876948356628418, 1107.9 ], [ 33.083930969238281, -13.875857353210449, 1108.8 ], [ 33.083412170410156, -13.874722480773926, 1108.6 ], [ 33.082855224609375, -13.873547554016113, 1110.3 ], [ 33.082313537597656, -13.87230396270752, 1111.1 ], [ 33.081691741943359, -13.871033668518066, 1112.0 ], [ 33.081073760986328, -13.869702339172363, 1110.7 ], [ 33.080486297607422, -13.868449211120605, 1111.6 ], [ 33.079914093017578, -13.867350578308105, 1113.1 ], [ 33.079357147216797, -13.866393089294434, 1113.7 ], [ 33.07879638671875, -13.865401268005371, 1114.2 ], [ 33.07806396484375, -13.864359855651855, 1113.0 ], [ 33.077274322509766, -13.863297462463379, 1112.2 ], [ 33.076427459716797, -13.86225700378418, 1111.6 ], [ 33.075542449951172, -13.861191749572754, 1110.6 ], [ 33.074626922607422, -13.86008358001709, 1109.9 ], [ 33.073703765869141, -13.85894775390625, 1110.7 ], [ 33.072795867919922, -13.857814788818359, 1111.4 ], [ 33.071857452392578, -13.856667518615723, 1114.4 ], [ 33.070858001708984, -13.855565071105957, 1116.9 ], [ 33.069782257080078, -13.85453987121582, 1119.4 ], [ 33.068641662597656, -13.853608131408691, 1121.6 ], [ 33.067447662353516, -13.852816581726074, 1122.9 ], [ 33.066287994384766, -13.852163314819336, 1122.6 ], [ 33.065128326416016, -13.85151195526123, 1122.5 ], [ 33.063934326171875, -13.850832939147949, 1122.6 ], [ 33.062690734863281, -13.850112915039062, 1123.1 ], [ 33.061431884765625, -13.849410057067871, 1123.1 ], [ 33.060214996337891, -13.848719596862793, 1123.5 ], [ 33.059242248535156, -13.848163604736328, 1124.3 ], [ 33.058250427246094, -13.847518920898438, 1124.5 ], [ 33.057292938232422, -13.846774101257324, 1126.3 ], [ 33.056400299072266, -13.845999717712402, 1128.2 ], [ 33.055641174316406, -13.845198631286621, 1128.3 ], [ 33.054832458496094, -13.844315528869629, 1128.3 ], [ 33.053997039794922, -13.843426704406738, 1129.7 ], [ 33.053165435791016, -13.842522621154785, 1131.5 ], [ 33.052356719970703, -13.841640472412109, 1132.5 ], [ 33.051605224609375, -13.840851783752441, 1133.1 ], [ 33.050907135009766, -13.840085983276367, 1132.6 ], [ 33.050189971923828, -13.839337348937988, 1133.6 ], [ 33.049491882324219, -13.838605880737305, 1131.6 ], [ 33.048786163330078, -13.837863922119141, 1131.8 ], [ 33.048049926757812, -13.837114334106445, 1131.1 ], [ 33.047298431396484, -13.836347579956055, 1130.9 ], [ 33.046546936035156, -13.835623741149902, 1132.4 ], [ 33.045913696289062, -13.83497428894043, 1128.6 ], [ 33.04534912109375, -13.834412574768066, 1127.3 ], [ 33.04473876953125, -13.833841323852539, 1127.4 ], [ 33.044116973876953, -13.833231925964355, 1126.2 ], [ 33.043521881103516, -13.832638740539551, 1126.6 ], [ 33.043033599853516, -13.832156181335449, 1128.0 ], [ 33.042488098144531, -13.831616401672363, 1129.7 ], [ 33.042018890380859, -13.831149101257324, 1128.5 ], [ 33.041801452636719, -13.830904006958008, 1127.0 ], [ 33.041355133056641, -13.830440521240234, 1127.3 ], [ 33.040706634521484, -13.829856872558594, 1128.2 ], [ 33.039962768554688, -13.829154014587402, 1128.4 ], [ 33.039154052734375, -13.828384399414062, 1129.1 ], [ 33.038337707519531, -13.827590942382812, 1130.0 ], [ 33.037464141845703, -13.826762199401855, 1131.5 ], [ 33.036590576171875, -13.825937271118164, 1130.5 ], [ 33.035701751708984, -13.825093269348145, 1131.6 ], [ 33.034843444824219, -13.824239730834961, 1133.2 ], [ 33.034000396728516, -13.823419570922852, 1134.4 ], [ 33.033115386962891, -13.822628021240234, 1136.1 ], [ 33.032127380371094, -13.821913719177246, 1136.0 ], [ 33.031055450439453, -13.821310997009277, 1136.3 ], [ 33.029975891113281, -13.82081413269043, 1135.7 ], [ 33.028949737548828, -13.820412635803223, 1134.6 ], [ 33.02789306640625, -13.820082664489746, 1134.8 ], [ 33.026824951171875, -13.819769859313965, 1136.0 ], [ 33.025592803955078, -13.819458961486816, 1136.4 ], [ 33.024402618408203, -13.819149017333984, 1135.2 ], [ 33.023349761962891, -13.818864822387695, 1135.2 ], [ 33.022354125976562, -13.818562507629395, 1134.8 ], [ 33.021198272705078, -13.81824779510498, 1135.2 ], [ 33.020042419433594, -13.817933082580566, 1133.8 ], [ 33.018955230712891, -13.817597389221191, 1134.2 ], [ 33.017799377441406, -13.817234992980957, 1135.3 ], [ 33.016548156738281, -13.816844940185547, 1135.4 ], [ 33.015293121337891, -13.816437721252441, 1135.2 ], [ 33.014053344726562, -13.816061973571777, 1134.5 ], [ 33.012897491455078, -13.815708160400391, 1134.7 ], [ 33.011661529541016, -13.815320014953613, 1134.9 ], [ 33.010337829589844, -13.814902305603027, 1136.6 ], [ 33.008991241455078, -13.814485549926758, 1138.9 ], [ 33.007652282714844, -13.814064025878906, 1138.4 ], [ 33.006343841552734, -13.813566207885742, 1137.6 ], [ 33.005031585693359, -13.813039779663086, 1139.0 ], [ 33.003730773925781, -13.812440872192383, 1139.1 ], [ 33.002449035644531, -13.811820030212402, 1139.8 ], [ 33.001171112060547, -13.811182975769043, 1140.5 ], [ 32.999961853027344, -13.810572624206543, 1140.1 ], [ 32.998817443847656, -13.809978485107422, 1138.7 ], [ 32.997570037841797, -13.809374809265137, 1138.4 ], [ 32.996383666992188, -13.808796882629395, 1137.3 ], [ 32.995204925537109, -13.808199882507324, 1138.7 ], [ 32.994026184082031, -13.807651519775391, 1140.3 ], [ 32.993007659912109, -13.807165145874023, 1141.2 ], [ 32.992267608642578, -13.806793212890625, 1140.1 ], [ 32.991615295410156, -13.806466102600098, 1138.4 ], [ 32.990947723388672, -13.806136131286621, 1135.5 ], [ 32.990005493164062, -13.805648803710938, 1134.5 ], [ 32.988918304443359, -13.805136680603027, 1135.2 ], [ 32.987758636474609, -13.804729461669922, 1137.8 ], [ 32.986576080322266, -13.804466247558594, 1136.0 ], [ 32.985317230224609, -13.804291725158691, 1140.7 ], [ 32.984107971191406, -13.804214477539062, 1142.0 ], [ 32.982921600341797, -13.80426025390625, 1140.0 ], [ 32.981685638427734, -13.804370880126953, 1141.0 ], [ 32.980503082275391, -13.804490089416504, 1142.0 ], [ 32.979328155517578, -13.804620742797852, 1144.7 ], [ 32.978164672851562, -13.804677963256836, 1146.1 ], [ 32.977134704589844, -13.804701805114746, 1145.4 ], [ 32.976184844970703, -13.80467700958252, 1144.7 ], [ 32.975120544433594, -13.804653167724609, 1144.3 ], [ 32.97393798828125, -13.804586410522461, 1144.5 ], [ 32.97265625, -13.804478645324707, 1149.7 ], [ 32.971351623535156, -13.804349899291992, 1153.0 ], [ 32.970111846923828, -13.804226875305176, 1157.2 ], [ 32.968807220458984, -13.804028511047363, 1155.4 ], [ 32.967472076416016, -13.803756713867188, 1153.9 ], [ 32.966159820556641, -13.803394317626953, 1153.9 ], [ 32.964889526367188, -13.802987098693848, 1151.7 ], [ 32.963672637939453, -13.80256462097168, 1152.0 ], [ 32.962387084960938, -13.80211067199707, 1151.8 ], [ 32.961147308349609, -13.801643371582031, 1154.7 ], [ 32.959892272949219, -13.801200866699219, 1152.7 ], [ 32.958644866943359, -13.800735473632812, 1154.6 ], [ 32.957386016845703, -13.800295829772949, 1156.4 ], [ 32.956241607666016, -13.799890518188477, 1156.5 ], [ 32.955146789550781, -13.799515724182129, 1154.5 ], [ 32.954181671142578, -13.799154281616211, 1155.2 ], [ 32.9532470703125, -13.798823356628418, 1155.8 ], [ 32.952423095703125, -13.79853343963623, 1157.3 ], [ 32.951675415039062, -13.798253059387207, 1159.3 ], [ 32.950916290283203, -13.798005104064941, 1158.8 ], [ 32.950035095214844, -13.797685623168945, 1158.1 ], [ 32.948997497558594, -13.797314643859863, 1157.6 ], [ 32.947837829589844, -13.796892166137695, 1158.3 ], [ 32.946605682373047, -13.796445846557617, 1163.4 ], [ 32.945335388183594, -13.795984268188477, 1165.1 ], [ 32.944065093994141, -13.795523643493652, 1168.5 ], [ 32.942752838134766, -13.795053482055664, 1169.7 ], [ 32.941413879394531, -13.794576644897461, 1171.8 ], [ 32.940097808837891, -13.794099807739258, 1174.9 ], [ 32.938934326171875, -13.793692588806152, 1178.1 ], [ 32.9378662109375, -13.7933349609375, 1177.6 ], [ 32.936721801757812, -13.792981147766113, 1180.4 ], [ 32.935626983642578, -13.792675018310547, 1181.6 ], [ 32.93450927734375, -13.7923583984375, 1181.7 ], [ 32.933349609375, -13.792014122009277, 1182.5 ], [ 32.932159423828125, -13.791678428649902, 1183.1 ], [ 32.930961608886719, -13.791340827941895, 1184.9 ], [ 32.929763793945312, -13.791070938110352, 1186.0 ], [ 32.928695678710938, -13.790862083435059, 1185.8 ], [ 32.927574157714844, -13.790670394897461, 1186.1 ], [ 32.926471710205078, -13.790559768676758, 1185.0 ], [ 32.925327301025391, -13.790505409240723, 1184.8 ], [ 32.924270629882812, -13.790449142456055, 1182.6 ], [ 32.923255920410156, -13.790422439575195, 1178.3 ], [ 32.922313690185547, -13.790372848510742, 1177.1 ], [ 32.921329498291016, -13.790350914001465, 1175.1 ], [ 32.920234680175781, -13.790287017822266, 1171.3 ], [ 32.919055938720703, -13.790225982666016, 1170.5 ], [ 32.917858123779297, -13.790153503417969, 1173.0 ], [ 32.916675567626953, -13.790093421936035, 1172.7 ], [ 32.915477752685547, -13.790069580078125, 1174.0 ], [ 32.914264678955078, -13.790020942687988, 1180.0 ], [ 32.913116455078125, -13.789952278137207, 1183.8 ], [ 32.911983489990234, -13.78990650177002, 1186.2 ], [ 32.910938262939453, -13.789848327636719, 1189.2 ], [ 32.909881591796875, -13.789774894714355, 1189.9 ], [ 32.908798217773438, -13.789730072021484, 1192.5 ], [ 32.907707214355469, -13.789690017700195, 1193.5 ], [ 32.906612396240234, -13.789623260498047, 1195.5 ], [ 32.905517578125, -13.789591789245605, 1194.4 ], [ 32.904499053955078, -13.789544105529785, 1193.7 ], [ 32.903514862060547, -13.789484024047852, 1193.2 ], [ 32.902576446533203, -13.789492607116699, 1193.0 ], [ 32.901729583740234, -13.789577484130859, 1193.9 ], [ 32.90087890625, -13.789760589599609, 1193.8 ], [ 32.900009155273438, -13.789994239807129, 1195.5 ], [ 32.899158477783203, -13.790305137634277, 1195.2 ], [ 32.898422241210938, -13.790656089782715, 1193.4 ], [ 32.897613525390625, -13.791118621826172, 1194.0 ], [ 32.896793365478516, -13.79167652130127, 1194.8 ], [ 32.89599609375, -13.792221069335938, 1197.4 ], [ 32.895282745361328, -13.792695045471191, 1198.3 ], [ 32.894603729248047, -13.793180465698242, 1200.5 ], [ 32.894069671630859, -13.793529510498047, 1202.2 ], [ 32.893867492675781, -13.793661117553711, 1203.6 ], [ 32.89349365234375, -13.793912887573242, 1204.9 ], [ 32.892902374267578, -13.794323921203613, 1205.9 ], [ 32.892318725585938, -13.794723510742188, 1206.7 ], [ 32.891765594482422, -13.795108795166016, 1205.9 ], [ 32.891239166259766, -13.795466423034668, 1205.8 ], [ 32.890819549560547, -13.795753479003906, 1205.8 ], [ 32.890659332275391, -13.79582691192627, 1206.7 ], [ 32.890529632568359, -13.79593563079834, 1206.4 ], [ 32.890430450439453, -13.796022415161133, 1205.5 ], [ 32.890010833740234, -13.796294212341309, 1206.6 ], [ 32.889617919921875, -13.79655647277832, 1208.4 ], [ 32.88922119140625, -13.796832084655762, 1208.0 ], [ 32.888832092285156, -13.797236442565918, 1208.5 ], [ 32.888591766357422, -13.797698020935059, 1209.6 ], [ 32.888381958007812, -13.798331260681152, 1208.9 ], [ 32.888172149658203, -13.799017906188965, 1210.0 ], [ 32.887992858886719, -13.799587249755859, 1210.0 ], [ 32.887844085693359, -13.800079345703125, 1209.8 ], [ 32.887699127197266, -13.800538063049316, 1207.0 ], [ 32.887519836425781, -13.801081657409668, 1207.5 ], [ 32.887321472167969, -13.801616668701172, 1206.7 ], [ 32.886878967285156, -13.802126884460449, 1204.7 ], [ 32.886207580566406, -13.80250072479248, 1200.2 ], [ 32.885459899902344, -13.802623748779297, 1194.6 ], [ 32.885028839111328, -13.802550315856934, 1191.0 ], [ 32.884262084960938, -13.802384376525879, 1185.8 ], [ 32.883419036865234, -13.802209854125977, 1182.3 ], [ 32.882808685302734, -13.802087783813477, 1181.7 ], [ 32.882106781005859, -13.801943778991699, 1181.9 ], [ 32.881214141845703, -13.801752090454102, 1186.4 ], [ 32.880199432373047, -13.801540374755859, 1190.8 ], [ 32.879135131835938, -13.801313400268555, 1196.0 ], [ 32.878288269042969, -13.801068305969238, 1199.7 ], [ 32.877639770507812, -13.800761222839355, 1200.2 ], [ 32.876861572265625, -13.800371170043945, 1201.5 ], [ 32.875999450683594, -13.799891471862793, 1203.8 ], [ 32.875095367431641, -13.799394607543945, 1205.3 ], [ 32.874187469482422, -13.798877716064453, 1207.1 ], [ 32.873237609863281, -13.79839038848877, 1208.1 ], [ 32.872341156005859, -13.798002243041992, 1211.6 ], [ 32.871536254882812, -13.797764778137207, 1213.8 ], [ 32.870956420898438, -13.797601699829102, 1213.6 ], [ 32.870567321777344, -13.797464370727539, 1214.2 ], [ 32.870002746582031, -13.797295570373535, 1216.1 ], [ 32.869453430175781, -13.797120094299316, 1215.9 ], [ 32.868812561035156, -13.796931266784668, 1216.2 ], [ 32.867992401123047, -13.796684265136719, 1216.9 ], [ 32.867061614990234, -13.796381950378418, 1219.3 ], [ 32.866016387939453, -13.796053886413574, 1221.1 ], [ 32.864936828613281, -13.79572868347168, 1220.6 ], [ 32.863872528076172, -13.795392036437988, 1220.5 ], [ 32.862895965576172, -13.79509162902832, 1220.8 ], [ 32.861980438232422, -13.794802665710449, 1218.9 ], [ 32.861213684082031, -13.794553756713867, 1217.0 ], [ 32.860664367675781, -13.794381141662598, 1216.1 ], [ 32.860324859619141, -13.794282913208008, 1215.5 ], [ 32.860145568847656, -13.794227600097656, 1215.2 ], [ 32.859920501708984, -13.794139862060547, 1214.2 ], [ 32.859424591064453, -13.794000625610352, 1212.5 ], [ 32.858680725097656, -13.793757438659668, 1212.8 ], [ 32.857669830322266, -13.793422698974609, 1211.6 ], [ 32.856475830078125, -13.793075561523438, 1211.0 ], [ 32.855216979980469, -13.79268741607666, 1210.7 ], [ 32.853973388671875, -13.792312622070312, 1210.0 ], [ 32.852752685546875, -13.791934013366699, 1211.1 ], [ 32.851490020751953, -13.791526794433594, 1215.0 ], [ 32.850185394287109, -13.79112720489502, 1217.1 ], [ 32.848880767822266, -13.790718078613281, 1221.0 ], [ 32.847602844238281, -13.79032039642334, 1224.7 ], [ 32.8463134765625, -13.7899169921875, 1225.5 ], [ 32.844989776611328, -13.789515495300293, 1225.1 ], [ 32.843650817871094, -13.789092063903809, 1227.0 ], [ 32.84234619140625, -13.788673400878906, 1228.2 ], [ 32.841060638427734, -13.788269996643066, 1230.7 ], [ 32.839763641357422, -13.787888526916504, 1231.3 ], [ 32.838504791259766, -13.78746223449707, 1233.4 ], [ 32.837226867675781, -13.787088394165039, 1234.5 ], [ 32.835975646972656, -13.786684036254883, 1236.4 ], [ 32.83477783203125, -13.78632926940918, 1238.4 ], [ 32.833602905273438, -13.78596305847168, 1242.0 ], [ 32.832466125488281, -13.785589218139648, 1245.2 ], [ 32.831386566162109, -13.785133361816406, 1244.5 ], [ 32.830410003662109, -13.784482955932617, 1244.7 ], [ 32.829608917236328, -13.783617973327637, 1243.2 ], [ 32.829021453857422, -13.782611846923828, 1242.6 ], [ 32.828609466552734, -13.781682968139648, 1243.6 ], [ 32.828193664550781, -13.780811309814453, 1243.4 ], [ 32.827743530273438, -13.779848098754883, 1246.0 ], [ 32.827308654785156, -13.778902053833008, 1248.5 ], [ 32.826847076416016, -13.777915000915527, 1248.7 ], [ 32.826412200927734, -13.776925086975098, 1251.4 ], [ 32.825958251953125, -13.775907516479492, 1251.8 ], [ 32.825496673583984, -13.774874687194824, 1252.2 ], [ 32.825027465820312, -13.77387809753418, 1252.4 ], [ 32.824501037597656, -13.772879600524902, 1253.3 ], [ 32.823707580566406, -13.771977424621582, 1252.2 ], [ 32.822715759277344, -13.771249771118164, 1255.7 ], [ 32.821617126464844, -13.770635604858398, 1259.2 ], [ 32.82049560546875, -13.770015716552734, 1264.7 ], [ 32.819454193115234, -13.769420623779297, 1268.1 ], [ 32.818473815917969, -13.768871307373047, 1272.5 ], [ 32.817497253417969, -13.768333435058594, 1275.9 ], [ 32.816780090332031, -13.767894744873047, 1278.2 ], [ 32.816181182861328, -13.767475128173828, 1277.9 ], [ 32.815471649169922, -13.766857147216797, 1279.6 ], [ 32.814830780029297, -13.766158103942871, 1279.4 ], [ 32.814338684082031, -13.765475273132324, 1280.6 ], [ 32.813747406005859, -13.764687538146973, 1282.4 ], [ 32.813114166259766, -13.76384449005127, 1285.8 ], [ 32.812511444091797, -13.763036727905273, 1290.2 ], [ 32.811901092529297, -13.762223243713379, 1292.6 ], [ 32.811290740966797, -13.761415481567383, 1294.5 ], [ 32.810703277587891, -13.760629653930664, 1297.0 ], [ 32.81011962890625, -13.759873390197754, 1297.6 ], [ 32.809444427490234, -13.759169578552246, 1298.5 ], [ 32.808708190917969, -13.758504867553711, 1298.5 ], [ 32.807918548583984, -13.757798194885254, 1296.4 ], [ 32.807144165039062, -13.757108688354492, 1294.5 ], [ 32.806365966796875, -13.756446838378906, 1292.2 ], [ 32.805561065673828, -13.75596809387207, 1290.3 ], [ 32.804813385009766, -13.755768775939941, 1288.6 ], [ 32.804039001464844, -13.755681037902832, 1289.5 ], [ 32.803264617919922, -13.755605697631836, 1288.9 ], [ 32.802597045898438, -13.75553035736084, 1291.8 ], [ 32.801998138427734, -13.755365371704102, 1293.9 ], [ 32.801414489746094, -13.755133628845215, 1295.6 ], [ 32.8011474609375, -13.755014419555664, 1295.6 ], [ 32.800754547119141, -13.754831314086914, 1296.9 ], [ 32.800308227539062, -13.754619598388672, 1299.3 ], [ 32.799877166748047, -13.754422187805176, 1299.7 ], [ 32.799686431884766, -13.754326820373535, 1299.2 ], [ 32.799514770507812, -13.754237174987793, 1298.8 ], [ 32.799247741699219, -13.754103660583496, 1299.6 ], [ 32.798828125, -13.753931999206543, 1302.3 ], [ 32.798408508300781, -13.753767967224121, 1304.7 ], [ 32.798030853271484, -13.753558158874512, 1304.5 ], [ 32.797710418701172, -13.753389358520508, 1305.8 ], [ 32.797542572021484, -13.753291130065918, 1307.4 ], [ 32.797508239746094, -13.753246307373047, 1307.7 ], [ 32.797271728515625, -13.75302791595459, 1307.3 ], [ 32.79693603515625, -13.752712249755859, 1307.8 ], [ 32.796741485595703, -13.752482414245605, 1308.1 ], [ 32.79663094305284, -13.752286055781305, 1307.566193551318065 ], [ 32.796399577040731, -13.751915034177859, 0.0 ], [ 32.795959163995164, -13.750841044470242, 0.0 ], [ 32.79545307531999, -13.749452198067763, 0.0 ], [ 32.795250253522696, -13.74895383593725, 0.0 ], [ 32.795011185003261, -13.748371407176929, 1299.227793 ], [ 32.794952392578125, -13.74825382232666, 1298.5 ], [ 32.794780731201172, -13.747868537902832, 1301.5 ], [ 32.794643402099609, -13.747505187988281, 1301.2 ], [ 32.79449462890625, -13.747100830078125, 1300.8 ], [ 32.794296264648438, -13.746622085571289, 1299.6 ], [ 32.794082641601562, -13.746062278747559, 1299.1 ], [ 32.793846130371094, -13.745467185974121, 1296.8 ], [ 32.793594360351562, -13.744844436645508, 1295.2 ], [ 32.793338775634766, -13.744195938110352, 1292.8 ], [ 32.792972564697266, -13.743581771850586, 1289.5 ], [ 32.792503356933594, -13.743026733398438, 1287.7 ], [ 32.791969299316406, -13.742473602294922, 1284.8 ], [ 32.791400909423828, -13.741880416870117, 1281.5 ], [ 32.790802001953125, -13.741239547729492, 1278.3 ], [ 32.790199279785156, -13.740579605102539, 1276.7 ], [ 32.789596557617188, -13.739932060241699, 1275.5 ], [ 32.789009094238281, -13.739304542541504, 1273.5 ], [ 32.788436889648438, -13.738677024841309, 1273.0 ], [ 32.787860870361328, -13.738055229187012, 1271.7 ], [ 32.787281036376953, -13.737428665161133, 1271.5 ], [ 32.786724090576172, -13.736843109130859, 1270.4 ], [ 32.786220550537109, -13.736303329467773, 1270.6 ], [ 32.785667419433594, -13.735836982727051, 1271.0 ], [ 32.784946441650391, -13.735451698303223, 1271.0 ], [ 32.784294128417969, -13.735237121582031, 1272.0 ], [ 32.783649444580078, -13.735098838806152, 1273.9 ], [ 32.783206939697266, -13.735012054443359, 1274.9 ], [ 32.782871246337891, -13.734949111938477, 1274.8 ], [ 32.78228759765625, -13.73482608795166, 1274.4 ], [ 32.782077789306641, -13.734776496887207, 1273.5 ], [ 32.781715393066406, -13.734697341918945, 1272.9 ], [ 32.781330108642578, -13.734628677368164, 1272.8 ], [ 32.780979156494141, -13.734553337097168, 1273.3 ], [ 32.780483245849609, -13.734445571899414, 1272.2 ], [ 32.77978515625, -13.73430347442627, 1270.3 ], [ 32.779056549072266, -13.734161376953125, 1267.8 ], [ 32.778274536132812, -13.733999252319336, 1265.2 ], [ 32.777427673339844, -13.733827590942383, 1262.8 ], [ 32.776519775390625, -13.733652114868164, 1260.5 ], [ 32.775588989257812, -13.733463287353516, 1258.1 ], [ 32.774650573730469, -13.733274459838867, 1255.9 ], [ 32.773696899414062, -13.733081817626953, 1254.2 ], [ 32.772739410400391, -13.732892036437988, 1252.1 ], [ 32.771793365478516, -13.732697486877441, 1250.2 ], [ 32.770851135253906, -13.732504844665527, 1247.0 ], [ 32.769893646240234, -13.732314109802246, 1242.5 ], [ 32.769062042236328, -13.732142448425293, 1238.4 ], [ 32.768306732177734, -13.731992721557617, 1233.2 ], [ 32.767555236816406, -13.731840133666992, 1229.6 ], [ 32.766876220703125, -13.731697082519531, 1227.5 ], [ 32.766426086425781, -13.731610298156738, 1226.0 ], [ 32.766036987304688, -13.731533050537109, 1225.0 ], [ 32.765483856201172, -13.731424331665039, 1223.8 ], [ 32.764827728271484, -13.731244087219238, 1223.3 ], [ 32.764083862304688, -13.730989456176758, 1223.2 ], [ 32.763332366943359, -13.730647087097168, 1223.3 ], [ 32.762596130371094, -13.730212211608887, 1221.0 ], [ 32.761856079101562, -13.72976016998291, 1219.5 ], [ 32.761062622070312, -13.729279518127441, 1219.1 ], [ 32.760219573974609, -13.728775978088379, 1218.9 ], [ 32.759365081787109, -13.728249549865723, 1218.8 ], [ 32.758514404296875, -13.72773265838623, 1218.0 ], [ 32.757705688476562, -13.727207183837891, 1212.1 ], [ 32.756965637207031, -13.726600646972656, 1212.4 ], [ 32.756332397460938, -13.72591495513916, 1209.8 ], [ 32.755764007568359, -13.725159645080566, 1207.8 ], [ 32.755233764648438, -13.724371910095215, 1205.3 ], [ 32.754692077636719, -13.723583221435547, 1203.0 ], [ 32.754177093505859, -13.722795486450195, 1201.0 ], [ 32.753749847412109, -13.721978187561035, 1199.0 ], [ 32.753383636474609, -13.721146583557129, 1196.3 ], [ 32.753032684326172, -13.720340728759766, 1195.0 ], [ 32.752674102783203, -13.719533920288086, 1195.4 ], [ 32.752346038818359, -13.718788146972656, 1196.0 ], [ 32.751998901367188, -13.717976570129395, 1196.2 ], [ 32.751659393310547, -13.717205047607422, 1196.2 ], [ 32.751441955566406, -13.716730117797852, 1195.3 ], [ 32.751136779785156, -13.716034889221191, 1194.4 ], [ 32.75067138671875, -13.715249061584473, 1193.5 ], [ 32.750030517578125, -13.714512825012207, 1192.6 ], [ 32.749340057373047, -13.713794708251953, 1191.8 ], [ 32.748821258544922, -13.713257789611816, 1190.9 ], [ 32.748397827148438, -13.712808609008789, 1189.8 ], [ 32.747768402099609, -13.712150573730469, 1189.7 ], [ 32.747100830078125, -13.711453437805176, 1187.9 ], [ 32.746429443359375, -13.710755348205566, 1187.7 ], [ 32.745712280273438, -13.710005760192871, 1188.7 ], [ 32.745010375976562, -13.709271430969238, 1189.5 ], [ 32.744361877441406, -13.708587646484375, 1191.2 ], [ 32.743690490722656, -13.707891464233398, 1191.9 ], [ 32.742977142333984, -13.707148551940918, 1190.8 ], [ 32.742267608642578, -13.706486701965332, 1189.9 ], [ 32.741420745849609, -13.705997467041016, 1186.0 ], [ 32.740512847900391, -13.705604553222656, 1183.0 ], [ 32.739547729492188, -13.705185890197754, 1178.5 ], [ 32.738521575927734, -13.704726219177246, 1177.9 ], [ 32.737503051757812, -13.704262733459473, 1182.5 ], [ 32.736495971679688, -13.703813552856445, 1186.7 ], [ 32.735469818115234, -13.703350067138672, 1193.1 ], [ 32.734466552734375, -13.702903747558594, 1198.3 ], [ 32.733551025390625, -13.702488899230957, 1200.6 ], [ 32.732757568359375, -13.702139854431152, 1201.3 ], [ 32.732303619384766, -13.70196533203125, 1201.8 ], [ 32.732120513916016, -13.702035903930664, 1200.8 ], [ 32.732076179514038, -13.702076798594556, 1200.958280657393061 ] ] ] } }
]
}
